ticket,source,direction,open_time,close_time,open_dt,orig_limit_price,entry,limit_offset,filled,fill_time_m5,exit_px,sl_price,tp_price,size,orig_net,sim_net,delta,exit_reason,hold_hours
81078164,limit,sell,2026.05.22 07:21:42,2026.05.22 10:19:17,2026-05-22 07:21:42,4555.0,4553.0,2.0,False,,,,,0.01,0.0,0.0,0.0,no_fill,2.959722222222222
81078140,limit,sell,2026.05.22 07:21:21,2026.05.22 10:19:17,2026-05-22 07:21:21,4554.0,4552.0,2.0,False,,,,,0.01,0.0,0.0,0.0,no_fill,2.9655555555555555
81078106,limit,sell,2026.05.22 07:20:31,2026.05.22 10:19:18,2026-05-22 07:20:31,4553.0,4551.0,2.0,False,,,,,0.01,0.0,0.0,0.0,no_fill,2.979722222222222
81056154,limit,buy,2026.05.22 01:12:28,2026.05.22 07:03:00,2026-05-22 01:12:28,4514.0,4516.0,2.0,False,,,,,0.01,0.0,0.0,0.0,no_fill,5.842222222222222
81056145,limit,buy,2026.05.22 01:12:05,2026.05.22 07:02:56,2026-05-22 01:12:05,4515.0,4517.0,2.0,False,,,,,0.01,0.0,0.0,0.0,no_fill,5.8475
81056140,limit,buy,2026.05.22 01:11:46,2026.05.22 07:02:53,2026-05-22 01:11:46,4516.0,4518.0,2.0,False,,,,,0.01,0.0,0.0,0.0,no_fill,5.851944444444444
80992262,limit,buy,2026.05.21 13:03:39,2026.05.21 16:07:42,2026-05-21 13:03:39,4494.0,4496.0,2.0,False,,,,,0.01,0.0,0.0,0.0,no_fill,3.0675
80992238,limit,buy,2026.05.21 13:03:19,2026.05.21 16:07:47,2026-05-21 13:03:19,4495.0,4497.0,2.0,False,,,,,0.01,0.0,0.0,0.0,no_fill,3.0744444444444445
80992200,limit,buy,2026.05.21 13:02:38,2026.05.21 16:07:50,2026-05-21 13:02:38,4496.0,4498.0,2.0,False,,,,,0.01,0.0,0.0,0.0,no_fill,3.0866666666666664
80974256,limit,sell,2026.05.21 10:25:29,2026.05.21 19:03:46,2026-05-21 10:25:29,4543.0,4541.0,2.0,True,2026-05-21 09:15:00,4521.0,4546.0,4521.0,0.01,0.0,19.82,19.82,tp,8.638055555555555
80974202,limit,sell,2026.05.21 10:25:14,2026.05.21 19:03:44,2026-05-21 10:25:14,4542.0,4540.0,2.0,True,2026-05-21 09:10:00,4520.0,4545.0,4520.0,0.01,0.0,19.82,19.82,tp,8.641666666666667
80974029,limit,sell,2026.05.21 10:24:55,2026.05.21 19:03:43,2026-05-21 10:24:55,4541.0,4539.0,2.0,True,2026-05-21 09:10:00,4519.0,4544.0,4519.0,0.01,0.0,19.82,19.82,tp,8.646666666666667
80900806,limit,buy,2026.05.20 18:34:39,2026.05.21 01:09:58,2026-05-20 18:34:39,4451.5,4453.5,2.0,False,,,,,0.01,0.0,0.0,0.0,no_fill,6.588611111111111
80900754,limit,buy,2026.05.20 18:34:10,2026.05.21 01:10:01,2026-05-20 18:34:10,4450.5,4452.5,2.0,False,,,,,0.01,0.0,0.0,0.0,no_fill,6.5975
80900676,limit,buy,2026.05.20 18:33:17,2026.05.21 01:10:04,2026-05-20 18:33:17,4449.5,4451.5,2.0,False,,,,,0.01,0.0,0.0,0.0,no_fill,6.6130555555555555
80899815,limit,sell,2026.05.20 18:27:08,2026.05.21 01:09:48,2026-05-20 18:27:08,4553.0,4551.0,2.0,False,,,,,0.01,0.0,0.0,0.0,no_fill,6.711111111111111
80899722,limit,sell,2026.05.20 18:26:38,2026.05.21 01:09:51,2026-05-20 18:26:38,4554.0,4552.0,2.0,False,,,,,0.01,0.0,0.0,0.0,no_fill,6.720277777777778
80899445,limit,sell,2026.05.20 18:25:17,2026.05.21 01:09:54,2026-05-20 18:25:17,4555.0,4553.0,2.0,False,,,,,0.01,0.0,0.0,0.0,no_fill,6.743611111111111
80873280,limit,buy,2026.05.20 16:08:25,2026.05.20 17:16:05,2026-05-20 16:08:25,4465.0,4467.0,2.0,False,,,,,0.01,0.0,0.0,0.0,no_fill,1.1277777777777778
80873249,limit,buy,2026.05.20 16:08:09,2026.05.20 17:16:03,2026-05-20 16:08:09,4466.0,4468.0,2.0,True,2026-05-20 14:10:00,4488.0,4463.0,4488.0,0.01,0.0,19.82,19.82,tp,1.1316666666666666
80873171,limit,buy,2026.05.20 16:07:31,2026.05.20 17:16:01,2026-05-20 16:07:31,4467.0,4469.0,2.0,True,2026-05-20 14:10:00,4489.0,4464.0,4489.0,0.01,0.0,19.82,19.82,tp,1.1416666666666666
80749349,limit,sell,2026.05.19 16:42:26,2026.05.19 17:17:55,2026-05-19 16:42:26,4517.5,4515.5,2.0,False,,,,,0.01,0.0,0.0,0.0,no_fill,0.5913888888888889
80749246,limit,sell,2026.05.19 16:42:05,2026.05.19 17:17:51,2026-05-19 16:42:05,4516.5,4514.5,2.0,False,,,,,0.01,0.0,0.0,0.0,no_fill,0.5961111111111111
80749150,limit,sell,2026.05.19 16:41:46,2026.05.19 17:17:48,2026-05-19 16:41:46,4515.5,4513.5,2.0,True,2026-05-19 14:05:00,4493.5,4518.5,4493.5,0.01,0.0,19.82,19.82,tp,0.6005555555555555
80735996,limit,sell,2026.05.19 15:59:45,2026.05.19 16:37:22,2026-05-19 15:59:45,4572.0,4570.0,2.0,False,,,,,0.01,0.0,0.0,0.0,no_fill,0.6269444444444444
80735997,limit,sell,2026.05.19 15:59:45,2026.05.19 16:37:22,2026-05-19 15:59:45,4573.0,4571.0,2.0,False,,,,,0.01,0.0,0.0,0.0,no_fill,0.6269444444444444
80735853,limit,sell,2026.05.19 15:57:42,2026.05.19 16:37:22,2026-05-19 15:57:42,4571.0,4569.0,2.0,False,,,,,0.01,0.0,0.0,0.0,no_fill,0.6611111111111111
80721005,limit,sell,2026.05.19 13:37:55,2026.05.19 16:37:22,2026-05-19 13:37:55,4597.0,4595.0,2.0,False,,,,,0.01,0.0,0.0,0.0,no_fill,2.9908333333333332
80720970,limit,sell,2026.05.19 13:37:39,2026.05.19 16:39:55,2026-05-19 13:37:39,4596.0,4594.0,2.0,False,,,,,0.01,0.0,0.0,0.0,no_fill,3.037777777777778
80720962,limit,sell,2026.05.19 13:37:13,2026.05.19 16:40:00,2026-05-19 13:37:13,4595.0,4593.0,2.0,False,,,,,0.01,0.0,0.0,0.0,no_fill,3.046388888888889
80720375,limit,sell,2026.05.19 13:22:54,2026.05.19 16:01:31,2026-05-19 13:22:54,4587.0,4585.0,2.0,False,,,,,0.01,0.0,0.0,0.0,no_fill,2.643611111111111
80720359,limit,sell,2026.05.19 13:22:37,2026.05.19 16:01:19,2026-05-19 13:22:37,4586.0,4584.0,2.0,False,,,,,0.01,0.0,0.0,0.0,no_fill,2.645
80720351,limit,sell,2026.05.19 13:22:17,2026.05.19 16:01:16,2026-05-19 13:22:17,4585.0,4583.0,2.0,False,,,,,0.01,0.0,0.0,0.0,no_fill,2.649722222222222
80667126,limit,sell,2026.05.19 05:10:04,2026.05.19 07:12:03,2026-05-19 05:10:04,4581.0,4579.0,2.0,False,,,,,0.01,0.0,0.0,0.0,no_fill,2.0330555555555554
80667079,limit,sell,2026.05.19 05:09:41,2026.05.19 07:12:05,2026-05-19 05:09:41,4580.0,4578.0,2.0,False,,,,,0.01,0.0,0.0,0.0,no_fill,2.04
80667003,limit,sell,2026.05.19 05:09:20,2026.05.19 07:12:07,2026-05-19 05:09:20,4579.0,4577.0,2.0,False,,,,,0.01,0.0,0.0,0.0,no_fill,2.046388888888889
80615999,limit,buy,2026.05.18 16:18:51,2026.05.19 16:12:27,2026-05-18 16:18:51,4515.0,4517.0,2.0,True,2026-05-19 13:05:00,4512.0,4512.0,4537.0,0.01,0.0,-5.18,-5.18,sl,23.893333333333334
80615982,limit,buy,2026.05.18 16:18:34,2026.05.19 16:12:03,2026-05-18 16:18:34,4514.0,4516.0,2.0,True,2026-05-19 13:05:00,4511.0,4511.0,4536.0,0.01,0.0,-5.18,-5.18,sl,23.89138888888889
80615968,limit,buy,2026.05.18 16:18:20,2026.05.19 16:11:54,2026-05-18 16:18:20,4513.0,4515.0,2.0,True,2026-05-19 13:05:00,4510.0,4510.0,4535.0,0.01,0.0,-5.18,-5.18,sl,23.892777777777777
80614621,limit,sell,2026.05.18 16:04:45,2026.05.19 13:21:39,2026-05-18 16:04:45,4597.0,4595.0,2.0,False,,,,,0.01,0.0,0.0,0.0,no_fill,21.281666666666666
80614445,limit,sell,2026.05.18 16:03:34,2026.05.19 13:21:34,2026-05-18 16:03:34,4596.0,4594.0,2.0,False,,,,,0.01,0.0,0.0,0.0,no_fill,21.3
80614256,limit,sell,2026.05.18 16:02:35,2026.05.19 13:21:32,2026-05-18 16:02:35,4595.0,4593.0,2.0,False,,,,,0.01,0.0,0.0,0.0,no_fill,21.315833333333334
80577101,limit,buy,2026.05.18 10:09:17,2026.05.18 16:29:23,2026-05-18 10:09:17,4501.0,4503.0,2.0,False,,,,,0.01,0.0,0.0,0.0,no_fill,6.335
80576994,limit,buy,2026.05.18 10:08:45,2026.05.18 16:29:18,2026-05-18 10:08:45,4502.0,4504.0,2.0,False,,,,,0.01,0.0,0.0,0.0,no_fill,6.3425
80576971,limit,buy,2026.05.18 10:08:18,2026.05.18 16:29:16,2026-05-18 10:08:18,4503.0,4505.0,2.0,False,,,,,0.01,0.0,0.0,0.0,no_fill,6.349444444444444
80576933,limit,sell,2026.05.18 10:07:40,2026.05.18 16:27:59,2026-05-18 10:07:40,4583.0,4581.0,2.0,False,,,,,0.01,0.0,0.0,0.0,no_fill,6.338611111111111
80576918,limit,sell,2026.05.18 10:07:25,2026.05.18 16:27:56,2026-05-18 10:07:25,4582.0,4580.0,2.0,False,,,,,0.01,0.0,0.0,0.0,no_fill,6.341944444444445
80576897,limit,sell,2026.05.18 10:07:02,2026.05.18 16:27:53,2026-05-18 10:07:02,4581.0,4579.0,2.0,False,,,,,0.01,0.0,0.0,0.0,no_fill,6.3475
80513250,limit,sell,2026.05.18 01:21:31,2026.05.19 13:35:33,2026-05-18 01:21:31,4621.0,4619.0,2.0,False,,,,,0.01,0.0,0.0,0.0,no_fill,36.23388888888889
80513192,limit,sell,2026.05.18 01:21:00,2026.05.19 13:35:32,2026-05-18 01:21:00,4620.0,4618.0,2.0,False,,,,,0.01,0.0,0.0,0.0,no_fill,36.242222222222225
80513134,limit,sell,2026.05.18 01:20:25,2026.05.19 13:35:31,2026-05-18 01:20:25,4619.0,4617.0,2.0,False,,,,,0.01,0.0,0.0,0.0,no_fill,36.251666666666665
80468142,limit,sell,2026.05.15 16:03:32,2026.05.18 01:06:07,2026-05-15 16:03:32,4575.0,4573.0,2.0,False,,,,,0.01,0.0,0.0,0.0,no_fill,57.043055555555554
80468096,limit,sell,2026.05.15 16:03:09,2026.05.18 01:06:10,2026-05-15 16:03:09,4574.0,4572.0,2.0,False,,,,,0.01,0.0,0.0,0.0,no_fill,57.05027777777778
80468032,limit,sell,2026.05.15 16:02:53,2026.05.18 01:06:14,2026-05-15 16:02:53,4573.0,4571.0,2.0,False,,,,,0.01,0.0,0.0,0.0,no_fill,57.05583333333333
80448448,limit,sell,2026.05.15 12:58:35,2026.05.15 15:49:19,2026-05-15 12:58:35,4574.0,4572.0,2.0,True,2026-05-15 10:50:00,4552.0,4577.0,4552.0,0.01,0.0,19.82,19.82,tp,2.8455555555555554
80448423,limit,sell,2026.05.15 12:58:17,2026.05.15 15:49:15,2026-05-15 12:58:17,4573.0,4571.0,2.0,True,2026-05-15 10:50:00,4551.0,4576.0,4551.0,0.01,0.0,19.82,19.82,tp,2.8494444444444444
80364068,limit,sell,2026.05.15 01:20:17,2026.05.18 01:06:17,2026-05-15 01:20:17,4682.0,4680.0,2.0,False,,,,,0.01,0.0,0.0,0.0,no_fill,71.76666666666667
80364021,limit,sell,2026.05.15 01:19:58,2026.05.18 01:06:21,2026-05-15 01:19:58,4681.0,4679.0,2.0,False,,,,,0.01,0.0,0.0,0.0,no_fill,71.77305555555556
80364006,limit,sell,2026.05.15 01:19:28,2026.05.18 01:06:03,2026-05-15 01:19:28,4680.0,4678.0,2.0,False,,,,,0.01,0.0,0.0,0.0,no_fill,71.77638888888889
80323679,limit,sell,2026.05.14 15:53:00,2026.05.15 18:51:18,2026-05-14 15:53:00,4730.3,4728.3,2.0,False,,,,,0.01,0.0,0.0,0.0,no_fill,26.971666666666668
80323642,limit,sell,2026.05.14 15:52:43,2026.05.15 18:51:14,2026-05-14 15:52:43,4729.3,4727.3,2.0,False,,,,,0.01,0.0,0.0,0.0,no_fill,26.975277777777777
80323605,limit,sell,2026.05.14 15:52:12,2026.05.15 18:51:10,2026-05-14 15:52:12,4728.3,4726.3,2.0,False,,,,,0.01,0.0,0.0,0.0,no_fill,26.982777777777777
80233903,limit,buy,2026.05.13 19:13:34,2026.05.14 01:08:34,2026-05-13 19:13:34,4662.0,4664.0,2.0,False,,,,,0.01,0.0,0.0,0.0,no_fill,5.916666666666667
80233891,limit,buy,2026.05.13 19:13:16,2026.05.14 01:08:30,2026-05-13 19:13:16,4663.0,4665.0,2.0,False,,,,,0.01,0.0,0.0,0.0,no_fill,5.920555555555556
80233869,limit,buy,2026.05.13 19:12:53,2026.05.14 01:08:26,2026-05-13 19:12:53,4664.0,4666.0,2.0,False,,,,,0.01,0.0,0.0,0.0,no_fill,5.925833333333333
80211910,limit,sell,2026.05.13 16:09:44,2026.05.14 01:05:41,2026-05-13 16:09:44,4710.5,4708.5,2.0,True,2026-05-13 16:20:00,4688.5,4713.5,4688.5,0.01,0.0,19.82,19.82,tp,8.9325
80194917,limit,buy,2026.05.13 13:10:04,2026.05.13 16:39:48,2026-05-13 13:10:04,4661.3,4663.3,2.0,False,,,,,0.01,0.0,0.0,0.0,no_fill,3.4955555555555557
80194819,limit,buy,2026.05.13 13:09:49,2026.05.13 16:39:45,2026-05-13 13:09:49,4662.3,4664.3,2.0,False,,,,,0.01,0.0,0.0,0.0,no_fill,3.4988888888888887
80194493,limit,buy,2026.05.13 13:08:27,2026.05.13 16:39:41,2026-05-13 13:08:27,4663.3,4665.3,2.0,False,,,,,0.01,0.0,0.0,0.0,no_fill,3.5205555555555557
80194206,limit,sell,2026.05.13 13:05:41,2026.05.13 16:40:01,2026-05-13 13:05:41,4717.0,4715.0,2.0,False,,,,,0.01,0.0,0.0,0.0,no_fill,3.5722222222222224
80194191,limit,sell,2026.05.13 13:05:24,2026.05.13 16:39:57,2026-05-13 13:05:24,4716.0,4714.0,2.0,False,,,,,0.01,0.0,0.0,0.0,no_fill,3.575833333333333
80194165,limit,sell,2026.05.13 13:04:57,2026.05.13 16:39:53,2026-05-13 13:04:57,4715.0,4713.0,2.0,False,,,,,0.01,0.0,0.0,0.0,no_fill,3.582222222222222
80178334,limit,sell,2026.05.13 10:03:44,2026.05.13 10:04:13,2026-05-13 10:03:44,4714.0,4712.0,2.0,False,,,,,0.01,0.0,0.0,0.0,no_fill,0.008055555555555555
80178269,limit,sell,2026.05.13 10:03:15,2026.05.13 10:04:08,2026-05-13 10:03:15,4713.0,4711.0,2.0,False,,,,,0.01,0.0,0.0,0.0,no_fill,0.014722222222222222
80166150,limit,sell,2026.05.13 07:59:03,2026.05.13 09:18:12,2026-05-13 07:59:03,4735.5,4733.5,2.0,False,,,,,0.01,0.0,0.0,0.0,no_fill,1.3191666666666666
80166133,limit,sell,2026.05.13 07:58:40,2026.05.13 09:18:08,2026-05-13 07:58:40,4734.5,4732.5,2.0,False,,,,,0.01,0.0,0.0,0.0,no_fill,1.3244444444444445
80166061,limit,sell,2026.05.13 07:57:53,2026.05.13 09:18:03,2026-05-13 07:57:53,4733.5,4731.5,2.0,False,,,,,0.01,0.0,0.0,0.0,no_fill,1.336111111111111
80165949,limit,sell,2026.05.13 07:55:12,2026.05.13 09:16:13,2026-05-13 07:55:12,4715.5,4713.5,2.0,True,2026-05-13 06:15:00,4693.5,4718.5,4693.5,0.01,0.0,19.82,19.82,tp,1.3502777777777777
80165927,limit,sell,2026.05.13 07:54:59,2026.05.13 09:16:09,2026-05-13 07:54:59,4714.5,4712.5,2.0,True,2026-05-13 06:05:00,4692.5,4717.5,4692.5,0.01,0.0,19.82,19.82,tp,1.3527777777777779
80073464,limit,buy,2026.05.12 12:58:09,2026.05.12 17:10:23,2026-05-12 12:58:09,4674.0,4676.0,2.0,True,2026-05-12 14:00:00,4671.0,4671.0,4696.0,0.01,0.0,-5.18,-5.18,sl,4.203888888888889
80073456,limit,buy,2026.05.12 12:57:47,2026.05.12 17:10:19,2026-05-12 12:57:47,4675.0,4677.0,2.0,True,2026-05-12 13:55:00,4672.0,4672.0,4697.0,0.01,0.0,-5.18,-5.18,sl,4.208888888888889
80073414,limit,buy,2026.05.12 12:57:07,2026.05.12 17:10:14,2026-05-12 12:57:07,4676.0,4678.0,2.0,True,2026-05-12 13:55:00,4673.0,4673.0,4698.0,0.01,0.0,-5.18,-5.18,sl,4.2186111111111115
80060002,limit,sell,2026.05.12 10:14:11,2026.05.12 16:04:35,2026-05-12 10:14:11,4734.0,4732.0,2.0,False,,,,,0.01,0.0,0.0,0.0,no_fill,5.84
80059980,limit,sell,2026.05.12 10:13:57,2026.05.12 16:04:32,2026-05-12 10:13:57,4733.0,4731.0,2.0,False,,,,,0.01,0.0,0.0,0.0,no_fill,5.843055555555556
80059812,limit,sell,2026.05.12 10:12:14,2026.05.12 16:04:29,2026-05-12 10:12:14,4732.0,4730.0,2.0,False,,,,,0.01,0.0,0.0,0.0,no_fill,5.870833333333334
80059211,limit,buy,2026.05.12 10:09:05,2026.05.12 12:37:07,2026-05-12 10:09:05,4687.0,4689.0,2.0,False,,,,,0.01,0.0,0.0,0.0,no_fill,2.4672222222222224
80059132,limit,buy,2026.05.12 10:08:45,2026.05.12 12:37:04,2026-05-12 10:08:45,4688.0,4690.0,2.0,False,,,,,0.01,0.0,0.0,0.0,no_fill,2.4719444444444445
80059093,limit,buy,2026.05.12 10:08:27,2026.05.12 12:37:01,2026-05-12 10:08:27,4689.0,4691.0,2.0,False,,,,,0.01,0.0,0.0,0.0,no_fill,2.476111111111111
79876322,limit,buy,2026.05.11 01:14:46,2026.05.13 01:11:43,2026-05-11 01:14:46,4612.0,4614.0,2.0,False,,,,,0.01,0.0,0.0,0.0,no_fill,47.94916666666666
79876277,limit,buy,2026.05.11 01:14:25,2026.05.13 01:11:39,2026-05-11 01:14:25,4613.0,4615.0,2.0,False,,,,,0.01,0.0,0.0,0.0,no_fill,47.95388888888889
79876226,limit,buy,2026.05.11 01:14:00,2026.05.13 01:11:35,2026-05-11 01:14:00,4614.0,4616.0,2.0,False,,,,,0.01,0.0,0.0,0.0,no_fill,47.959722222222226
79818360,limit,buy,2026.05.08 14:24:24,2026.05.11 19:31:16,2026-05-08 14:24:24,4645.0,4647.0,2.0,False,,,,,0.01,0.0,0.0,0.0,no_fill,77.11444444444444
79818353,limit,buy,2026.05.08 14:24:06,2026.05.11 19:31:12,2026-05-08 14:24:06,4646.0,4648.0,2.0,False,,,,,0.01,0.0,0.0,0.0,no_fill,77.11833333333334
79818333,limit,buy,2026.05.08 14:23:28,2026.05.11 19:31:08,2026-05-08 14:23:28,4647.0,4649.0,2.0,True,2026-05-11 05:55:00,4669.0,4644.0,4669.0,0.01,0.0,19.82,19.82,tp,77.12777777777778
79811095,limit,buy,2026.05.08 12:52:31,2026.05.08 13:36:33,2026-05-08 12:52:31,4704.0,4706.0,2.0,False,,,,,0.01,0.0,0.0,0.0,no_fill,0.7338888888888889
79811080,limit,buy,2026.05.08 12:52:23,2026.05.08 13:37:06,2026-05-08 12:52:23,4705.0,4707.0,2.0,False,,,,,0.01,0.0,0.0,0.0,no_fill,0.7452777777777778
79811037,limit,buy,2026.05.08 12:52:11,2026.05.08 13:36:51,2026-05-08 12:52:11,4706.0,4708.0,2.0,True,2026-05-08 09:55:00,4728.0,4703.0,4728.0,0.01,0.0,19.82,19.82,tp,0.7444444444444445
79788132,limit,buy,2026.05.08 09:04:01,2026.05.08 09:11:03,2026-05-08 09:04:01,4714.0,4716.0,2.0,False,,,,,0.01,0.0,0.0,0.0,no_fill,0.11722222222222223
79788025,limit,buy,2026.05.08 09:03:36,2026.05.08 09:10:57,2026-05-08 09:03:36,4714.0,4716.0,2.0,False,,,,,0.01,0.0,0.0,0.0,no_fill,0.1225
79775448,limit,buy,2026.05.08 06:04:24,2026.05.08 13:36:45,2026-05-08 06:04:24,4688.0,4690.0,2.0,False,,,,,0.01,0.0,0.0,0.0,no_fill,7.539166666666667
79775424,limit,buy,2026.05.08 06:04:07,2026.05.08 13:36:36,2026-05-08 06:04:07,4688.0,4690.0,2.0,False,,,,,0.01,0.0,0.0,0.0,no_fill,7.541388888888889
79765188,limit,buy,2026.05.08 04:05:57,2026.05.08 13:36:43,2026-05-08 04:05:57,4659.5,4661.5,2.0,False,,,,,0.01,0.0,0.0,0.0,no_fill,9.512777777777778
79765143,limit,buy,2026.05.08 04:05:44,2026.05.08 13:36:39,2026-05-08 04:05:44,4664.5,4666.5,2.0,False,,,,,0.01,0.0,0.0,0.0,no_fill,9.515277777777778
79765103,limit,buy,2026.05.08 04:05:24,2026.05.08 13:36:48,2026-05-08 04:05:24,4669.5,4671.5,2.0,False,,,,,0.01,0.0,0.0,0.0,no_fill,9.523333333333333
79583913,limit,buy,2026.05.06 13:35:41,2026.05.07 01:17:11,2026-05-06 13:35:41,4650.5,4652.5,2.0,False,,,,,0.01,0.0,0.0,0.0,no_fill,11.691666666666666
79583899,limit,buy,2026.05.06 13:35:24,2026.05.08 13:36:56,2026-05-06 13:35:24,4615.0,4617.0,2.0,False,,,,,0.01,0.0,0.0,0.0,no_fill,48.025555555555556
79583877,limit,buy,2026.05.06 13:35:04,2026.05.07 01:13:25,2026-05-06 13:35:04,4654.5,4656.5,2.0,False,,,,,0.01,0.0,0.0,0.0,no_fill,11.639166666666666
79557466,limit,buy,2026.05.06 10:01:42,2026.05.08 13:36:59,2026-05-06 10:01:42,4620.0,4622.0,2.0,False,,,,,0.01,0.0,0.0,0.0,no_fill,51.588055555555556
79557406,limit,buy,2026.05.06 10:01:27,2026.05.08 13:37:03,2026-05-06 10:01:27,4625.0,4627.0,2.0,False,,,,,0.01,0.0,0.0,0.0,no_fill,51.593333333333334
79557384,limit,buy,2026.05.06 10:01:13,2026.05.07 01:13:21,2026-05-06 10:01:13,4614.5,4616.5,2.0,False,,,,,0.01,0.0,0.0,0.0,no_fill,15.202222222222222
79557214,limit,buy,2026.05.06 10:00:12,2026.05.08 13:37:13,2026-05-06 10:00:12,4647.0,4649.0,2.0,False,,,,,0.01,0.0,0.0,0.0,no_fill,51.61694444444444
79557091,limit,buy,2026.05.06 09:59:49,2026.05.08 13:37:17,2026-05-06 09:59:49,4652.0,4654.0,2.0,False,,,,,0.01,0.0,0.0,0.0,no_fill,51.62444444444444
79556977,limit,buy,2026.05.06 09:59:34,2026.05.08 13:37:22,2026-05-06 09:59:34,4657.0,4659.0,2.0,True,2026-05-06 07:10:00,4679.0,4654.0,4679.0,0.01,0.0,19.82,19.82,tp,51.63
79542903,limit,buy,2026.05.06 07:17:18,2026.05.06 09:58:04,2026-05-06 07:17:18,4607.0,4609.0,2.0,False,,,,,0.01,0.0,0.0,0.0,no_fill,2.6794444444444445
79542891,limit,buy,2026.05.06 07:17:06,2026.05.06 09:58:05,2026-05-06 07:17:06,4607.0,4609.0,2.0,False,,,,,0.01,0.0,0.0,0.0,no_fill,2.6830555555555557
79542880,limit,buy,2026.05.06 07:16:54,2026.05.06 09:58:07,2026-05-06 07:16:54,4607.0,4609.0,2.0,False,,,,,0.01,0.0,0.0,0.0,no_fill,2.6869444444444444
79542871,limit,buy,2026.05.06 07:16:39,2026.05.06 09:58:09,2026-05-06 07:16:39,4617.0,4619.0,2.0,False,,,,,0.01,0.0,0.0,0.0,no_fill,2.691666666666667
79542854,limit,buy,2026.05.06 07:16:24,2026.05.06 09:58:10,2026-05-06 07:16:24,4617.0,4619.0,2.0,False,,,,,0.01,0.0,0.0,0.0,no_fill,2.696111111111111
79542833,limit,buy,2026.05.06 07:16:12,2026.05.06 09:58:11,2026-05-06 07:16:12,4617.0,4619.0,2.0,False,,,,,0.01,0.0,0.0,0.0,no_fill,2.6997222222222224
79542815,limit,buy,2026.05.06 07:15:55,2026.05.06 09:58:01,2026-05-06 07:15:55,4627.0,4629.0,2.0,False,,,,,0.01,0.0,0.0,0.0,no_fill,2.7016666666666667
79542781,limit,buy,2026.05.06 07:15:39,2026.05.06 09:57:57,2026-05-06 07:15:39,4627.0,4629.0,2.0,False,,,,,0.01,0.0,0.0,0.0,no_fill,2.705
79542760,limit,buy,2026.05.06 07:15:27,2026.05.06 09:57:54,2026-05-06 07:15:27,4627.0,4629.0,2.0,False,,,,,0.01,0.0,0.0,0.0,no_fill,2.7075
79539629,limit,buy,2026.05.06 06:27:52,2026.05.06 10:03:44,2026-05-06 06:27:52,4602.0,4604.0,2.0,False,,,,,0.01,0.0,0.0,0.0,no_fill,3.597777777777778
79539607,limit,buy,2026.05.06 06:27:33,2026.05.06 10:03:43,2026-05-06 06:27:33,4607.0,4609.0,2.0,False,,,,,0.01,0.0,0.0,0.0,no_fill,3.602777777777778
79539551,limit,buy,2026.05.06 06:26:56,2026.05.06 10:03:42,2026-05-06 06:26:56,4612.0,4614.0,2.0,False,,,,,0.01,0.0,0.0,0.0,no_fill,3.6127777777777776
79525900,limit,buy,2026.05.06 04:00:33,2026.05.06 10:03:38,2026-05-06 04:00:33,4576.0,4578.0,2.0,False,,,,,0.01,0.0,0.0,0.0,no_fill,6.051388888888889
79525784,limit,buy,2026.05.06 04:00:10,2026.05.06 10:03:34,2026-05-06 04:00:10,4581.0,4583.0,2.0,False,,,,,0.01,0.0,0.0,0.0,no_fill,6.056666666666667
79525599,limit,buy,2026.05.06 03:59:42,2026.05.06 10:03:33,2026-05-06 03:59:42,4586.0,4588.0,2.0,False,,,,,0.01,0.0,0.0,0.0,no_fill,6.064166666666667
79484836,limit,buy,2026.05.05 16:34:38,2026.05.05 17:32:16,2026-05-05 16:34:38,4566.0,4568.0,2.0,True,2026-05-05 14:15:00,4563.0,4563.0,4588.0,0.01,0.0,-5.18,-5.18,sl,0.9605555555555556
79461298,limit,buy,2026.05.05 12:32:02,2026.05.06 06:26:32,2026-05-05 12:32:02,4506.0,4508.0,2.0,False,,,,,0.01,0.0,0.0,0.0,no_fill,17.908333333333335
79461269,limit,buy,2026.05.05 12:31:39,2026.05.06 06:26:28,2026-05-05 12:31:39,4511.0,4513.0,2.0,False,,,,,0.01,0.0,0.0,0.0,no_fill,17.913611111111113
79461253,limit,buy,2026.05.05 12:31:23,2026.05.06 06:26:23,2026-05-05 12:31:23,4516.0,4518.0,2.0,False,,,,,0.01,0.0,0.0,0.0,no_fill,17.916666666666668
79360706,limit,buy,2026.05.04 14:03:39,2026.05.04 16:05:53,2026-05-04 14:03:39,4536.0,4538.0,2.0,False,,,,,0.01,0.0,0.0,0.0,no_fill,2.0372222222222223
79360655,limit,buy,2026.05.04 14:03:19,2026.05.04 16:05:51,2026-05-04 14:03:19,4541.0,4543.0,2.0,False,,,,,0.01,0.0,0.0,0.0,no_fill,2.042222222222222
79360093,limit,buy,2026.05.04 14:00:39,2026.05.04 16:05:49,2026-05-04 14:00:39,4546.0,4548.0,2.0,False,,,,,0.01,0.0,0.0,0.0,no_fill,2.0861111111111112
79249337,limit,buy,2026.05.01 16:29:57,2026.05.01 23:50:40,2026-05-01 16:29:57,4561.0,4563.0,2.0,False,,,,,0.01,0.0,0.0,0.0,no_fill,7.345277777777778
79249288,limit,buy,2026.05.01 16:29:28,2026.05.01 23:50:44,2026-05-01 16:29:28,4561.0,4563.0,2.0,False,,,,,0.01,0.0,0.0,0.0,no_fill,7.354444444444445
79249189,limit,buy,2026.05.01 16:28:50,2026.05.01 23:50:47,2026-05-01 16:28:50,4571.0,4573.0,2.0,False,,,,,0.01,0.0,0.0,0.0,no_fill,7.365833333333334
79249166,limit,buy,2026.05.01 16:28:28,2026.05.01 23:50:52,2026-05-01 16:28:28,4571.0,4573.0,2.0,False,,,,,0.01,0.0,0.0,0.0,no_fill,7.373333333333333
79186734,limit,buy,2026.05.01 01:17:16,2026.05.01 23:50:55,2026-05-01 01:17:16,4556.0,4558.0,2.0,False,,,,,0.01,0.0,0.0,0.0,no_fill,22.560833333333335
79131537,limit,buy,2026.04.30 13:00:01,2026.04.30 13:04:39,2026-04-30 13:00:01,4576.2,4578.2,2.0,False,,,,,0.01,0.0,0.0,0.0,no_fill,0.07722222222222222
79131493,limit,buy,2026.04.30 12:59:36,2026.04.30 13:04:39,2026-04-30 12:59:36,4578.2,4580.2,2.0,False,,,,,0.01,0.0,0.0,0.0,no_fill,0.08416666666666667
79131468,limit,buy,2026.04.30 12:59:04,2026.04.30 13:04:25,2026-04-30 12:59:04,4580.2,4582.2,2.0,False,,,,,0.01,0.0,0.0,0.0,no_fill,0.08916666666666667
79091798,limit,buy,2026.04.30 06:43:06,2026.04.30 11:31:28,2026-04-30 06:43:06,4513.0,4515.0,2.0,False,,,,,0.01,0.0,0.0,0.0,no_fill,4.806111111111111
79091765,limit,buy,2026.04.30 06:42:54,2026.04.30 11:31:29,2026-04-30 06:42:54,4515.0,4517.0,2.0,False,,,,,0.01,0.0,0.0,0.0,no_fill,4.809722222222222
79091716,limit,buy,2026.04.30 06:42:01,2026.04.30 11:31:28,2026-04-30 06:42:01,4517.0,4519.0,2.0,False,,,,,0.01,0.0,0.0,0.0,no_fill,4.824166666666667
78991292,limit,buy,2026.04.29 12:09:21,2026.04.30 11:31:28,2026-04-29 12:09:21,4368.5,4370.5,2.0,False,,,,,0.01,0.0,0.0,0.0,no_fill,23.36861111111111
78991270,limit,buy,2026.04.29 12:09:07,2026.04.30 11:31:24,2026-04-29 12:09:07,4370.5,4372.5,2.0,False,,,,,0.01,0.0,0.0,0.0,no_fill,23.371388888888887
78991230,limit,buy,2026.04.29 12:08:33,2026.04.30 11:31:22,2026-04-29 12:08:33,4372.5,4374.5,2.0,False,,,,,0.01,0.0,0.0,0.0,no_fill,23.380277777777778
78991208,limit,buy,2026.04.29 12:08:09,2026.04.30 11:31:21,2026-04-29 12:08:09,4378.5,4380.5,2.0,False,,,,,0.01,0.0,0.0,0.0,no_fill,23.386666666666667
78991194,limit,buy,2026.04.29 12:07:53,2026.04.30 11:31:20,2026-04-29 12:07:53,4380.5,4382.5,2.0,False,,,,,0.01,0.0,0.0,0.0,no_fill,23.390833333333333
78991163,limit,buy,2026.04.29 12:07:29,2026.04.30 11:31:15,2026-04-29 12:07:29,4382.5,4384.5,2.0,False,,,,,0.01,0.0,0.0,0.0,no_fill,23.39611111111111
78991056,limit,buy,2026.04.29 12:06:34,2026.04.30 11:31:20,2026-04-29 12:06:34,4388.5,4390.5,2.0,False,,,,,0.01,0.0,0.0,0.0,no_fill,23.412777777777777
78991027,limit,buy,2026.04.29 12:06:18,2026.04.30 11:31:19,2026-04-29 12:06:18,4390.5,4392.5,2.0,False,,,,,0.01,0.0,0.0,0.0,no_fill,23.416944444444443
78990980,limit,buy,2026.04.29 12:05:39,2026.04.30 11:31:17,2026-04-29 12:05:39,4392.5,4394.5,2.0,False,,,,,0.01,0.0,0.0,0.0,no_fill,23.427222222222223
78828637,limit,sell,2026.04.28 10:31:41,2026.04.30 11:31:18,2026-04-28 10:31:41,4660.0,4658.0,2.0,False,,,,,0.01,0.0,0.0,0.0,no_fill,48.993611111111115
78828614,limit,sell,2026.04.28 10:31:29,2026.04.30 11:31:14,2026-04-28 10:31:29,4658.0,4656.0,2.0,False,,,,,0.01,0.0,0.0,0.0,no_fill,48.99583333333333
78828600,limit,sell,2026.04.28 10:31:17,2026.04.30 11:31:18,2026-04-28 10:31:17,4656.0,4654.0,2.0,False,,,,,0.01,0.0,0.0,0.0,no_fill,49.000277777777775
78780499,limit,sell,2026.04.28 01:08:10,2026.04.28 15:28:30,2026-04-28 01:08:10,4711.0,4709.0,2.0,False,,,,,0.01,0.0,0.0,0.0,no_fill,14.338888888888889
78780480,limit,sell,2026.04.28 01:07:57,2026.04.28 15:28:28,2026-04-28 01:07:57,4713.0,4711.0,2.0,False,,,,,0.01,0.0,0.0,0.0,no_fill,14.341944444444444
78780472,limit,sell,2026.04.28 01:07:34,2026.04.28 15:28:24,2026-04-28 01:07:34,4715.0,4713.0,2.0,False,,,,,0.01,0.0,0.0,0.0,no_fill,14.347222222222221
78666382,limit,sell,2026.04.27 01:17:36,2026.04.28 01:05:08,2026-04-27 01:17:36,4731.4,4729.4,2.0,True,2026-04-27 03:40:00,4709.4,4734.4,4709.4,0.01,0.0,19.82,19.82,tp,23.79222222222222
78666345,limit,sell,2026.04.27 01:16:18,2026.04.28 01:05:03,2026-04-27 01:16:18,4733.4,4731.4,2.0,False,,,,,0.01,0.0,0.0,0.0,no_fill,23.8125
78466503,limit,buy,2026.04.23 12:37:44,2026.04.24 23:50:53,2026-04-23 12:37:44,4603.0,4605.0,2.0,False,,,,,0.01,0.0,0.0,0.0,no_fill,35.219166666666666
78466481,limit,buy,2026.04.23 12:37:35,2026.04.24 23:50:56,2026-04-23 12:37:35,4605.0,4607.0,2.0,False,,,,,0.01,0.0,0.0,0.0,no_fill,35.2225
78466458,limit,buy,2026.04.23 12:37:22,2026.04.24 23:50:46,2026-04-23 12:37:22,4607.0,4609.0,2.0,False,,,,,0.01,0.0,0.0,0.0,no_fill,35.223333333333336
78466433,limit,buy,2026.04.23 12:37:09,2026.04.24 23:50:50,2026-04-23 12:37:09,4613.0,4615.0,2.0,False,,,,,0.01,0.0,0.0,0.0,no_fill,35.22805555555556
78466325,limit,buy,2026.04.23 12:35:49,2026.04.24 23:51:03,2026-04-23 12:35:49,4615.0,4617.0,2.0,False,,,,,0.01,0.0,0.0,0.0,no_fill,35.25388888888889
78466319,limit,buy,2026.04.23 12:35:39,2026.04.24 23:51:06,2026-04-23 12:35:39,4617.0,4619.0,2.0,False,,,,,0.01,0.0,0.0,0.0,no_fill,35.2575
78466307,limit,buy,2026.04.23 12:35:25,2026.04.24 23:51:10,2026-04-23 12:35:25,4623.0,4625.0,2.0,False,,,,,0.01,0.0,0.0,0.0,no_fill,35.2625
78466299,limit,buy,2026.04.23 12:35:15,2026.04.24 23:50:43,2026-04-23 12:35:15,4625.0,4627.0,2.0,False,,,,,0.01,0.0,0.0,0.0,no_fill,35.257777777777775
78466272,limit,buy,2026.04.23 12:34:52,2026.04.24 23:50:40,2026-04-23 12:34:52,4627.0,4629.0,2.0,False,,,,,0.01,0.0,0.0,0.0,no_fill,35.263333333333335
78461845,limit,sell,2026.04.23 11:57:38,2026.04.23 13:19:31,2026-04-23 11:57:38,4740.8,4738.8,2.0,False,,,,,0.01,0.0,0.0,0.0,no_fill,1.3647222222222222
78461780,limit,sell,2026.04.23 11:56:50,2026.04.23 13:19:25,2026-04-23 11:56:50,4738.8,4736.8,2.0,False,,,,,0.01,0.0,0.0,0.0,no_fill,1.3763888888888889
78461768,limit,sell,2026.04.23 11:56:34,2026.04.23 13:19:22,2026-04-23 11:56:34,4736.8,4734.8,2.0,False,,,,,0.01,0.0,0.0,0.0,no_fill,1.38
78382729,limit,sell,2026.04.22 19:08:28,2026.04.23 12:29:35,2026-04-22 19:08:28,4754.0,4752.0,2.0,True,2026-04-23 00:30:00,4732.0,4757.0,4732.0,0.01,0.0,19.82,19.82,tp,17.351944444444445
78382512,limit,buy,2026.04.22 19:05:57,2026.04.23 01:15:58,2026-04-22 19:05:57,4659.5,4661.5,2.0,False,,,,,0.01,0.0,0.0,0.0,no_fill,6.166944444444445
78382372,limit,buy,2026.04.22 19:05:03,2026.04.23 01:15:54,2026-04-22 19:05:03,4661.5,4663.5,2.0,False,,,,,0.01,0.0,0.0,0.0,no_fill,6.180833333333333
78382342,limit,buy,2026.04.22 19:04:48,2026.04.23 01:15:47,2026-04-22 19:04:48,4663.5,4665.5,2.0,False,,,,,0.01,0.0,0.0,0.0,no_fill,6.183055555555556
78381406,limit,buy,2026.04.22 18:53:41,2026.04.23 01:15:42,2026-04-22 18:53:41,4702.8,4704.8,2.0,False,,,,,0.01,0.0,0.0,0.0,no_fill,6.366944444444444
78381379,limit,buy,2026.04.22 18:53:19,2026.04.23 01:15:37,2026-04-22 18:53:19,4704.8,4706.8,2.0,False,,,,,0.01,0.0,0.0,0.0,no_fill,6.371666666666667
78381365,limit,buy,2026.04.22 18:53:03,2026.04.23 01:15:32,2026-04-22 18:53:03,4706.8,4708.8,2.0,False,,,,,0.01,0.0,0.0,0.0,no_fill,6.374722222222222
78309453,limit,buy,2026.04.22 06:34:45,2026.04.22 19:03:50,2026-04-22 06:34:45,4686.64,4688.64,2.0,False,,,,,0.01,0.0,0.0,0.0,no_fill,12.484722222222222
78309426,limit,buy,2026.04.22 06:34:19,2026.04.22 19:03:48,2026-04-22 06:34:19,4688.64,4690.64,2.0,False,,,,,0.01,0.0,0.0,0.0,no_fill,12.491388888888888
78309391,limit,buy,2026.04.22 06:33:47,2026.04.22 19:03:47,2026-04-22 06:33:47,4690.64,4692.64,2.0,False,,,,,0.01,0.0,0.0,0.0,no_fill,12.5
78309172,limit,buy,2026.04.22 06:31:55,2026.04.22 18:54:31,2026-04-22 06:31:55,4696.64,4698.64,2.0,False,,,,,0.01,0.0,0.0,0.0,no_fill,12.376666666666667
78309049,limit,buy,2026.04.22 06:30:24,2026.04.22 18:54:28,2026-04-22 06:30:24,4698.64,4700.64,2.0,False,,,,,0.01,0.0,0.0,0.0,no_fill,12.401111111111112
78308805,limit,buy,2026.04.22 06:29:27,2026.04.22 18:54:28,2026-04-22 06:29:27,4700.64,4702.64,2.0,False,,,,,0.01,0.0,0.0,0.0,no_fill,12.416944444444445
78308474,limit,buy,2026.04.22 06:26:14,2026.04.22 19:03:42,2026-04-22 06:26:14,4706.64,4708.64,2.0,False,,,,,0.01,0.0,0.0,0.0,no_fill,12.624444444444444
78308358,limit,buy,2026.04.22 06:24:40,2026.04.22 19:03:40,2026-04-22 06:24:40,4708.64,4710.64,2.0,False,,,,,0.01,0.0,0.0,0.0,no_fill,12.65
78308318,limit,buy,2026.04.22 06:24:11,2026.04.22 19:03:38,2026-04-22 06:24:11,4710.64,4712.64,2.0,False,,,,,0.01,0.0,0.0,0.0,no_fill,12.6575
78256448,limit,sell,2026.04.21 19:19:44,2026.04.22 01:19:52,2026-04-21 19:19:44,4772.0,4770.0,2.0,False,,,,,0.01,0.0,0.0,0.0,no_fill,6.002222222222223
78256422,limit,sell,2026.04.21 19:19:24,2026.04.22 01:19:55,2026-04-21 19:19:24,4770.0,4768.0,2.0,False,,,,,0.01,0.0,0.0,0.0,no_fill,6.008611111111111
78256396,limit,sell,2026.04.21 19:19:01,2026.04.22 01:19:59,2026-04-21 19:19:01,4768.0,4766.0,2.0,False,,,,,0.01,0.0,0.0,0.0,no_fill,6.016111111111111
78248105,limit,sell,2026.04.21 18:24:04,2026.04.22 01:20:03,2026-04-21 18:24:04,4763.0,4761.0,2.0,False,,,,,0.01,0.0,0.0,0.0,no_fill,6.933055555555556
78248049,limit,sell,2026.04.21 18:23:47,2026.04.22 01:20:07,2026-04-21 18:23:47,4761.0,4759.0,2.0,False,,,,,0.01,0.0,0.0,0.0,no_fill,6.938888888888889
78248006,limit,sell,2026.04.21 18:23:32,2026.04.22 01:20:11,2026-04-21 18:23:32,4759.0,4757.0,2.0,False,,,,,0.01,0.0,0.0,0.0,no_fill,6.944166666666667
78244240,limit,buy,2026.04.21 18:05:43,2026.04.22 01:26:15,2026-04-21 18:05:43,4663.0,4665.0,2.0,False,,,,,0.01,0.0,0.0,0.0,no_fill,7.342222222222222
78244122,limit,buy,2026.04.21 18:05:27,2026.04.22 01:26:19,2026-04-21 18:05:27,4665.0,4667.0,2.0,False,,,,,0.01,0.0,0.0,0.0,no_fill,7.347777777777778
78244068,limit,buy,2026.04.21 18:05:12,2026.04.22 01:26:22,2026-04-21 18:05:12,4667.0,4669.0,2.0,True,2026-04-21 19:40:00,4689.0,4664.0,4689.0,0.01,0.0,19.82,19.82,tp,7.352777777777778
78077642,limit,buy,2026.04.20 16:05:32,2026.04.20 16:13:19,2026-04-20 16:05:32,4773.0,4775.0,2.0,False,,,,,0.01,0.0,0.0,0.0,no_fill,0.1297222222222222
78077605,limit,buy,2026.04.20 16:05:18,2026.04.20 16:13:18,2026-04-20 16:05:18,4780.0,4782.0,2.0,False,,,,,0.01,0.0,0.0,0.0,no_fill,0.13333333333333333
78077558,limit,buy,2026.04.20 16:04:49,2026.04.20 16:13:14,2026-04-20 16:04:49,4787.0,4789.0,2.0,False,,,,,0.01,0.0,0.0,0.0,no_fill,0.14027777777777778
78050146,limit,sell,2026.04.20 11:31:44,2026.04.20 12:54:48,2026-04-20 11:31:44,4823.0,4821.0,2.0,False,,,,,0.01,0.0,0.0,0.0,no_fill,1.3844444444444444
78050128,limit,sell,2026.04.20 11:31:33,2026.04.20 12:54:46,2026-04-20 11:31:33,4818.0,4816.0,2.0,False,,,,,0.01,0.0,0.0,0.0,no_fill,1.3869444444444445
78050110,limit,sell,2026.04.20 11:31:19,2026.04.20 12:54:44,2026-04-20 11:31:19,4813.0,4811.0,2.0,False,,,,,0.01,0.0,0.0,0.0,no_fill,1.3902777777777777
78049948,limit,buy,2026.04.20 11:30:08,2026.04.21 01:14:26,2026-04-20 11:30:08,4750.0,4752.0,2.0,False,,,,,0.01,0.0,0.0,0.0,no_fill,13.738333333333333
78049906,limit,buy,2026.04.20 11:29:54,2026.04.21 01:14:22,2026-04-20 11:29:54,4755.0,4757.0,2.0,False,,,,,0.01,0.0,0.0,0.0,no_fill,13.741111111111111
78049892,limit,buy,2026.04.20 11:29:40,2026.04.21 01:14:17,2026-04-20 11:29:40,4760.0,4762.0,2.0,False,,,,,0.01,0.0,0.0,0.0,no_fill,13.743611111111111
77922050,limit,buy,2026.04.17 16:06:19,2026.04.17 16:09:27,2026-04-17 16:06:19,4821.7,4823.7,2.0,False,,,,,0.01,0.0,0.0,0.0,no_fill,0.052222222222222225
77854374,limit,sell,2026.04.17 05:03:22,2026.04.17 05:03:34,2026-04-17 05:03:22,4815.0,4813.0,2.0,False,,,,,0.01,0.0,0.0,0.0,no_fill,0.0033333333333333335
77854370,limit,sell,2026.04.17 05:03:16,2026.04.17 05:03:30,2026-04-17 05:03:16,4810.0,4808.0,2.0,False,,,,,0.01,0.0,0.0,0.0,no_fill,0.0038888888888888888
77822473,limit,buy,2026.04.16 18:57:12,2026.04.16 19:37:33,2026-04-16 18:57:12,4786.0,4788.0,2.0,True,2026-04-16 16:30:00,4783.0,4783.0,4808.0,0.01,0.0,-5.18,-5.18,sl,0.6725
77822415,limit,buy,2026.04.16 18:56:58,2026.04.16 19:37:32,2026-04-16 18:56:58,4786.0,4788.0,2.0,True,2026-04-16 16:30:00,4783.0,4783.0,4808.0,0.01,0.0,-5.18,-5.18,sl,0.6761111111111111
77822366,limit,buy,2026.04.16 18:56:44,2026.04.16 19:37:30,2026-04-16 18:56:44,4786.0,4788.0,2.0,True,2026-04-16 16:30:00,4783.0,4783.0,4808.0,0.01,0.0,-5.18,-5.18,sl,0.6794444444444444
77768685,limit,buy,2026.04.16 11:24:54,2026.04.16 13:57:38,2026-04-16 11:24:54,4804.5,4806.5,2.0,True,2026-04-16 08:30:00,4801.5,4801.5,4826.5,0.01,0.0,-5.18,-5.18,sl,2.5455555555555556
77768524,limit,buy,2026.04.16 11:22:49,2026.04.16 13:57:34,2026-04-16 11:22:49,4804.5,4806.5,2.0,True,2026-04-16 08:30:00,4801.5,4801.5,4826.5,0.01,0.0,-5.18,-5.18,sl,2.5791666666666666
77768508,limit,buy,2026.04.16 11:22:37,2026.04.16 13:57:29,2026-04-16 11:22:37,4804.5,4806.5,2.0,True,2026-04-16 08:30:00,4801.5,4801.5,4826.5,0.01,0.0,-5.18,-5.18,sl,2.581111111111111
77654656,limit,buy,2026.04.15 12:49:36,2026.04.15 16:04:35,2026-04-15 12:49:36,4754.8,4756.8,2.0,False,,,,,0.01,0.0,0.0,0.0,no_fill,3.249722222222222
77654545,limit,buy,2026.04.15 12:49:00,2026.04.17 04:26:22,2026-04-15 12:49:00,4765.0,4767.0,2.0,False,,,,,0.01,0.0,0.0,0.0,no_fill,39.62277777777778
77654485,limit,buy,2026.04.15 12:48:26,2026.04.17 04:26:17,2026-04-15 12:48:26,4765.0,4767.0,2.0,False,,,,,0.01,0.0,0.0,0.0,no_fill,39.630833333333335
77587963,limit,buy,2026.04.14 23:56:44,2026.04.15 10:06:59,2026-04-14 23:56:44,4803.0,4805.0,2.0,True,2026-04-15 07:00:00,4800.0,4800.0,4825.0,0.01,0.0,-5.18,-5.18,sl,10.170833333333333
77587957,limit,buy,2026.04.14 23:56:27,2026.04.15 10:06:57,2026-04-14 23:56:27,4803.0,4805.0,2.0,True,2026-04-15 07:00:00,4800.0,4800.0,4825.0,0.01,0.0,-5.18,-5.18,sl,10.175
77565250,limit,buy,2026.04.14 17:56:43,2026.04.15 10:13:14,2026-04-14 17:56:43,4803.0,4805.0,2.0,True,2026-04-14 15:00:00,4800.0,4800.0,4825.0,0.01,0.0,-5.18,-5.18,sl,16.275277777777777
77565076,limit,buy,2026.04.14 17:55:46,2026.04.15 05:49:52,2026-04-14 17:55:46,4820.0,4822.0,2.0,True,2026-04-14 15:00:00,4817.0,4817.0,4842.0,0.01,0.0,-5.18,-5.18,sl,11.901666666666667
77565031,limit,buy,2026.04.14 17:55:31,2026.04.15 05:49:48,2026-04-14 17:55:31,4820.0,4822.0,2.0,True,2026-04-14 15:00:00,4817.0,4817.0,4842.0,0.01,0.0,-5.18,-5.18,sl,11.904722222222222
77543604,limit,buy,2026.04.14 15:52:23,2026.04.14 19:58:54,2026-04-14 15:52:23,4751.0,4753.0,2.0,False,,,,,0.01,0.0,0.0,0.0,no_fill,4.108611111111111
77543570,limit,buy,2026.04.14 15:52:13,2026.04.14 19:58:50,2026-04-14 15:52:13,4751.0,4753.0,2.0,False,,,,,0.01,0.0,0.0,0.0,no_fill,4.110277777777778
77543429,limit,buy,2026.04.14 15:51:53,2026.04.14 19:58:46,2026-04-14 15:51:53,4751.0,4753.0,2.0,False,,,,,0.01,0.0,0.0,0.0,no_fill,4.114722222222222
77517933,limit,buy,2026.04.14 11:59:51,2026.04.14 12:50:30,2026-04-14 11:59:51,4770.0,4772.0,2.0,True,2026-04-14 09:30:00,4767.0,4767.0,4792.0,0.01,0.0,-5.18,-5.18,sl,0.8441666666666666
77517917,limit,buy,2026.04.14 11:59:39,2026.04.14 12:50:26,2026-04-14 11:59:39,4770.0,4772.0,2.0,True,2026-04-14 09:30:00,4767.0,4767.0,4792.0,0.01,0.0,-5.18,-5.18,sl,0.8463888888888889
77467092,limit,buy,2026.04.14 01:16:27,2026.04.14 23:54:50,2026-04-14 01:16:27,4675.0,4677.0,2.0,False,,,,,0.01,0.0,0.0,0.0,no_fill,22.639722222222222
77467083,limit,buy,2026.04.14 01:16:06,2026.04.14 23:54:46,2026-04-14 01:16:06,4675.0,4677.0,2.0,False,,,,,0.01,0.0,0.0,0.0,no_fill,22.644444444444446
77448567,limit,buy,2026.04.13 18:57:23,2026.04.14 23:54:43,2026-04-13 18:57:23,4675.0,4677.0,2.0,False,,,,,0.01,0.0,0.0,0.0,no_fill,28.955555555555556
77448535,limit,buy,2026.04.13 18:57:11,2026.04.14 23:54:40,2026-04-13 18:57:11,4685.0,4687.0,2.0,False,,,,,0.01,0.0,0.0,0.0,no_fill,28.958055555555557
77448492,limit,buy,2026.04.13 18:56:57,2026.04.14 23:54:37,2026-04-13 18:56:57,4685.0,4687.0,2.0,False,,,,,0.01,0.0,0.0,0.0,no_fill,28.961111111111112
77448476,limit,buy,2026.04.13 18:56:44,2026.04.14 23:54:33,2026-04-13 18:56:44,4685.0,4687.0,2.0,False,,,,,0.01,0.0,0.0,0.0,no_fill,28.96361111111111
77425506,limit,sell,2026.04.13 16:34:01,2026.04.13 18:56:20,2026-04-13 16:34:01,4770.0,4768.0,2.0,False,,,,,0.01,0.0,0.0,0.0,no_fill,2.3719444444444444
77425435,limit,sell,2026.04.13 16:33:43,2026.04.13 18:56:19,2026-04-13 16:33:43,4770.0,4768.0,2.0,False,,,,,0.01,0.0,0.0,0.0,no_fill,2.3766666666666665
77398166,limit,sell,2026.04.13 13:02:36,2026.04.13 18:56:17,2026-04-13 13:02:36,4750.0,4748.0,2.0,False,,,,,0.01,0.0,0.0,0.0,no_fill,5.894722222222223
77398156,limit,sell,2026.04.13 13:02:19,2026.04.13 18:56:17,2026-04-13 13:02:19,4750.0,4748.0,2.0,False,,,,,0.01,0.0,0.0,0.0,no_fill,5.899444444444445
77398074,limit,buy,2026.04.13 13:01:40,2026.04.13 18:56:14,2026-04-13 13:01:40,4663.0,4665.0,2.0,False,,,,,0.01,0.0,0.0,0.0,no_fill,5.9094444444444445
77398058,limit,buy,2026.04.13 13:01:21,2026.04.13 18:56:12,2026-04-13 13:01:21,4663.0,4665.0,2.0,False,,,,,0.01,0.0,0.0,0.0,no_fill,5.914166666666667
77384274,limit,buy,2026.04.13 10:49:43,2026.04.13 18:56:11,2026-04-13 10:49:43,4682.0,4684.0,2.0,False,,,,,0.01,0.0,0.0,0.0,no_fill,8.107777777777779
77384246,limit,buy,2026.04.13 10:49:28,2026.04.13 18:56:11,2026-04-13 10:49:28,4682.0,4684.0,2.0,False,,,,,0.01,0.0,0.0,0.0,no_fill,8.111944444444445
77287801,limit,buy,2026.04.10 16:01:43,2026.04.10 19:00:48,2026-04-10 16:01:43,4745.0,4747.0,2.0,False,,,,,0.01,0.0,0.0,0.0,no_fill,2.984722222222222
77287749,limit,buy,2026.04.10 16:01:18,2026.04.10 19:00:47,2026-04-10 16:01:18,4745.0,4747.0,2.0,False,,,,,0.01,0.0,0.0,0.0,no_fill,2.991388888888889
77287702,limit,buy,2026.04.10 16:01:01,2026.04.10 19:00:46,2026-04-10 16:01:01,4745.0,4747.0,2.0,False,,,,,0.01,0.0,0.0,0.0,no_fill,2.995833333333333
77191588,limit,buy,2026.04.09 17:00:09,2026.04.09 17:05:29,2026-04-09 17:00:09,4759.0,4761.0,2.0,False,,,,,0.01,0.0,0.0,0.0,no_fill,0.08888888888888889
77191520,limit,buy,2026.04.09 16:59:55,2026.04.09 17:05:27,2026-04-09 16:59:55,4759.0,4761.0,2.0,False,,,,,0.01,0.0,0.0,0.0,no_fill,0.09222222222222222
77191498,limit,buy,2026.04.09 16:59:39,2026.04.09 17:05:25,2026-04-09 16:59:39,4759.0,4761.0,2.0,False,,,,,0.01,0.0,0.0,0.0,no_fill,0.0961111111111111
77185031,limit,buy,2026.04.09 16:15:21,2026.04.09 18:31:07,2026-04-09 16:15:21,4713.0,4715.0,2.0,False,,,,,0.01,0.0,0.0,0.0,no_fill,2.262777777777778
77184951,limit,buy,2026.04.09 16:15:05,2026.04.09 18:31:02,2026-04-09 16:15:05,4713.0,4715.0,2.0,False,,,,,0.01,0.0,0.0,0.0,no_fill,2.265833333333333
77184896,limit,buy,2026.04.09 16:14:44,2026.04.09 18:30:59,2026-04-09 16:14:44,4713.0,4715.0,2.0,False,,,,,0.01,0.0,0.0,0.0,no_fill,2.2708333333333335
77064514,limit,buy,2026.04.08 15:58:50,2026.04.08 17:28:49,2026-04-08 15:58:50,4760.5,4762.5,2.0,True,2026-04-08 14:25:00,4757.5,4757.5,4782.5,0.01,0.0,-5.18,-5.18,sl,1.4997222222222222
77064503,limit,buy,2026.04.08 15:58:33,2026.04.08 17:28:46,2026-04-08 15:58:33,4760.5,4762.5,2.0,True,2026-04-08 14:25:00,4757.5,4757.5,4782.5,0.01,0.0,-5.18,-5.18,sl,1.503611111111111
77064473,limit,buy,2026.04.08 15:57:59,2026.04.08 17:28:44,2026-04-08 15:57:59,4760.5,4762.5,2.0,True,2026-04-08 14:25:00,4757.5,4757.5,4782.5,0.01,0.0,-5.18,-5.18,sl,1.5125
77044557,limit,buy,2026.04.08 12:58:24,2026.04.08 15:23:57,2026-04-08 12:58:24,4768.0,4770.0,2.0,True,2026-04-08 12:20:00,4790.0,4765.0,4790.0,0.01,0.0,19.82,19.82,tp,2.4258333333333333
77044515,limit,buy,2026.04.08 12:58:11,2026.04.08 15:24:03,2026-04-08 12:58:11,4768.0,4770.0,2.0,True,2026-04-08 12:20:00,4790.0,4765.0,4790.0,0.01,0.0,19.82,19.82,tp,2.431111111111111
77044495,limit,buy,2026.04.08 12:57:57,2026.04.08 15:24:06,2026-04-08 12:57:57,4768.0,4770.0,2.0,True,2026-04-08 12:20:00,4790.0,4765.0,4790.0,0.01,0.0,19.82,19.82,tp,2.4358333333333335
77024781,limit,buy,2026.04.08 10:02:56,2026.04.08 11:30:13,2026-04-08 10:02:56,4797.0,4799.0,2.0,True,2026-04-08 08:25:00,4794.0,4794.0,4819.0,0.01,0.0,-5.18,-5.18,sl,1.4547222222222222
77024741,limit,buy,2026.04.08 10:02:43,2026.04.08 11:30:18,2026-04-08 10:02:43,4797.0,4799.0,2.0,True,2026-04-08 08:25:00,4794.0,4794.0,4819.0,0.01,0.0,-5.18,-5.18,sl,1.4597222222222221
77024689,limit,buy,2026.04.08 10:02:28,2026.04.08 11:30:25,2026-04-08 10:02:28,4797.0,4799.0,2.0,True,2026-04-08 08:25:00,4794.0,4794.0,4819.0,0.01,0.0,-5.18,-5.18,sl,1.4658333333333333
76972830,limit,buy,2026.04.08 01:25:23,2026.04.10 23:50:46,2026-04-08 01:25:23,4671.0,4673.0,2.0,False,,,,,0.01,0.0,0.0,0.0,no_fill,70.42305555555555
76972827,limit,buy,2026.04.08 01:25:07,2026.04.10 23:50:41,2026-04-08 01:25:07,4671.0,4673.0,2.0,False,,,,,0.01,0.0,0.0,0.0,no_fill,70.42611111111111
76972810,limit,buy,2026.04.08 01:24:46,2026.04.10 23:50:51,2026-04-08 01:24:46,4671.0,4673.0,2.0,False,,,,,0.01,0.0,0.0,0.0,no_fill,70.43472222222222
76922064,limit,sell,2026.04.07 14:28:31,2026.04.07 19:15:36,2026-04-07 14:28:31,4672.0,4670.0,2.0,True,2026-04-07 12:20:00,4650.0,4675.0,4650.0,0.01,0.0,19.82,19.82,tp,4.784722222222222
76922044,limit,sell,2026.04.07 14:28:06,2026.04.07 19:15:37,2026-04-07 14:28:06,4672.0,4670.0,2.0,True,2026-04-07 12:20:00,4650.0,4675.0,4650.0,0.01,0.0,19.82,19.82,tp,4.791944444444445
76921993,limit,sell,2026.04.07 14:27:45,2026.04.07 19:15:38,2026-04-07 14:27:45,4672.0,4670.0,2.0,True,2026-04-07 12:20:00,4650.0,4675.0,4650.0,0.01,0.0,19.82,19.82,tp,4.798055555555556
76911784,limit,buy,2026.04.07 13:00:14,2026.04.07 13:54:36,2026-04-07 13:00:14,4648.0,4650.0,2.0,True,2026-04-07 10:45:00,4645.0,4645.0,4670.0,0.01,0.0,-5.18,-5.18,sl,0.9061111111111111
76911764,limit,buy,2026.04.07 13:00:03,2026.04.07 13:54:35,2026-04-07 13:00:03,4648.0,4650.0,2.0,True,2026-04-07 10:45:00,4645.0,4645.0,4670.0,0.01,0.0,-5.18,-5.18,sl,0.9088888888888889
76911711,limit,buy,2026.04.07 12:59:46,2026.04.07 13:54:34,2026-04-07 12:59:46,4648.0,4650.0,2.0,True,2026-04-07 10:45:00,4645.0,4645.0,4670.0,0.01,0.0,-5.18,-5.18,sl,0.9133333333333333
76795023,limit,buy,2026.04.06 11:22:09,2026.04.06 11:22:29,2026-04-06 11:22:09,4632.3,4634.3,2.0,False,,,,,0.01,0.0,0.0,0.0,no_fill,0.005555555555555556
76795009,limit,buy,2026.04.06 11:21:58,2026.04.06 11:22:28,2026-04-06 11:21:58,4632.3,4634.3,2.0,False,,,,,0.01,0.0,0.0,0.0,no_fill,0.008333333333333333
76794928,limit,buy,2026.04.06 11:21:16,2026.04.06 13:00:02,2026-04-06 11:21:16,4632.3,4634.3,2.0,False,,,,,0.01,0.0,0.0,0.0,no_fill,1.646111111111111
76794906,limit,buy,2026.04.06 11:21:02,2026.04.06 13:00:01,2026-04-06 11:21:02,4632.3,4634.3,2.0,False,,,,,0.01,0.0,0.0,0.0,no_fill,1.6497222222222223
76794896,limit,buy,2026.04.06 11:20:47,2026.04.06 13:00:00,2026-04-06 11:20:47,4632.3,4634.3,2.0,False,,,,,0.01,0.0,0.0,0.0,no_fill,1.6536111111111111
76749273,limit,sell,2026.04.06 01:19:41,2026.04.07 01:06:23,2026-04-06 01:19:41,4764.0,4762.0,2.0,False,,,,,0.01,0.0,0.0,0.0,no_fill,23.778333333333332
76749222,limit,sell,2026.04.06 01:18:46,2026.04.07 01:06:19,2026-04-06 01:18:46,4764.0,4762.0,2.0,False,,,,,0.01,0.0,0.0,0.0,no_fill,23.7925
76749206,limit,sell,2026.04.06 01:18:25,2026.04.07 01:06:16,2026-04-06 01:18:25,4764.0,4762.0,2.0,False,,,,,0.01,0.0,0.0,0.0,no_fill,23.7975
76749191,limit,sell,2026.04.06 01:18:03,2026.04.07 01:06:12,2026-04-06 01:18:03,4753.0,4751.0,2.0,False,,,,,0.01,0.0,0.0,0.0,no_fill,23.8025
76749164,limit,sell,2026.04.06 01:17:42,2026.04.07 01:06:08,2026-04-06 01:17:42,4753.0,4751.0,2.0,False,,,,,0.01,0.0,0.0,0.0,no_fill,23.807222222222222
76749013,limit,sell,2026.04.06 01:15:50,2026.04.07 01:06:05,2026-04-06 01:15:50,4753.0,4751.0,2.0,False,,,,,0.01,0.0,0.0,0.0,no_fill,23.8375
76724329,limit,sell,2026.04.02 19:03:32,2026.04.02 23:31:20,2026-04-02 19:03:32,4707.0,4705.0,2.0,False,,,,,0.01,0.0,0.0,0.0,no_fill,4.463333333333333
76724283,limit,sell,2026.04.02 19:02:55,2026.04.02 23:31:14,2026-04-02 19:02:55,4707.0,4705.0,2.0,False,,,,,0.01,0.0,0.0,0.0,no_fill,4.4719444444444445
76724252,limit,sell,2026.04.02 19:02:31,2026.04.02 23:31:11,2026-04-02 19:02:31,4707.0,4705.0,2.0,False,,,,,0.01,0.0,0.0,0.0,no_fill,4.477777777777778
76723993,limit,buy,2026.04.02 19:00:02,2026.04.02 23:31:06,2026-04-02 19:00:02,4634.5,4636.5,2.0,False,,,,,0.01,0.0,0.0,0.0,no_fill,4.517777777777778
76723949,limit,buy,2026.04.02 18:59:50,2026.04.02 23:31:03,2026-04-02 18:59:50,4634.5,4636.5,2.0,False,,,,,0.01,0.0,0.0,0.0,no_fill,4.520277777777777
76723936,limit,buy,2026.04.02 18:59:34,2026.04.02 23:30:59,2026-04-02 18:59:34,4634.5,4636.5,2.0,False,,,,,0.01,0.0,0.0,0.0,no_fill,4.523611111111111
76682499,limit,sell,2026.04.02 13:08:00,2026.04.02 16:07:06,2026-04-02 13:08:00,4649.7,4647.7,2.0,False,,,,,0.01,0.0,0.0,0.0,no_fill,2.985
76682492,limit,sell,2026.04.02 13:07:45,2026.04.02 16:07:09,2026-04-02 13:07:45,4649.7,4647.7,2.0,False,,,,,0.01,0.0,0.0,0.0,no_fill,2.99
76682476,limit,sell,2026.04.02 13:07:29,2026.04.02 16:07:14,2026-04-02 13:07:29,4649.7,4647.7,2.0,False,,,,,0.01,0.0,0.0,0.0,no_fill,2.995833333333333
76682453,limit,sell,2026.04.02 13:07:14,2026.04.02 16:07:02,2026-04-02 13:07:14,4643.7,4641.7,2.0,False,,,,,0.01,0.0,0.0,0.0,no_fill,2.9966666666666666
76682427,limit,sell,2026.04.02 13:07:00,2026.04.02 16:06:58,2026-04-02 13:07:00,4643.7,4641.7,2.0,False,,,,,0.01,0.0,0.0,0.0,no_fill,2.9994444444444444
76682405,limit,sell,2026.04.02 13:06:45,2026.04.02 16:06:52,2026-04-02 13:06:45,4643.7,4641.7,2.0,False,,,,,0.01,0.0,0.0,0.0,no_fill,3.0019444444444443
76668362,limit,buy,2026.04.02 10:22:21,2026.04.02 23:30:46,2026-04-02 10:22:21,4372.0,4374.0,2.0,False,,,,,0.01,0.0,0.0,0.0,no_fill,13.140277777777778
76668331,limit,buy,2026.04.02 10:22:08,2026.04.02 23:30:42,2026-04-02 10:22:08,4372.0,4374.0,2.0,False,,,,,0.01,0.0,0.0,0.0,no_fill,13.142777777777777
76668301,limit,buy,2026.04.02 10:21:49,2026.04.02 23:30:37,2026-04-02 10:21:49,4372.0,4374.0,2.0,False,,,,,0.01,0.0,0.0,0.0,no_fill,13.146666666666667
76596422,limit,buy,2026.04.01 19:07:23,2026.04.02 01:25:51,2026-04-01 19:07:23,4722.0,4724.0,2.0,False,,,,,0.01,0.0,0.0,0.0,no_fill,6.307777777777778
76596408,limit,buy,2026.04.01 19:07:03,2026.04.02 01:25:57,2026-04-01 19:07:03,4722.0,4724.0,2.0,False,,,,,0.01,0.0,0.0,0.0,no_fill,6.315
76596364,limit,buy,2026.04.01 19:06:13,2026.04.02 01:26:05,2026-04-01 19:06:13,4741.0,4743.0,2.0,True,2026-04-01 18:35:00,4763.0,4738.0,4763.0,0.01,0.0,19.82,19.82,tp,6.331111111111111
76596284,limit,buy,2026.04.01 19:04:59,2026.04.02 01:26:11,2026-04-01 19:04:59,4741.0,4743.0,2.0,True,2026-04-01 18:35:00,4763.0,4738.0,4763.0,0.01,0.0,19.82,19.82,tp,6.3533333333333335
76542983,limit,buy,2026.04.01 10:09:03,2026.04.02 01:27:41,2026-04-01 10:09:03,4685.5,4687.5,2.0,False,,,,,0.01,0.0,0.0,0.0,no_fill,15.310555555555556
76542958,limit,buy,2026.04.01 10:08:48,2026.04.02 01:27:47,2026-04-01 10:08:48,4685.5,4687.5,2.0,False,,,,,0.01,0.0,0.0,0.0,no_fill,15.31638888888889
76542931,limit,buy,2026.04.01 10:08:34,2026.04.02 01:27:52,2026-04-01 10:08:34,4685.5,4687.5,2.0,False,,,,,0.01,0.0,0.0,0.0,no_fill,15.321666666666667
76542758,limit,buy,2026.04.01 10:07:20,2026.04.02 04:24:39,2026-04-01 10:07:20,4697.7,4699.7,2.0,False,,,,,0.01,0.0,0.0,0.0,no_fill,18.288611111111113
76542711,limit,buy,2026.04.01 10:07:06,2026.04.02 04:24:35,2026-04-01 10:07:06,4697.7,4699.7,2.0,False,,,,,0.01,0.0,0.0,0.0,no_fill,18.29138888888889
76542670,limit,buy,2026.04.01 10:06:52,2026.04.02 04:24:31,2026-04-01 10:06:52,4697.7,4699.7,2.0,False,,,,,0.01,0.0,0.0,0.0,no_fill,18.294166666666666
76504826,limit,buy,2026.04.01 01:39:05,2026.04.02 01:29:19,2026-04-01 01:39:05,4598.0,4600.0,2.0,False,,,,,0.01,0.0,0.0,0.0,no_fill,23.837222222222223
76504805,limit,buy,2026.04.01 01:38:46,2026.04.02 01:29:14,2026-04-01 01:38:46,4598.0,4600.0,2.0,False,,,,,0.01,0.0,0.0,0.0,no_fill,23.84111111111111
76504637,limit,buy,2026.04.01 01:38:12,2026.04.02 01:29:10,2026-04-01 01:38:12,4598.0,4600.0,2.0,False,,,,,0.01,0.0,0.0,0.0,no_fill,23.849444444444444
76504563,limit,buy,2026.04.01 01:36:45,2026.04.02 01:29:05,2026-04-01 01:36:45,4617.0,4619.0,2.0,False,,,,,0.01,0.0,0.0,0.0,no_fill,23.872222222222224
76504538,limit,buy,2026.04.01 01:36:22,2026.04.02 01:29:01,2026-04-01 01:36:22,4617.0,4619.0,2.0,False,,,,,0.01,0.0,0.0,0.0,no_fill,23.8775
76504530,limit,buy,2026.04.01 01:35:40,2026.04.02 01:28:56,2026-04-01 01:35:40,4617.0,4619.0,2.0,False,,,,,0.01,0.0,0.0,0.0,no_fill,23.887777777777778
76480545,limit,buy,2026.03.31 18:04:17,2026.03.31 19:41:23,2026-03-31 18:04:17,4582.5,4584.5,2.0,False,,,,,0.01,0.0,0.0,0.0,no_fill,1.6183333333333334
76480521,limit,buy,2026.03.31 18:04:02,2026.03.31 19:41:26,2026-03-31 18:04:02,4582.5,4584.5,2.0,False,,,,,0.01,0.0,0.0,0.0,no_fill,1.6233333333333333
76480489,limit,buy,2026.03.31 18:03:41,2026.03.31 19:41:31,2026-03-31 18:03:41,4582.5,4584.5,2.0,False,,,,,0.01,0.0,0.0,0.0,no_fill,1.6305555555555555
76465408,limit,buy,2026.03.31 16:03:50,2026.03.31 18:48:23,2026-03-31 16:03:50,4544.0,4546.0,2.0,False,,,,,0.01,0.0,0.0,0.0,no_fill,2.7425
76465390,limit,buy,2026.03.31 16:03:38,2026.03.31 18:48:21,2026-03-31 16:03:38,4544.0,4546.0,2.0,False,,,,,0.01,0.0,0.0,0.0,no_fill,2.745277777777778
76465378,limit,buy,2026.03.31 16:03:25,2026.03.31 18:48:19,2026-03-31 16:03:25,4544.0,4546.0,2.0,False,,,,,0.01,0.0,0.0,0.0,no_fill,2.7483333333333335
76449146,limit,buy,2026.03.31 12:45:59,2026.04.01 01:34:57,2026-03-31 12:45:59,4486.0,4488.0,2.0,False,,,,,0.01,0.0,0.0,0.0,no_fill,12.81611111111111
76449129,limit,buy,2026.03.31 12:45:37,2026.04.01 01:35:00,2026-03-31 12:45:37,4486.0,4488.0,2.0,False,,,,,0.01,0.0,0.0,0.0,no_fill,12.823055555555555
76449117,limit,buy,2026.03.31 12:45:23,2026.04.01 01:35:03,2026-03-31 12:45:23,4486.0,4488.0,2.0,False,,,,,0.01,0.0,0.0,0.0,no_fill,12.827777777777778
76331238,limit,buy,2026.03.30 09:51:49,2026.04.01 01:35:07,2026-03-30 09:51:49,4473.0,4475.0,2.0,False,,,,,0.01,0.0,0.0,0.0,no_fill,39.721666666666664
76331222,limit,buy,2026.03.30 09:51:37,2026.04.01 01:35:10,2026-03-30 09:51:37,4473.0,4475.0,2.0,False,,,,,0.01,0.0,0.0,0.0,no_fill,39.725833333333334
76331208,limit,buy,2026.03.30 09:51:26,2026.04.01 01:35:13,2026-03-30 09:51:26,4473.0,4475.0,2.0,False,,,,,0.01,0.0,0.0,0.0,no_fill,39.72972222222222
76331149,limit,buy,2026.03.30 09:50:47,2026.03.31 01:20:53,2026-03-30 09:50:47,4493.0,4495.0,2.0,True,2026-03-30 19:00:00,4515.0,4490.0,4515.0,0.01,0.0,19.82,19.82,tp,15.501666666666667
76331108,limit,buy,2026.03.30 09:50:24,2026.03.31 01:20:49,2026-03-30 09:50:24,4493.0,4495.0,2.0,True,2026-03-30 19:00:00,4515.0,4490.0,4515.0,0.01,0.0,19.82,19.82,tp,15.506944444444445
76331069,limit,buy,2026.03.30 09:50:08,2026.03.31 01:20:43,2026-03-30 09:50:08,4493.0,4495.0,2.0,True,2026-03-30 19:00:00,4515.0,4490.0,4515.0,0.01,0.0,19.82,19.82,tp,15.509722222222223
76287926,limit,sell,2026.03.30 01:10:37,2026.03.30 14:54:09,2026-03-30 01:10:37,4581.0,4579.0,2.0,True,2026-03-30 11:50:00,4559.0,4584.0,4559.0,0.01,0.0,19.82,19.82,tp,13.725555555555555
76287905,limit,sell,2026.03.30 01:10:16,2026.03.30 14:54:08,2026-03-30 01:10:16,4581.0,4579.0,2.0,True,2026-03-30 11:50:00,4559.0,4584.0,4559.0,0.01,0.0,19.82,19.82,tp,13.731111111111112
76287830,limit,sell,2026.03.30 01:09:35,2026.03.30 14:54:06,2026-03-30 01:09:35,4581.0,4579.0,2.0,True,2026-03-30 11:50:00,4559.0,4584.0,4559.0,0.01,0.0,19.82,19.82,tp,13.741944444444444
76221912,limit,buy,2026.03.27 13:10:18,2026.03.27 16:00:26,2026-03-27 13:10:18,4387.1,4389.1,2.0,False,,,,,0.01,0.0,0.0,0.0,no_fill,2.8355555555555556
76221864,limit,buy,2026.03.27 13:09:32,2026.03.27 16:00:24,2026-03-27 13:09:32,4387.1,4389.1,2.0,False,,,,,0.01,0.0,0.0,0.0,no_fill,2.847777777777778
76221810,limit,buy,2026.03.27 13:09:11,2026.03.27 16:00:23,2026-03-27 13:09:11,4387.1,4389.1,2.0,False,,,,,0.01,0.0,0.0,0.0,no_fill,2.8533333333333335
76221657,limit,sell,2026.03.27 13:06:24,2026.03.27 16:00:22,2026-03-27 13:06:24,4468.2,4466.2,2.0,False,,,,,0.01,0.0,0.0,0.0,no_fill,2.8994444444444443
76221625,limit,sell,2026.03.27 13:05:52,2026.03.27 16:00:21,2026-03-27 13:05:52,4468.2,4466.2,2.0,False,,,,,0.01,0.0,0.0,0.0,no_fill,2.9080555555555554
76221614,limit,sell,2026.03.27 13:05:34,2026.03.27 16:00:18,2026-03-27 13:05:34,4468.2,4466.2,2.0,False,,,,,0.01,0.0,0.0,0.0,no_fill,2.9122222222222223
76141714,limit,sell,2026.03.26 16:52:50,2026.03.26 18:58:33,2026-03-26 16:52:50,4491.0,4489.0,2.0,False,,,,,0.01,0.0,0.0,0.0,no_fill,2.0952777777777776
76141676,limit,sell,2026.03.26 16:52:36,2026.03.26 18:58:30,2026-03-26 16:52:36,4491.0,4489.0,2.0,False,,,,,0.01,0.0,0.0,0.0,no_fill,2.098333333333333
76141635,limit,sell,2026.03.26 16:52:22,2026.03.26 18:58:28,2026-03-26 16:52:22,4491.0,4489.0,2.0,False,,,,,0.01,0.0,0.0,0.0,no_fill,2.1016666666666666
75991035,limit,buy,2026.03.25 09:47:51,2026.03.25 15:32:39,2026-03-25 09:47:51,4520.5,4522.5,2.0,True,2026-03-25 12:30:00,4542.5,4517.5,4542.5,0.01,0.0,19.82,19.82,tp,5.746666666666667
75990913,limit,buy,2026.03.25 09:46:17,2026.03.25 15:32:43,2026-03-25 09:46:17,4520.5,4522.5,2.0,True,2026-03-25 12:30:00,4542.5,4517.5,4542.5,0.01,0.0,19.82,19.82,tp,5.773888888888889
75990858,limit,buy,2026.03.25 09:45:16,2026.03.25 15:35:10,2026-03-25 09:45:16,4520.5,4522.5,2.0,True,2026-03-25 12:30:00,4542.5,4517.5,4542.5,0.01,0.0,19.82,19.82,tp,5.831666666666667
75979502,limit,sell,2026.03.25 07:03:29,2026.03.25 13:13:10,2026-03-25 07:03:29,4622.5,4620.5,2.0,False,,,,,0.01,0.0,0.0,0.0,no_fill,6.161388888888889
75976147,limit,sell,2026.03.25 06:07:27,2026.03.25 13:13:08,2026-03-25 06:07:27,4622.5,4620.5,2.0,False,,,,,0.01,0.0,0.0,0.0,no_fill,7.094722222222222
75976136,limit,sell,2026.03.25 06:07:17,2026.03.25 13:13:07,2026-03-25 06:07:17,4622.5,4620.5,2.0,False,,,,,0.01,0.0,0.0,0.0,no_fill,7.097222222222222
75972158,limit,sell,2026.03.25 05:17:50,2026.03.30 01:05:49,2026-03-25 05:17:50,4711.7,4709.7,2.0,False,,,,,0.01,0.0,0.0,0.0,no_fill,115.79972222222223
75972104,limit,sell,2026.03.25 05:16:19,2026.03.30 01:05:46,2026-03-25 05:16:19,4711.7,4709.7,2.0,False,,,,,0.01,0.0,0.0,0.0,no_fill,115.82416666666667
75972088,limit,sell,2026.03.25 05:16:04,2026.03.30 01:05:42,2026-03-25 05:16:04,4711.7,4709.7,2.0,False,,,,,0.01,0.0,0.0,0.0,no_fill,115.82722222222222
75971867,limit,sell,2026.03.25 05:13:01,2026.03.30 01:05:53,2026-03-25 05:13:01,4704.7,4702.7,2.0,False,,,,,0.01,0.0,0.0,0.0,no_fill,115.88111111111111
75971837,limit,sell,2026.03.25 05:12:40,2026.03.30 01:05:57,2026-03-25 05:12:40,4704.7,4702.7,2.0,False,,,,,0.01,0.0,0.0,0.0,no_fill,115.88805555555555
75971774,limit,sell,2026.03.25 05:11:54,2026.03.30 01:05:39,2026-03-25 05:11:54,4704.7,4702.7,2.0,False,,,,,0.01,0.0,0.0,0.0,no_fill,115.89583333333333
75966917,limit,buy,2026.03.25 04:23:34,2026.03.25 07:05:14,2026-03-25 04:23:34,4494.5,4496.5,2.0,False,,,,,0.01,0.0,0.0,0.0,no_fill,2.6944444444444446
75966898,limit,buy,2026.03.25 04:23:16,2026.03.25 07:05:12,2026-03-25 04:23:16,4494.5,4496.5,2.0,False,,,,,0.01,0.0,0.0,0.0,no_fill,2.698888888888889
75966859,limit,buy,2026.03.25 04:22:40,2026.03.25 07:05:10,2026-03-25 04:22:40,4494.5,4496.5,2.0,False,,,,,0.01,0.0,0.0,0.0,no_fill,2.7083333333333335
75933547,limit,buy,2026.03.24 18:17:22,2026.03.25 13:17:53,2026-03-24 18:17:22,3957.0,3959.0,2.0,False,,,,,0.01,0.0,0.0,0.0,no_fill,19.00861111111111
75933504,limit,buy,2026.03.24 18:16:47,2026.03.25 13:17:51,2026-03-24 18:16:47,3957.0,3959.0,2.0,False,,,,,0.01,0.0,0.0,0.0,no_fill,19.017777777777777
75933462,limit,buy,2026.03.24 18:16:18,2026.03.25 13:17:49,2026-03-24 18:16:18,3957.0,3959.0,2.0,False,,,,,0.01,0.0,0.0,0.0,no_fill,19.025277777777777
75893207,limit,sell,2026.03.24 13:05:22,2026.03.24 16:53:20,2026-03-24 13:05:22,4462.5,4460.5,2.0,False,,,,,0.01,0.0,0.0,0.0,no_fill,3.7994444444444446
75880992,limit,sell,2026.03.24 10:59:33,2026.03.24 16:53:18,2026-03-24 10:59:33,4462.5,4460.5,2.0,False,,,,,0.01,0.0,0.0,0.0,no_fill,5.895833333333333
75880972,limit,sell,2026.03.24 10:59:18,2026.03.24 16:53:17,2026-03-24 10:59:18,4462.5,4460.5,2.0,False,,,,,0.01,0.0,0.0,0.0,no_fill,5.8997222222222225
75874335,limit,buy,2026.03.24 10:01:44,2026.03.24 13:04:20,2026-03-24 10:01:44,4351.0,4353.0,2.0,False,,,,,0.01,0.0,0.0,0.0,no_fill,3.0433333333333334
75874310,limit,buy,2026.03.24 10:01:27,2026.03.24 13:04:16,2026-03-24 10:01:27,4351.0,4353.0,2.0,False,,,,,0.01,0.0,0.0,0.0,no_fill,3.0469444444444442
75874277,limit,buy,2026.03.24 10:01:11,2026.03.24 13:04:13,2026-03-24 10:01:11,4351.0,4353.0,2.0,False,,,,,0.01,0.0,0.0,0.0,no_fill,3.0505555555555555
75842939,limit,sell,2026.03.24 05:16:45,2026.03.24 05:17:44,2026-03-24 05:16:45,4364.0,4362.0,2.0,False,,,,,0.01,0.0,0.0,0.0,no_fill,0.01638888888888889
75730291,limit,buy,2026.03.23 13:32:22,2026.03.24 12:57:20,2026-03-23 13:32:22,3957.0,3959.0,2.0,False,,,,,0.01,0.0,0.0,0.0,no_fill,23.41611111111111
75730280,limit,buy,2026.03.23 13:32:09,2026.03.24 12:57:16,2026-03-23 13:32:09,3957.0,3959.0,2.0,False,,,,,0.01,0.0,0.0,0.0,no_fill,23.41861111111111
75730257,limit,buy,2026.03.23 13:31:48,2026.03.24 12:57:12,2026-03-23 13:31:48,3957.0,3959.0,2.0,False,,,,,0.01,0.0,0.0,0.0,no_fill,23.423333333333332
75532630,limit,sell,2026.03.20 14:15:21,2026.03.20 14:29:25,2026-03-20 14:15:21,4671.0,4669.0,2.0,False,,,,,0.01,0.0,0.0,0.0,no_fill,0.23444444444444446
75532592,limit,sell,2026.03.20 14:15:00,2026.03.20 14:29:28,2026-03-20 14:15:00,4671.0,4669.0,2.0,False,,,,,0.01,0.0,0.0,0.0,no_fill,0.2411111111111111
75532556,limit,sell,2026.03.20 14:14:45,2026.03.20 14:29:32,2026-03-20 14:14:45,4671.0,4669.0,2.0,False,,,,,0.01,0.0,0.0,0.0,no_fill,0.24638888888888888
75523887,limit,sell,2026.03.20 13:03:46,2026.03.20 20:19:46,2026-03-20 13:03:46,4704.5,4702.5,2.0,False,,,,,0.01,0.0,0.0,0.0,no_fill,7.266666666666667
75523847,limit,sell,2026.03.20 13:03:29,2026.03.20 20:19:50,2026-03-20 13:03:29,4704.5,4702.5,2.0,False,,,,,0.01,0.0,0.0,0.0,no_fill,7.2725
75523798,limit,sell,2026.03.20 13:03:10,2026.03.20 20:19:53,2026-03-20 13:03:10,4704.5,4702.5,2.0,False,,,,,0.01,0.0,0.0,0.0,no_fill,7.278611111111111
75426230,limit,buy,2026.03.19 17:19:53,2026.03.20 20:41:14,2026-03-19 17:19:53,4523.5,4525.5,2.0,False,,,,,0.01,0.0,0.0,0.0,no_fill,27.355833333333333
75426145,limit,buy,2026.03.19 17:19:36,2026.03.20 20:41:22,2026-03-19 17:19:36,4523.5,4525.5,2.0,False,,,,,0.01,0.0,0.0,0.0,no_fill,27.36277777777778
75426024,limit,buy,2026.03.19 17:19:12,2026.03.20 20:41:26,2026-03-19 17:19:12,4523.5,4525.5,2.0,False,,,,,0.01,0.0,0.0,0.0,no_fill,27.370555555555555
75319122,limit,sell,2026.03.19 04:47:57,2026.03.19 12:54:20,2026-03-19 04:47:57,4794.0,4792.0,2.0,True,2026-03-19 01:50:00,4797.0,4797.0,4772.0,0.01,0.0,-5.18,-5.18,sl,8.106388888888889
75319100,limit,sell,2026.03.19 04:47:43,2026.03.19 12:54:16,2026-03-19 04:47:43,4794.0,4792.0,2.0,True,2026-03-19 01:50:00,4797.0,4797.0,4772.0,0.01,0.0,-5.18,-5.18,sl,8.109166666666667
75319089,limit,sell,2026.03.19 04:47:28,2026.03.19 12:54:08,2026-03-19 04:47:28,4794.0,4792.0,2.0,True,2026-03-19 01:50:00,4797.0,4797.0,4772.0,0.01,0.0,-5.18,-5.18,sl,8.11111111111111
75315587,limit,sell,2026.03.19 04:15:43,2026.03.19 04:24:20,2026-03-19 04:15:43,4851.0,4849.0,2.0,False,,,,,0.01,0.0,0.0,0.0,no_fill,0.1436111111111111
75315560,limit,sell,2026.03.19 04:15:29,2026.03.19 04:24:16,2026-03-19 04:15:29,4851.0,4849.0,2.0,False,,,,,0.01,0.0,0.0,0.0,no_fill,0.1463888888888889
75315532,limit,sell,2026.03.19 04:15:03,2026.03.19 04:24:12,2026-03-19 04:15:03,4851.0,4849.0,2.0,False,,,,,0.01,0.0,0.0,0.0,no_fill,0.1525
75262702,limit,sell,2026.03.18 16:40:52,2026.03.19 16:37:13,2026-03-18 16:40:52,4931.0,4929.0,2.0,False,,,,,0.01,0.0,0.0,0.0,no_fill,23.939166666666665
75262624,limit,sell,2026.03.18 16:40:29,2026.03.19 16:37:09,2026-03-18 16:40:29,4931.0,4929.0,2.0,False,,,,,0.01,0.0,0.0,0.0,no_fill,23.944444444444443
75262530,limit,sell,2026.03.18 16:40:03,2026.03.19 16:37:06,2026-03-18 16:40:03,4931.0,4929.0,2.0,False,,,,,0.01,0.0,0.0,0.0,no_fill,23.950833333333332
75250839,limit,sell,2026.03.18 15:57:40,2026.03.18 17:05:47,2026-03-18 15:57:40,4911.5,4909.5,2.0,False,,,,,0.01,0.0,0.0,0.0,no_fill,1.1352777777777778
75250797,limit,sell,2026.03.18 15:57:24,2026.03.18 17:05:43,2026-03-18 15:57:24,4911.5,4909.5,2.0,False,,,,,0.01,0.0,0.0,0.0,no_fill,1.138611111111111
75250743,limit,sell,2026.03.18 15:57:08,2026.03.18 17:05:39,2026-03-18 15:57:08,4911.5,4909.5,2.0,False,,,,,0.01,0.0,0.0,0.0,no_fill,1.1419444444444444
75213684,limit,sell,2026.03.18 13:07:43,2026.03.18 17:05:35,2026-03-18 13:07:43,5031.5,5029.5,2.0,False,,,,,0.01,0.0,0.0,0.0,no_fill,3.9644444444444447
75213644,limit,sell,2026.03.18 13:07:14,2026.03.18 17:05:32,2026-03-18 13:07:14,5031.5,5029.5,2.0,False,,,,,0.01,0.0,0.0,0.0,no_fill,3.9716666666666667
75213619,limit,sell,2026.03.18 13:06:53,2026.03.18 17:05:28,2026-03-18 13:06:53,5031.5,5029.5,2.0,False,,,,,0.01,0.0,0.0,0.0,no_fill,3.9763888888888888
75213549,limit,sell,2026.03.18 13:06:00,2026.03.18 17:05:25,2026-03-18 13:06:00,5024.5,5022.5,2.0,False,,,,,0.01,0.0,0.0,0.0,no_fill,3.9902777777777776
75213496,limit,sell,2026.03.18 13:05:32,2026.03.18 17:05:22,2026-03-18 13:05:32,5024.5,5022.5,2.0,False,,,,,0.01,0.0,0.0,0.0,no_fill,3.9972222222222222
75213455,limit,sell,2026.03.18 13:05:14,2026.03.18 17:05:19,2026-03-18 13:05:14,5024.5,5022.5,2.0,False,,,,,0.01,0.0,0.0,0.0,no_fill,4.001388888888889
75198577,limit,sell,2026.03.18 10:02:01,2026.03.18 13:00:40,2026-03-18 10:02:01,5034.0,5032.0,2.0,False,,,,,0.01,0.0,0.0,0.0,no_fill,2.9775
75198566,limit,sell,2026.03.18 10:01:45,2026.03.18 13:00:35,2026-03-18 10:01:45,5034.0,5032.0,2.0,False,,,,,0.01,0.0,0.0,0.0,no_fill,2.9805555555555556
75198546,limit,sell,2026.03.18 10:01:27,2026.03.18 13:00:31,2026-03-18 10:01:27,5034.0,5032.0,2.0,False,,,,,0.01,0.0,0.0,0.0,no_fill,2.9844444444444442
75185202,limit,sell,2026.03.18 07:07:41,2026.03.18 09:58:41,2026-03-18 07:07:41,5034.0,5032.0,2.0,False,,,,,0.01,0.0,0.0,0.0,no_fill,2.85
75185190,limit,sell,2026.03.18 07:07:22,2026.03.18 09:58:40,2026-03-18 07:07:22,5034.0,5032.0,2.0,False,,,,,0.01,0.0,0.0,0.0,no_fill,2.855
75185172,limit,sell,2026.03.18 07:07:06,2026.03.18 09:58:37,2026-03-18 07:07:06,5034.0,5032.0,2.0,False,,,,,0.01,0.0,0.0,0.0,no_fill,2.858611111111111
75169193,limit,buy,2026.03.18 03:23:09,2026.03.18 13:46:03,2026-03-18 03:23:09,4957.0,4959.0,2.0,False,,,,,0.01,0.0,0.0,0.0,no_fill,10.381666666666666
75169182,limit,buy,2026.03.18 03:22:48,2026.03.18 13:45:58,2026-03-18 03:22:48,4957.0,4959.0,2.0,False,,,,,0.01,0.0,0.0,0.0,no_fill,10.386111111111111
75169175,limit,buy,2026.03.18 03:22:24,2026.03.18 13:45:54,2026-03-18 03:22:24,4957.0,4959.0,2.0,False,,,,,0.01,0.0,0.0,0.0,no_fill,10.391666666666667
75169156,limit,sell,2026.03.18 03:21:44,2026.03.18 17:05:16,2026-03-18 03:21:44,5040.0,5038.0,2.0,False,,,,,0.01,0.0,0.0,0.0,no_fill,13.725555555555555
75169135,limit,sell,2026.03.18 03:21:23,2026.03.18 17:05:13,2026-03-18 03:21:23,5040.0,5038.0,2.0,False,,,,,0.01,0.0,0.0,0.0,no_fill,13.730555555555556
75169113,limit,sell,2026.03.18 03:21:06,2026.03.18 17:05:10,2026-03-18 03:21:06,5040.0,5038.0,2.0,False,,,,,0.01,0.0,0.0,0.0,no_fill,13.734444444444444
75130126,limit,sell,2026.03.17 16:12:48,2026.03.17 19:02:52,2026-03-17 16:12:48,5046.0,5044.0,2.0,False,,,,,0.01,0.0,0.0,0.0,no_fill,2.8344444444444443
75130113,limit,sell,2026.03.17 16:12:37,2026.03.17 19:02:51,2026-03-17 16:12:37,5046.0,5044.0,2.0,False,,,,,0.01,0.0,0.0,0.0,no_fill,2.837222222222222
75130076,limit,sell,2026.03.17 16:12:21,2026.03.17 19:02:49,2026-03-17 16:12:21,5046.0,5044.0,2.0,False,,,,,0.01,0.0,0.0,0.0,no_fill,2.841111111111111
75130012,limit,sell,2026.03.17 16:11:52,2026.03.17 19:02:48,2026-03-17 16:11:52,5039.0,5037.0,2.0,False,,,,,0.01,0.0,0.0,0.0,no_fill,2.848888888888889
75129981,limit,sell,2026.03.17 16:11:38,2026.03.17 19:02:46,2026-03-17 16:11:38,5039.0,5037.0,2.0,False,,,,,0.01,0.0,0.0,0.0,no_fill,2.852222222222222
75129933,limit,sell,2026.03.17 16:11:19,2026.03.17 19:02:43,2026-03-17 16:11:19,5039.0,5037.0,2.0,False,,,,,0.01,0.0,0.0,0.0,no_fill,2.8566666666666665
75114865,limit,sell,2026.03.17 13:17:25,2026.03.17 16:05:10,2026-03-17 13:17:25,5063.0,5061.0,2.0,False,,,,,0.01,0.0,0.0,0.0,no_fill,2.7958333333333334
75114860,limit,sell,2026.03.17 13:17:15,2026.03.17 16:05:08,2026-03-17 13:17:15,5063.0,5061.0,2.0,False,,,,,0.01,0.0,0.0,0.0,no_fill,2.7980555555555555
75114840,limit,sell,2026.03.17 13:16:55,2026.03.17 16:05:07,2026-03-17 13:16:55,5063.0,5061.0,2.0,False,,,,,0.01,0.0,0.0,0.0,no_fill,2.8033333333333332
75114783,limit,sell,2026.03.17 13:16:15,2026.03.17 16:05:05,2026-03-17 13:16:15,5056.0,5054.0,2.0,False,,,,,0.01,0.0,0.0,0.0,no_fill,2.813888888888889
75114749,limit,sell,2026.03.17 13:15:51,2026.03.17 16:05:03,2026-03-17 13:15:51,5056.0,5054.0,2.0,False,,,,,0.01,0.0,0.0,0.0,no_fill,2.82
75114724,limit,sell,2026.03.17 13:15:37,2026.03.17 16:05:01,2026-03-17 13:15:37,5056.0,5054.0,2.0,False,,,,,0.01,0.0,0.0,0.0,no_fill,2.8233333333333333
75098274,limit,sell,2026.03.17 10:13:33,2026.03.17 12:58:31,2026-03-17 10:13:33,5059.0,5057.0,2.0,False,,,,,0.01,0.0,0.0,0.0,no_fill,2.7494444444444444
75098245,limit,sell,2026.03.17 10:13:24,2026.03.17 12:58:23,2026-03-17 10:13:24,5059.0,5057.0,2.0,False,,,,,0.01,0.0,0.0,0.0,no_fill,2.749722222222222
75098235,limit,sell,2026.03.17 10:13:09,2026.03.17 12:58:19,2026-03-17 10:13:09,5059.0,5057.0,2.0,False,,,,,0.01,0.0,0.0,0.0,no_fill,2.7527777777777778
75080764,limit,buy,2026.03.17 07:17:23,2026.03.17 10:01:28,2026-03-17 07:17:23,4950.0,4952.0,2.0,False,,,,,0.01,0.0,0.0,0.0,no_fill,2.734722222222222
75080749,limit,buy,2026.03.17 07:17:09,2026.03.17 10:01:27,2026-03-17 07:17:09,4950.0,4952.0,2.0,False,,,,,0.01,0.0,0.0,0.0,no_fill,2.7383333333333333
75080731,limit,buy,2026.03.17 07:16:55,2026.03.17 10:01:25,2026-03-17 07:16:55,4950.0,4952.0,2.0,False,,,,,0.01,0.0,0.0,0.0,no_fill,2.7416666666666667
75080648,limit,buy,2026.03.17 07:15:14,2026.03.17 10:01:24,2026-03-17 07:15:14,4980.0,4982.0,2.0,False,,,,,0.01,0.0,0.0,0.0,no_fill,2.7694444444444444
75080636,limit,buy,2026.03.17 07:15:00,2026.03.17 10:01:22,2026-03-17 07:15:00,4980.0,4982.0,2.0,False,,,,,0.01,0.0,0.0,0.0,no_fill,2.772777777777778
75080629,limit,buy,2026.03.17 07:14:46,2026.03.17 10:01:20,2026-03-17 07:14:46,4980.0,4982.0,2.0,False,,,,,0.01,0.0,0.0,0.0,no_fill,2.776111111111111
75073950,limit,buy,2026.03.17 05:14:44,2026.03.17 09:31:45,2026-03-17 05:14:44,5003.5,5005.5,2.0,True,2026-03-17 06:20:00,5025.5,5000.5,5025.5,0.01,0.0,19.82,19.82,tp,4.283611111111111
75073932,limit,buy,2026.03.17 05:14:32,2026.03.17 09:31:43,2026-03-17 05:14:32,5003.5,5005.5,2.0,True,2026-03-17 06:20:00,5025.5,5000.5,5025.5,0.01,0.0,19.82,19.82,tp,4.286388888888889
75073910,limit,buy,2026.03.17 05:14:13,2026.03.17 09:31:41,2026-03-17 05:14:13,5003.5,5005.5,2.0,True,2026-03-17 06:20:00,5025.5,5000.5,5025.5,0.01,0.0,19.82,19.82,tp,4.291111111111111
75065536,limit,buy,2026.03.17 03:36:48,2026.03.17 07:13:26,2026-03-17 03:36:48,4941.0,4943.0,2.0,False,,,,,0.01,0.0,0.0,0.0,no_fill,3.6105555555555555
75065528,limit,buy,2026.03.17 03:36:36,2026.03.17 07:13:23,2026-03-17 03:36:36,4941.0,4943.0,2.0,False,,,,,0.01,0.0,0.0,0.0,no_fill,3.6130555555555555
75065492,limit,buy,2026.03.17 03:36:11,2026.03.17 07:13:21,2026-03-17 03:36:11,4941.0,4943.0,2.0,False,,,,,0.01,0.0,0.0,0.0,no_fill,3.6194444444444445
74958901,limit,buy,2026.03.16 07:26:08,2026.03.18 05:20:01,2026-03-16 07:26:08,4962.6,4964.6,2.0,False,,,,,0.01,0.0,0.0,0.0,no_fill,45.89805555555556
74958888,limit,buy,2026.03.16 07:25:49,2026.03.18 05:20:05,2026-03-16 07:25:49,4962.6,4964.6,2.0,False,,,,,0.01,0.0,0.0,0.0,no_fill,45.904444444444444
74958885,limit,buy,2026.03.16 07:25:31,2026.03.18 10:03:09,2026-03-16 07:25:31,4962.6,4964.6,2.0,False,,,,,0.01,0.0,0.0,0.0,no_fill,50.62722222222222
74944723,limit,sell,2026.03.16 04:44:03,2026.03.16 08:00:21,2026-03-16 04:44:03,5028.5,5026.5,2.0,False,,,,,0.01,0.0,0.0,0.0,no_fill,3.2716666666666665
74944709,limit,sell,2026.03.16 04:43:48,2026.03.16 08:00:19,2026-03-16 04:43:48,5028.55,5026.55,2.0,False,,,,,0.01,0.0,0.0,0.0,no_fill,3.2752777777777777
74944697,limit,sell,2026.03.16 04:43:34,2026.03.16 08:00:16,2026-03-16 04:43:34,5028.5,5026.5,2.0,False,,,,,0.01,0.0,0.0,0.0,no_fill,3.2783333333333333
74891626,limit,sell,2026.03.13 19:04:07,2026.03.18 17:05:06,2026-03-13 19:04:07,5070.5,5068.5,2.0,False,,,,,0.01,0.0,0.0,0.0,no_fill,118.01638888888888
74891594,limit,sell,2026.03.13 19:03:54,2026.03.18 17:05:03,2026-03-13 19:03:54,5070.5,5068.5,2.0,False,,,,,0.01,0.0,0.0,0.0,no_fill,118.01916666666666
74891552,limit,sell,2026.03.13 19:03:40,2026.03.18 17:05:00,2026-03-13 19:03:40,5070.5,5068.5,2.0,False,,,,,0.01,0.0,0.0,0.0,no_fill,118.02222222222223
74891183,limit,sell,2026.03.13 19:02:29,2026.03.18 17:04:56,2026-03-13 19:02:29,5051.5,5049.5,2.0,True,2026-03-13 16:35:00,5054.5,5054.5,5029.5,0.01,0.0,-5.18,-5.18,sl,118.04083333333334
74883935,limit,sell,2026.03.13 18:22:28,2026.03.18 17:04:46,2026-03-13 18:22:28,5051.5,5049.5,2.0,True,2026-03-13 15:25:00,5054.5,5054.5,5029.5,0.01,0.0,-5.18,-5.18,sl,118.705
74883899,limit,sell,2026.03.13 18:22:10,2026.03.18 17:04:42,2026-03-13 18:22:10,5051.5,5049.5,2.0,True,2026-03-13 15:25:00,5054.5,5054.5,5029.5,0.01,0.0,-5.18,-5.18,sl,118.7088888888889
74860697,limit,sell,2026.03.13 16:12:56,2026.03.13 18:58:39,2026-03-13 16:12:56,5134.5,5132.5,2.0,False,,,,,0.01,0.0,0.0,0.0,no_fill,2.7619444444444445
74860680,limit,sell,2026.03.13 16:12:42,2026.03.13 18:58:36,2026-03-13 16:12:42,5134.5,5132.5,2.0,False,,,,,0.01,0.0,0.0,0.0,no_fill,2.765
74860649,limit,sell,2026.03.13 16:12:25,2026.03.13 19:06:19,2026-03-13 16:12:25,5134.5,5132.5,2.0,False,,,,,0.01,0.0,0.0,0.0,no_fill,2.8983333333333334
74813910,limit,sell,2026.03.13 09:51:34,2026.03.13 14:55:31,2026-03-13 09:51:34,5142.5,5140.5,2.0,False,,,,,0.01,0.0,0.0,0.0,no_fill,5.065833333333333
74813860,limit,sell,2026.03.13 09:51:21,2026.03.13 14:55:37,2026-03-13 09:51:21,5142.5,5140.5,2.0,False,,,,,0.01,0.0,0.0,0.0,no_fill,5.071111111111111
74813837,limit,sell,2026.03.13 09:51:05,2026.03.13 14:55:42,2026-03-13 09:51:05,5142.5,5140.5,2.0,False,,,,,0.01,0.0,0.0,0.0,no_fill,5.076944444444444
74813781,limit,sell,2026.03.13 09:50:46,2026.03.13 14:55:45,2026-03-13 09:50:46,5135.5,5133.5,2.0,False,,,,,0.01,0.0,0.0,0.0,no_fill,5.083055555555555
74813755,limit,sell,2026.03.13 09:50:31,2026.03.13 14:55:49,2026-03-13 09:50:31,5135.5,5133.5,2.0,False,,,,,0.01,0.0,0.0,0.0,no_fill,5.088333333333333
74813610,limit,sell,2026.03.13 09:49:33,2026.03.13 14:55:27,2026-03-13 09:49:33,5135.5,5133.5,2.0,False,,,,,0.01,0.0,0.0,0.0,no_fill,5.098333333333334
74786768,limit,buy,2026.03.13 04:06:32,2026.03.13 10:00:34,2026-03-13 04:06:32,5081.0,5083.0,2.0,False,,,,,0.01,0.0,0.0,0.0,no_fill,5.900555555555556
74786743,limit,buy,2026.03.13 04:06:20,2026.03.13 10:00:31,2026-03-13 04:06:20,5081.0,5083.0,2.0,False,,,,,0.01,0.0,0.0,0.0,no_fill,5.9030555555555555
74786713,limit,buy,2026.03.13 04:06:02,2026.03.13 10:03:57,2026-03-13 04:06:02,5081.0,5083.0,2.0,False,,,,,0.01,0.0,0.0,0.0,no_fill,5.965277777777778
74728100,limit,buy,2026.03.12 16:44:39,2026.03.12 17:01:18,2026-03-12 16:44:39,5144.5,5146.5,2.0,True,2026-03-12 13:55:00,5141.5,5141.5,5166.5,0.01,0.0,-5.18,-5.18,sl,0.2775
74728024,limit,buy,2026.03.12 16:44:25,2026.03.12 17:01:16,2026-03-12 16:44:25,5144.5,5146.5,2.0,True,2026-03-12 13:55:00,5141.5,5141.5,5166.5,0.01,0.0,-5.18,-5.18,sl,0.2808333333333333
74592303,limit,sell,2026.03.11 16:00:37,2026.03.12 01:07:27,2026-03-11 16:00:37,5216.0,5214.0,2.0,False,,,,,0.01,0.0,0.0,0.0,no_fill,9.113888888888889
74592224,limit,sell,2026.03.11 16:00:19,2026.03.12 01:07:21,2026-03-11 16:00:19,5216.0,5214.0,2.0,False,,,,,0.01,0.0,0.0,0.0,no_fill,9.117222222222223
74592096,limit,sell,2026.03.11 16:00:05,2026.03.12 01:07:17,2026-03-11 16:00:05,5216.0,5214.0,2.0,False,,,,,0.01,0.0,0.0,0.0,no_fill,9.12
74509376,limit,buy,2026.03.11 03:29:58,2026.03.12 03:19:49,2026-03-11 03:29:58,5125.0,5127.0,2.0,True,2026-03-12 00:00:00,5147.0,5122.0,5147.0,0.01,0.0,19.82,19.82,tp,23.830833333333334
74509366,limit,buy,2026.03.11 03:29:42,2026.03.12 03:19:53,2026-03-11 03:29:42,5125.0,5127.0,2.0,True,2026-03-12 00:00:00,5147.0,5122.0,5147.0,0.01,0.0,19.82,19.82,tp,23.836388888888887
74509357,limit,buy,2026.03.11 03:29:15,2026.03.12 03:19:56,2026-03-11 03:29:15,5125.0,5127.0,2.0,True,2026-03-12 00:00:00,5147.0,5122.0,5147.0,0.01,0.0,19.82,19.82,tp,23.844722222222224
74480489,limit,buy,2026.03.10 19:12:39,2026.03.10 19:12:51,2026-03-10 19:12:39,5192.0,5194.0,2.0,False,,,,,0.01,0.0,0.0,0.0,no_fill,0.0033333333333333335
74479860,limit,buy,2026.03.10 19:03:33,2026.03.10 19:12:53,2026-03-10 19:03:33,5192.0,5194.0,2.0,False,,,,,0.01,0.0,0.0,0.0,no_fill,0.15555555555555556
74452439,limit,buy,2026.03.10 16:09:31,2026.03.10 16:29:32,2026-03-10 16:09:31,5168.0,5170.0,2.0,False,,,,,0.01,0.0,0.0,0.0,no_fill,0.33361111111111114
74452411,limit,buy,2026.03.10 16:09:16,2026.03.10 16:29:30,2026-03-10 16:09:16,5168.0,5170.0,2.0,False,,,,,0.01,0.0,0.0,0.0,no_fill,0.3372222222222222
74452353,limit,buy,2026.03.10 16:09:03,2026.03.10 16:29:28,2026-03-10 16:09:03,5168.0,5170.0,2.0,False,,,,,0.01,0.0,0.0,0.0,no_fill,0.3402777777777778
74447934,limit,buy,2026.03.10 15:39:34,2026.03.10 16:11:46,2026-03-10 15:39:34,5122.0,5124.0,2.0,False,,,,,0.01,0.0,0.0,0.0,no_fill,0.5366666666666666
74447909,limit,buy,2026.03.10 15:39:21,2026.03.10 16:11:45,2026-03-10 15:39:21,5122.0,5124.0,2.0,False,,,,,0.01,0.0,0.0,0.0,no_fill,0.54
74447895,limit,buy,2026.03.10 15:39:08,2026.03.10 16:11:43,2026-03-10 15:39:08,5122.0,5124.0,2.0,False,,,,,0.01,0.0,0.0,0.0,no_fill,0.5430555555555555
74447879,limit,buy,2026.03.10 15:38:49,2026.03.10 16:11:40,2026-03-10 15:38:49,5142.0,5144.0,2.0,False,,,,,0.01,0.0,0.0,0.0,no_fill,0.5475
74447858,limit,buy,2026.03.10 15:38:37,2026.03.10 16:11:38,2026-03-10 15:38:37,5142.0,5144.0,2.0,False,,,,,0.01,0.0,0.0,0.0,no_fill,0.5502777777777778
74447828,limit,buy,2026.03.10 15:38:20,2026.03.10 16:11:35,2026-03-10 15:38:20,5142.0,5144.0,2.0,False,,,,,0.01,0.0,0.0,0.0,no_fill,0.5541666666666667
74396317,limit,buy,2026.03.10 07:01:27,2026.03.10 15:08:04,2026-03-10 07:01:27,5125.0,5127.0,2.0,False,,,,,0.01,0.0,0.0,0.0,no_fill,8.110277777777778
74396289,limit,buy,2026.03.10 07:01:16,2026.03.10 15:08:02,2026-03-10 07:01:16,5125.0,5127.0,2.0,False,,,,,0.01,0.0,0.0,0.0,no_fill,8.112777777777778
74396269,limit,buy,2026.03.10 07:01:05,2026.03.10 15:08:02,2026-03-10 07:01:05,5125.0,5127.0,2.0,False,,,,,0.01,0.0,0.0,0.0,no_fill,8.115833333333333
74396248,limit,buy,2026.03.10 07:00:50,2026.03.10 15:08:00,2026-03-10 07:00:50,5134.5,5136.5,2.0,False,,,,,0.01,0.0,0.0,0.0,no_fill,8.119444444444444
74396206,limit,buy,2026.03.10 07:00:36,2026.03.10 15:07:58,2026-03-10 07:00:36,5134.5,5136.5,2.0,False,,,,,0.01,0.0,0.0,0.0,no_fill,8.122777777777777
74396184,limit,buy,2026.03.10 07:00:23,2026.03.10 15:07:57,2026-03-10 07:00:23,5134.5,5136.5,2.0,False,,,,,0.01,0.0,0.0,0.0,no_fill,8.126111111111111
74369758,limit,buy,2026.03.10 03:02:15,2026.03.11 11:14:21,2026-03-10 03:02:15,5100.0,5102.0,2.0,False,,,,,0.01,0.0,0.0,0.0,no_fill,32.20166666666667
74369730,limit,buy,2026.03.10 03:02:01,2026.03.11 11:14:19,2026-03-10 03:02:01,5100.0,5102.0,2.0,False,,,,,0.01,0.0,0.0,0.0,no_fill,32.205
74369550,limit,buy,2026.03.10 03:00:50,2026.03.12 18:17:16,2026-03-10 03:00:50,5109.5,5111.5,2.0,True,2026-03-12 15:10:00,5131.5,5106.5,5131.5,0.01,0.0,19.82,19.82,tp,63.27388888888889
74369504,limit,buy,2026.03.10 03:00:31,2026.03.11 11:14:08,2026-03-10 03:00:31,5109.5,5111.5,2.0,False,,,,,0.01,0.0,0.0,0.0,no_fill,32.22694444444444
74369469,limit,buy,2026.03.10 03:00:18,2026.03.11 11:14:05,2026-03-10 03:00:18,5109.5,5111.5,2.0,False,,,,,0.01,0.0,0.0,0.0,no_fill,32.22972222222222
74345457,limit,buy,2026.03.09 18:46:34,2026.03.10 02:57:22,2026-03-09 18:46:34,5069.5,5071.5,2.0,False,,,,,0.01,0.0,0.0,0.0,no_fill,8.18
74345430,limit,buy,2026.03.09 18:46:21,2026.03.10 02:57:18,2026-03-09 18:46:21,5069.5,5071.5,2.0,False,,,,,0.01,0.0,0.0,0.0,no_fill,8.1825
74345374,limit,buy,2026.03.09 18:46:05,2026.03.10 02:57:14,2026-03-09 18:46:05,5069.5,5071.5,2.0,False,,,,,0.01,0.0,0.0,0.0,no_fill,8.185833333333333
74342888,limit,buy,2026.03.09 18:23:51,2026.03.09 18:25:07,2026-03-09 18:23:51,5068.5,5070.5,2.0,False,,,,,0.01,0.0,0.0,0.0,no_fill,0.021111111111111112
74342757,limit,buy,2026.03.09 18:23:23,2026.03.09 18:25:06,2026-03-09 18:23:23,5068.5,5070.5,2.0,False,,,,,0.01,0.0,0.0,0.0,no_fill,0.02861111111111111
74320203,limit,buy,2026.03.09 16:35:01,2026.03.09 17:00:09,2026-03-09 16:35:01,5065.7,5067.7,2.0,True,2026-03-09 13:55:00,5087.7,5062.7,5087.7,0.01,0.0,19.82,19.82,tp,0.41888888888888887
74320117,limit,buy,2026.03.09 16:34:42,2026.03.09 17:00:08,2026-03-09 16:34:42,5065.7,5067.7,2.0,True,2026-03-09 13:55:00,5087.7,5062.7,5087.7,0.01,0.0,19.82,19.82,tp,0.42388888888888887
74320062,limit,buy,2026.03.09 16:34:28,2026.03.09 17:00:06,2026-03-09 16:34:28,5065.7,5067.7,2.0,True,2026-03-09 13:55:00,5087.7,5062.7,5087.7,0.01,0.0,19.82,19.82,tp,0.4272222222222222
74265589,limit,buy,2026.03.09 10:13:01,2026.03.09 10:23:53,2026-03-09 10:13:01,5089.0,5091.0,2.0,False,,,,,0.01,0.0,0.0,0.0,no_fill,0.1811111111111111
74265551,limit,buy,2026.03.09 10:12:43,2026.03.09 10:23:52,2026-03-09 10:12:43,5089.0,5091.0,2.0,False,,,,,0.01,0.0,0.0,0.0,no_fill,0.18583333333333332
74265539,limit,buy,2026.03.09 10:12:30,2026.03.09 10:23:50,2026-03-09 10:12:30,5089.0,5091.0,2.0,False,,,,,0.01,0.0,0.0,0.0,no_fill,0.18888888888888888
74235400,limit,buy,2026.03.09 06:58:06,2026.03.09 16:50:10,2026-03-09 06:58:06,5055.7,5057.7,2.0,False,,,,,0.01,0.0,0.0,0.0,no_fill,9.867777777777778
74235371,limit,buy,2026.03.09 06:57:44,2026.03.09 16:50:08,2026-03-09 06:57:44,5055.7,5057.7,2.0,False,,,,,0.01,0.0,0.0,0.0,no_fill,9.873333333333333
74235350,limit,buy,2026.03.09 06:57:24,2026.03.09 16:50:05,2026-03-09 06:57:24,5055.7,5057.7,2.0,False,,,,,0.01,0.0,0.0,0.0,no_fill,9.878055555555555
74218158,limit,buy,2026.03.09 05:03:54,2026.03.09 05:21:55,2026-03-09 05:03:54,5041.0,5043.0,2.0,False,,,,,0.01,0.0,0.0,0.0,no_fill,0.30027777777777775
74218097,limit,buy,2026.03.09 05:03:39,2026.03.09 05:22:00,2026-03-09 05:03:39,5041.0,5043.0,2.0,False,,,,,0.01,0.0,0.0,0.0,no_fill,0.30583333333333335
74218044,limit,buy,2026.03.09 05:03:22,2026.03.09 05:22:04,2026-03-09 05:03:22,5041.0,5043.0,2.0,False,,,,,0.01,0.0,0.0,0.0,no_fill,0.31166666666666665
74020209,limit,buy,2026.03.06 01:18:13,2026.03.09 01:06:01,2026-03-06 01:18:13,4883.5,4885.5,2.0,False,,,,,0.01,0.0,0.0,0.0,no_fill,71.79666666666667
74020174,limit,buy,2026.03.06 01:17:48,2026.03.09 01:06:06,2026-03-06 01:17:48,4883.5,4885.5,2.0,False,,,,,0.01,0.0,0.0,0.0,no_fill,71.805
74020161,limit,buy,2026.03.06 01:17:21,2026.03.09 01:05:58,2026-03-06 01:17:21,4883.5,4885.5,2.0,False,,,,,0.01,0.0,0.0,0.0,no_fill,71.81027777777778
74020138,limit,buy,2026.03.06 01:16:38,2026.03.09 01:05:55,2026-03-06 01:16:38,4921.6,4923.6,2.0,False,,,,,0.01,0.0,0.0,0.0,no_fill,71.82138888888889
74020131,limit,buy,2026.03.06 01:16:23,2026.03.09 01:05:52,2026-03-06 01:16:23,4921.6,4923.6,2.0,False,,,,,0.01,0.0,0.0,0.0,no_fill,71.82472222222222
74020122,limit,buy,2026.03.06 01:15:34,2026.03.09 01:05:48,2026-03-06 01:15:34,4921.6,4923.6,2.0,False,,,,,0.01,0.0,0.0,0.0,no_fill,71.83722222222222
74020090,limit,sell,2026.03.06 01:14:49,2026.03.06 04:03:12,2026-03-06 01:14:49,5144.0,5142.0,2.0,False,,,,,0.01,0.0,0.0,0.0,no_fill,2.806388888888889
74020084,limit,sell,2026.03.06 01:14:22,2026.03.06 04:03:10,2026-03-06 01:14:22,5144.0,5142.0,2.0,False,,,,,0.01,0.0,0.0,0.0,no_fill,2.8133333333333335
74020038,limit,sell,2026.03.06 01:13:04,2026.03.06 04:03:08,2026-03-06 01:13:04,5144.0,5142.0,2.0,False,,,,,0.01,0.0,0.0,0.0,no_fill,2.8344444444444443
73953279,limit,sell,2026.03.05 15:37:53,2026.03.05 23:15:01,2026-03-05 15:37:53,5144.0,5142.0,2.0,True,2026-03-05 12:40:00,5147.0,5147.0,5122.0,0.01,0.0,-5.18,-5.18,sl,7.618888888888889
73953225,limit,sell,2026.03.05 15:37:32,2026.03.05 23:14:56,2026-03-05 15:37:32,5144.0,5142.0,2.0,True,2026-03-05 12:40:00,5147.0,5147.0,5122.0,0.01,0.0,-5.18,-5.18,sl,7.623333333333333
73953130,limit,sell,2026.03.05 15:37:17,2026.03.05 23:14:52,2026-03-05 15:37:17,5144.0,5142.0,2.0,True,2026-03-05 12:40:00,5147.0,5147.0,5122.0,0.01,0.0,-5.18,-5.18,sl,7.626388888888889
73842091,limit,buy,2026.03.05 01:15:02,2026.03.05 23:14:26,2026-03-05 01:15:02,5051.0,5053.0,2.0,True,2026-03-05 18:00:00,5073.0,5048.0,5073.0,0.01,0.0,19.82,19.82,tp,21.99
73842056,limit,buy,2026.03.05 01:14:42,2026.03.05 23:14:30,2026-03-05 01:14:42,5051.0,5053.0,2.0,True,2026-03-05 18:00:00,5073.0,5048.0,5073.0,0.01,0.0,19.82,19.82,tp,21.996666666666666
73842037,limit,buy,2026.03.05 01:14:23,2026.03.05 23:14:21,2026-03-05 01:14:23,5051.0,5053.0,2.0,True,2026-03-05 18:00:00,5073.0,5048.0,5073.0,0.01,0.0,19.82,19.82,tp,21.999444444444446
73841671,limit,sell,2026.03.05 01:11:45,2026.03.09 01:05:42,2026-03-05 01:11:45,5244.0,5242.0,2.0,False,,,,,0.01,0.0,0.0,0.0,no_fill,95.89916666666667
73841656,limit,sell,2026.03.05 01:11:22,2026.03.09 01:05:39,2026-03-05 01:11:22,5244.0,5242.0,2.0,False,,,,,0.01,0.0,0.0,0.0,no_fill,95.90472222222222
73841611,limit,sell,2026.03.05 01:10:32,2026.03.09 01:05:35,2026-03-05 01:10:32,5244.0,5242.0,2.0,False,,,,,0.01,0.0,0.0,0.0,no_fill,95.9175
73755332,limit,sell,2026.03.04 10:36:24,2026.03.04 11:03:28,2026-03-04 10:36:24,5184.5,5182.5,2.0,False,,,,,0.01,0.0,0.0,0.0,no_fill,0.45111111111111113
73755295,limit,sell,2026.03.04 10:36:06,2026.03.04 11:03:21,2026-03-04 10:36:06,5184.5,5182.5,2.0,False,,,,,0.01,0.0,0.0,0.0,no_fill,0.45416666666666666
73755137,limit,sell,2026.03.04 10:35:39,2026.03.04 11:03:16,2026-03-04 10:35:39,5184.5,5182.5,2.0,False,,,,,0.01,0.0,0.0,0.0,no_fill,0.4602777777777778
73685256,limit,buy,2026.03.04 01:08:57,2026.03.05 01:08:35,2026-03-04 01:08:57,5046.3,5048.3,2.0,False,,,,,0.01,0.0,0.0,0.0,no_fill,23.99388888888889
73685218,limit,buy,2026.03.04 01:08:30,2026.03.05 01:08:40,2026-03-04 01:08:30,5046.3,5048.3,2.0,False,,,,,0.01,0.0,0.0,0.0,no_fill,24.002777777777776
73685186,limit,buy,2026.03.04 01:08:09,2026.03.05 01:08:31,2026-03-04 01:08:09,5046.3,5048.3,2.0,False,,,,,0.01,0.0,0.0,0.0,no_fill,24.00611111111111
73685169,limit,buy,2026.03.04 01:07:32,2026.03.05 01:08:25,2026-03-04 01:07:32,5056.3,5058.3,2.0,False,,,,,0.01,0.0,0.0,0.0,no_fill,24.014722222222222
73685160,limit,buy,2026.03.04 01:07:09,2026.03.05 01:08:21,2026-03-04 01:07:09,5056.3,5058.3,2.0,False,,,,,0.01,0.0,0.0,0.0,no_fill,24.02
73685156,limit,buy,2026.03.04 01:06:47,2026.03.05 01:08:18,2026-03-04 01:06:47,5056.3,5058.3,2.0,False,,,,,0.01,0.0,0.0,0.0,no_fill,24.025277777777777
73685130,limit,buy,2026.03.04 01:06:04,2026.03.05 01:08:14,2026-03-04 01:06:04,5080.0,5082.0,2.0,False,,,,,0.01,0.0,0.0,0.0,no_fill,24.03611111111111
73685114,limit,buy,2026.03.04 01:05:47,2026.03.05 01:08:10,2026-03-04 01:05:47,5080.0,5082.0,2.0,False,,,,,0.01,0.0,0.0,0.0,no_fill,24.039722222222224
73685105,limit,buy,2026.03.04 01:05:32,2026.03.05 01:08:07,2026-03-04 01:05:32,5080.0,5082.0,2.0,False,,,,,0.01,0.0,0.0,0.0,no_fill,24.043055555555554
73565637,limit,buy,2026.03.03 12:25:27,2026.03.03 13:05:43,2026-03-03 12:25:27,5237.0,5239.0,2.0,False,,,,,0.01,0.0,0.0,0.0,no_fill,0.6711111111111111
73565583,limit,buy,2026.03.03 12:24:49,2026.03.03 13:05:42,2026-03-03 12:24:49,5237.0,5239.0,2.0,True,2026-03-03 09:25:00,5234.0,5234.0,5259.0,0.01,0.0,-5.18,-5.18,sl,0.6813888888888889
73565564,limit,buy,2026.03.03 12:24:34,2026.03.03 13:05:41,2026-03-03 12:24:34,5237.0,5239.0,2.0,True,2026-03-03 09:25:00,5234.0,5234.0,5259.0,0.01,0.0,-5.18,-5.18,sl,0.6852777777777778
73565545,limit,sell,2026.03.03 12:24:03,2026.03.04 12:21:25,2026-03-03 12:24:03,5204.5,5202.5,2.0,True,2026-03-03 09:25:00,5207.5,5207.5,5182.5,0.01,0.0,-5.18,-5.18,sl,23.95611111111111
73565534,limit,sell,2026.03.03 12:23:49,2026.03.04 12:21:22,2026-03-03 12:23:49,5204.5,5202.5,2.0,True,2026-03-03 09:25:00,5207.5,5207.5,5182.5,0.01,0.0,-5.18,-5.18,sl,23.95916666666667
73565481,limit,sell,2026.03.03 12:22:53,2026.03.04 12:21:18,2026-03-03 12:22:53,5204.5,5202.5,2.0,True,2026-03-03 09:25:00,5207.5,5207.5,5182.5,0.01,0.0,-5.18,-5.18,sl,23.97361111111111
73168945,limit,buy,2026.02.27 16:01:48,2026.03.02 01:14:06,2026-02-27 16:01:48,5211.0,5213.0,2.0,True,2026-02-27 13:05:00,5208.0,5208.0,5233.0,0.01,0.0,-5.18,-5.18,sl,57.205
73168923,limit,buy,2026.02.27 16:01:36,2026.03.02 01:14:48,2026-02-27 16:01:36,5211.0,5213.0,2.0,True,2026-02-27 13:05:00,5208.0,5208.0,5233.0,0.01,0.0,-5.18,-5.18,sl,57.22
73168887,limit,buy,2026.02.27 16:01:23,2026.03.02 01:14:53,2026-02-27 16:01:23,5211.0,5213.0,2.0,True,2026-02-27 13:05:00,5208.0,5208.0,5233.0,0.01,0.0,-5.18,-5.18,sl,57.225
73145315,limit,buy,2026.02.27 13:07:18,2026.03.02 01:14:44,2026-02-27 13:07:18,5129.2,5131.2,2.0,False,,,,,0.01,0.0,0.0,0.0,no_fill,60.12388888888889
73145301,limit,buy,2026.02.27 13:07:00,2026.03.02 01:14:16,2026-02-27 13:07:00,5129.2,5131.2,2.0,False,,,,,0.01,0.0,0.0,0.0,no_fill,60.12111111111111
73145293,limit,buy,2026.02.27 13:06:45,2026.03.02 01:14:09,2026-02-27 13:06:45,5129.2,5131.2,2.0,False,,,,,0.01,0.0,0.0,0.0,no_fill,60.123333333333335
73132701,limit,buy,2026.02.27 10:29:26,2026.03.02 01:14:13,2026-02-27 10:29:26,5147.0,5149.0,2.0,False,,,,,0.01,0.0,0.0,0.0,no_fill,62.74638888888889
73132677,limit,buy,2026.02.27 10:29:08,2026.03.02 01:14:29,2026-02-27 10:29:08,5147.0,5149.0,2.0,False,,,,,0.01,0.0,0.0,0.0,no_fill,62.755833333333335
73132666,limit,buy,2026.02.27 10:28:56,2026.03.02 01:14:20,2026-02-27 10:28:56,5147.0,5149.0,2.0,False,,,,,0.01,0.0,0.0,0.0,no_fill,62.75666666666667
73101888,limit,buy,2026.02.27 04:08:41,2026.02.27 10:23:31,2026-02-27 04:08:41,5166.5,5168.5,2.0,False,,,,,0.01,0.0,0.0,0.0,no_fill,6.247222222222222
73101866,limit,buy,2026.02.27 04:08:22,2026.02.27 10:23:29,2026-02-27 04:08:22,5166.5,5168.5,2.0,False,,,,,0.01,0.0,0.0,0.0,no_fill,6.251944444444445
73101780,limit,buy,2026.02.27 04:08:02,2026.02.27 10:23:27,2026-02-27 04:08:02,5166.5,5168.5,2.0,False,,,,,0.01,0.0,0.0,0.0,no_fill,6.256944444444445
73087195,limit,buy,2026.02.27 01:21:15,2026.03.02 01:14:23,2026-02-27 01:21:15,5140.0,5142.0,2.0,False,,,,,0.01,0.0,0.0,0.0,no_fill,71.88555555555556
73087179,limit,buy,2026.02.27 01:20:55,2026.03.02 01:14:26,2026-02-27 01:20:55,5140.0,5142.0,2.0,False,,,,,0.01,0.0,0.0,0.0,no_fill,71.89194444444445
73087159,limit,buy,2026.02.27 01:20:36,2026.03.02 01:14:32,2026-02-27 01:20:36,5140.0,5142.0,2.0,False,,,,,0.01,0.0,0.0,0.0,no_fill,71.89888888888889
73041126,limit,sell,2026.02.26 15:56:24,2026.02.27 01:08:37,2026-02-26 15:56:24,5211.2,5209.2,2.0,False,,,,,0.01,0.0,0.0,0.0,no_fill,9.203611111111112
73041110,limit,sell,2026.02.26 15:56:04,2026.02.27 01:08:32,2026-02-26 15:56:04,5211.2,5209.2,2.0,False,,,,,0.01,0.0,0.0,0.0,no_fill,9.207777777777778
73041098,limit,sell,2026.02.26 15:55:47,2026.02.27 01:08:26,2026-02-26 15:55:47,5211.2,5209.2,2.0,False,,,,,0.01,0.0,0.0,0.0,no_fill,9.210833333333333
72999534,limit,buy,2026.02.26 09:39:39,2026.02.26 13:06:52,2026-02-26 09:39:39,5152.0,5154.0,2.0,False,,,,,0.01,0.0,0.0,0.0,no_fill,3.453611111111111
72999510,limit,buy,2026.02.26 09:39:29,2026.02.26 13:06:47,2026-02-26 09:39:29,5152.0,5154.0,2.0,False,,,,,0.01,0.0,0.0,0.0,no_fill,3.455
72999482,limit,buy,2026.02.26 09:39:12,2026.02.26 13:06:41,2026-02-26 09:39:12,5152.0,5154.0,2.0,False,,,,,0.01,0.0,0.0,0.0,no_fill,3.4580555555555557
72971845,limit,buy,2026.02.26 04:05:44,2026.02.26 09:36:31,2026-02-26 04:05:44,5145.0,5147.0,2.0,False,,,,,0.01,0.0,0.0,0.0,no_fill,5.513055555555556
72971837,limit,buy,2026.02.26 04:05:32,2026.02.26 09:36:25,2026-02-26 04:05:32,5145.0,5147.0,2.0,False,,,,,0.01,0.0,0.0,0.0,no_fill,5.514722222222222
72971819,limit,buy,2026.02.26 04:05:18,2026.02.26 09:36:21,2026-02-26 04:05:18,5145.0,5147.0,2.0,False,,,,,0.01,0.0,0.0,0.0,no_fill,5.5175
72956413,limit,buy,2026.02.26 01:39:04,2026.03.02 01:14:35,2026-02-26 01:39:04,5113.2,5115.2,2.0,False,,,,,0.01,0.0,0.0,0.0,no_fill,95.59194444444445
72956393,limit,buy,2026.02.26 01:38:40,2026.03.02 01:14:41,2026-02-26 01:38:40,5113.2,5115.2,2.0,False,,,,,0.01,0.0,0.0,0.0,no_fill,95.60027777777778
72956383,limit,buy,2026.02.26 01:38:24,2026.03.02 01:14:38,2026-02-26 01:38:24,5113.2,5115.2,2.0,False,,,,,0.01,0.0,0.0,0.0,no_fill,95.60388888888889
72956314,limit,buy,2026.02.26 01:37:29,2026.03.02 01:14:57,2026-02-26 01:37:29,5123.35,5125.35,2.0,False,,,,,0.01,0.0,0.0,0.0,no_fill,95.62444444444445
72956294,limit,buy,2026.02.26 01:36:55,2026.03.02 01:15:02,2026-02-26 01:36:55,5123.35,5125.35,2.0,False,,,,,0.01,0.0,0.0,0.0,no_fill,95.63527777777777
72956250,limit,buy,2026.02.26 01:36:36,2026.03.02 01:15:05,2026-02-26 01:36:36,5123.35,5125.35,2.0,False,,,,,0.01,0.0,0.0,0.0,no_fill,95.64138888888888
72918935,limit,buy,2026.02.25 16:02:59,2026.02.26 01:09:07,2026-02-25 16:02:59,5138.0,5140.0,2.0,False,,,,,0.01,0.0,0.0,0.0,no_fill,9.102222222222222
72918910,limit,buy,2026.02.25 16:02:43,2026.02.26 01:09:02,2026-02-25 16:02:43,5138.0,5140.0,2.0,False,,,,,0.01,0.0,0.0,0.0,no_fill,9.105277777777777
72918880,limit,buy,2026.02.25 16:02:23,2026.02.26 01:08:55,2026-02-25 16:02:23,5138.0,5140.0,2.0,False,,,,,0.01,0.0,0.0,0.0,no_fill,9.108888888888888
72905459,limit,buy,2026.02.25 13:21:23,2026.03.02 01:15:14,2026-02-25 13:21:23,5082.5,5084.5,2.0,False,,,,,0.01,0.0,0.0,0.0,no_fill,107.8975
72905433,limit,buy,2026.02.25 13:21:06,2026.03.02 01:15:10,2026-02-25 13:21:06,5082.5,5084.5,2.0,False,,,,,0.01,0.0,0.0,0.0,no_fill,107.9011111111111
72905232,limit,buy,2026.02.25 13:19:19,2026.03.02 01:15:18,2026-02-25 13:19:19,5082.5,5084.5,2.0,False,,,,,0.01,0.0,0.0,0.0,no_fill,107.93305555555555
72904352,limit,buy,2026.02.25 13:16:00,2026.03.02 01:15:22,2026-02-25 13:16:00,5102.5,5104.5,2.0,False,,,,,0.01,0.0,0.0,0.0,no_fill,107.98944444444444
72904283,limit,buy,2026.02.25 13:15:43,2026.03.02 01:15:26,2026-02-25 13:15:43,5102.5,5104.5,2.0,False,,,,,0.01,0.0,0.0,0.0,no_fill,107.99527777777777
72904238,limit,buy,2026.02.25 13:15:23,2026.03.02 01:15:30,2026-02-25 13:15:23,5102.5,5104.5,2.0,False,,,,,0.01,0.0,0.0,0.0,no_fill,108.00194444444445
72904027,limit,buy,2026.02.25 13:14:12,2026.02.26 01:37:57,2026-02-25 13:14:12,5111.8,5113.8,2.0,False,,,,,0.01,0.0,0.0,0.0,no_fill,12.395833333333334
72903982,limit,buy,2026.02.25 13:13:52,2026.02.26 01:37:53,2026-02-25 13:13:52,5111.8,5113.8,2.0,False,,,,,0.01,0.0,0.0,0.0,no_fill,12.400277777777777
72903953,limit,buy,2026.02.25 13:13:35,2026.02.26 01:37:49,2026-02-25 13:13:35,5111.8,5113.8,2.0,False,,,,,0.01,0.0,0.0,0.0,no_fill,12.403888888888888
72898143,limit,buy,2026.02.25 12:20:24,2026.02.25 13:20:45,2026-02-25 12:20:24,5103.5,5105.5,2.0,False,,,,,0.01,0.0,0.0,0.0,no_fill,1.0058333333333334
72898013,limit,buy,2026.02.25 12:19:51,2026.02.25 13:20:40,2026-02-25 12:19:51,5103.5,5105.5,2.0,False,,,,,0.01,0.0,0.0,0.0,no_fill,1.013611111111111
72897988,limit,buy,2026.02.25 12:19:29,2026.02.25 13:20:36,2026-02-25 12:19:29,5103.5,5105.5,2.0,False,,,,,0.01,0.0,0.0,0.0,no_fill,1.0186111111111111
72887248,limit,sell,2026.02.25 10:14:09,2026.02.25 13:10:52,2026-02-25 10:14:09,5229.5,5227.5,2.0,False,,,,,0.01,0.0,0.0,0.0,no_fill,2.9452777777777777
72887226,limit,sell,2026.02.25 10:13:46,2026.02.25 13:10:49,2026-02-25 10:13:46,5229.5,5227.5,2.0,False,,,,,0.01,0.0,0.0,0.0,no_fill,2.950833333333333
72887195,limit,sell,2026.02.25 10:13:27,2026.02.25 13:10:45,2026-02-25 10:13:27,5229.5,5227.5,2.0,False,,,,,0.01,0.0,0.0,0.0,no_fill,2.955
72886178,limit,buy,2026.02.25 09:56:43,2026.02.25 13:10:29,2026-02-25 09:56:43,5157.0,5159.0,2.0,False,,,,,0.01,0.0,0.0,0.0,no_fill,3.2294444444444443
72886157,limit,buy,2026.02.25 09:56:30,2026.02.25 13:10:26,2026-02-25 09:56:30,5157.0,5159.0,2.0,False,,,,,0.01,0.0,0.0,0.0,no_fill,3.232222222222222
72811608,limit,buy,2026.02.24 16:28:44,2026.02.25 02:33:38,2026-02-24 16:28:44,5103.5,5105.5,2.0,True,2026-02-24 14:10:00,5100.5,5100.5,5125.5,0.01,0.0,-5.18,-5.18,sl,10.081666666666667
72811582,limit,buy,2026.02.24 16:28:33,2026.02.25 02:33:46,2026-02-24 16:28:33,5103.5,5105.5,2.0,True,2026-02-24 14:10:00,5100.5,5100.5,5125.5,0.01,0.0,-5.18,-5.18,sl,10.086944444444445
72811555,limit,buy,2026.02.24 16:28:21,2026.02.25 13:10:22,2026-02-24 16:28:21,5157.0,5159.0,2.0,True,2026-02-24 13:30:00,5154.0,5154.0,5179.0,0.01,0.0,-5.18,-5.18,sl,20.700277777777778
72735481,limit,sell,2026.02.24 03:44:43,2026.02.25 02:34:27,2026-02-24 03:44:43,5218.2,5216.2,2.0,True,2026-02-24 00:45:00,5221.2,5221.2,5196.2,0.01,0.0,-5.18,-5.18,sl,22.82888888888889
72735461,limit,sell,2026.02.24 03:44:13,2026.02.25 02:34:30,2026-02-24 03:44:13,5218.2,5216.2,2.0,True,2026-02-24 00:45:00,5221.2,5221.2,5196.2,0.01,0.0,-5.18,-5.18,sl,22.838055555555556
72735445,limit,sell,2026.02.24 03:43:53,2026.02.25 02:34:34,2026-02-24 03:43:53,5218.2,5216.2,2.0,True,2026-02-24 00:45:00,5221.2,5221.2,5196.2,0.01,0.0,-5.18,-5.18,sl,22.844722222222224
72685691,limit,buy,2026.02.23 17:06:51,2026.02.24 01:07:25,2026-02-23 17:06:51,5167.0,5169.0,2.0,True,2026-02-23 14:10:00,5164.0,5164.0,5189.0,0.01,0.0,-5.18,-5.18,sl,8.009444444444444
72685637,limit,buy,2026.02.23 17:06:37,2026.02.24 01:07:28,2026-02-23 17:06:37,5167.0,5169.0,2.0,True,2026-02-23 14:10:00,5164.0,5164.0,5189.0,0.01,0.0,-5.18,-5.18,sl,8.014166666666666
72685605,limit,buy,2026.02.23 17:06:20,2026.02.24 01:07:32,2026-02-23 17:06:20,5167.0,5169.0,2.0,True,2026-02-23 14:10:00,5164.0,5164.0,5189.0,0.01,0.0,-5.18,-5.18,sl,8.02
72670950,limit,buy,2026.02.23 15:28:51,2026.02.24 01:07:36,2026-02-23 15:28:51,5098.0,5100.0,2.0,False,,,,,0.01,0.0,0.0,0.0,no_fill,9.645833333333334
72670928,limit,buy,2026.02.23 15:28:37,2026.02.24 01:07:39,2026-02-23 15:28:37,5098.0,5100.0,2.0,False,,,,,0.01,0.0,0.0,0.0,no_fill,9.650555555555556
72670902,limit,buy,2026.02.23 15:28:21,2026.02.24 01:07:42,2026-02-23 15:28:21,5098.0,5100.0,2.0,False,,,,,0.01,0.0,0.0,0.0,no_fill,9.655833333333334
72643292,limit,buy,2026.02.23 10:35:55,2026.02.23 19:02:15,2026-02-23 10:35:55,5112.0,5114.0,2.0,False,,,,,0.01,0.0,0.0,0.0,no_fill,8.438888888888888
72643278,limit,buy,2026.02.23 10:35:41,2026.02.23 19:02:13,2026-02-23 10:35:41,5112.0,5114.0,2.0,False,,,,,0.01,0.0,0.0,0.0,no_fill,8.442222222222222
72643237,limit,buy,2026.02.23 10:35:10,2026.02.23 19:02:11,2026-02-23 10:35:10,5112.0,5114.0,2.0,False,,,,,0.01,0.0,0.0,0.0,no_fill,8.450277777777778
72590108,limit,buy,2026.02.23 01:44:17,2026.02.23 08:30:24,2026-02-23 01:44:17,5118.5,5120.5,2.0,True,2026-02-22 23:00:00,5115.5,5115.5,5140.5,0.01,0.0,-5.18,-5.18,sl,6.768611111111111
72589951,limit,buy,2026.02.23 01:43:57,2026.02.23 08:30:19,2026-02-23 01:43:57,5118.5,5120.5,2.0,True,2026-02-22 23:00:00,5115.5,5115.5,5140.5,0.01,0.0,-5.18,-5.18,sl,6.772777777777778
72589915,limit,buy,2026.02.23 01:43:37,2026.02.23 08:30:15,2026-02-23 01:43:37,5118.5,5120.5,2.0,True,2026-02-22 23:00:00,5115.5,5115.5,5140.5,0.01,0.0,-5.18,-5.18,sl,6.777222222222222
72587293,limit,buy,2026.02.23 01:16:19,2026.02.24 01:07:45,2026-02-23 01:16:19,5048.6,5050.6,2.0,False,,,,,0.01,0.0,0.0,0.0,no_fill,23.857222222222223
72587123,limit,buy,2026.02.23 01:15:37,2026.02.24 01:07:50,2026-02-23 01:15:37,5048.6,5050.6,2.0,False,,,,,0.01,0.0,0.0,0.0,no_fill,23.870277777777776
72586864,limit,buy,2026.02.23 01:14:56,2026.02.24 01:07:53,2026-02-23 01:14:56,5048.6,5050.6,2.0,False,,,,,0.01,0.0,0.0,0.0,no_fill,23.8825
72586614,limit,buy,2026.02.23 01:13:50,2026.02.24 01:07:56,2026-02-23 01:13:50,5066.3,5068.3,2.0,False,,,,,0.01,0.0,0.0,0.0,no_fill,23.901666666666667
72586586,limit,buy,2026.02.23 01:13:28,2026.02.24 01:07:59,2026-02-23 01:13:28,5066.3,5068.3,2.0,False,,,,,0.01,0.0,0.0,0.0,no_fill,23.90861111111111
72586469,limit,buy,2026.02.23 01:12:14,2026.02.24 01:07:22,2026-02-23 01:12:14,5066.3,5068.3,2.0,False,,,,,0.01,0.0,0.0,0.0,no_fill,23.91888888888889
72525911,limit,buy,2026.02.20 13:55:38,2026.02.20 15:40:03,2026-02-20 13:55:38,5000.0,5002.0,2.0,False,,,,,0.01,0.0,0.0,0.0,no_fill,1.7402777777777778
72525895,limit,buy,2026.02.20 13:55:26,2026.02.20 15:39:58,2026-02-20 13:55:26,5000.0,5002.0,2.0,False,,,,,0.01,0.0,0.0,0.0,no_fill,1.7422222222222221
72525876,limit,buy,2026.02.20 13:55:07,2026.02.20 15:39:52,2026-02-20 13:55:07,5000.0,5002.0,2.0,False,,,,,0.01,0.0,0.0,0.0,no_fill,1.7458333333333333
72517876,limit,buy,2026.02.20 11:41:58,2026.02.23 01:07:26,2026-02-20 11:41:58,4952.0,4954.0,2.0,False,,,,,0.01,0.0,0.0,0.0,no_fill,61.42444444444445
72517862,limit,buy,2026.02.20 11:41:31,2026.02.23 01:07:30,2026-02-20 11:41:31,4952.0,4954.0,2.0,False,,,,,0.01,0.0,0.0,0.0,no_fill,61.433055555555555
72517850,limit,buy,2026.02.20 11:41:07,2026.02.23 01:07:35,2026-02-20 11:41:07,4952.0,4954.0,2.0,False,,,,,0.01,0.0,0.0,0.0,no_fill,61.44111111111111
72517752,limit,buy,2026.02.20 11:38:26,2026.02.24 01:07:07,2026-02-20 11:38:26,5094.7,5096.7,2.0,True,2026-02-20 08:40:00,5091.7,5091.7,5116.7,0.01,0.0,-5.18,-5.18,sl,85.47805555555556
72517734,limit,buy,2026.02.20 11:38:04,2026.02.24 01:07:04,2026-02-20 11:38:04,5094.7,5096.7,2.0,True,2026-02-20 08:40:00,5091.7,5091.7,5116.7,0.01,0.0,-5.18,-5.18,sl,85.48333333333333
72517720,limit,buy,2026.02.20 11:37:45,2026.02.24 01:07:01,2026-02-20 11:37:45,5094.7,5096.7,2.0,True,2026-02-20 08:40:00,5091.7,5091.7,5116.7,0.01,0.0,-5.18,-5.18,sl,85.48777777777778
72501446,limit,buy,2026.02.20 08:04:03,2026.02.20 15:15:19,2026-02-20 08:04:03,4986.5,4988.5,2.0,False,,,,,0.01,0.0,0.0,0.0,no_fill,7.187777777777778
72501432,limit,buy,2026.02.20 08:03:41,2026.02.20 15:15:14,2026-02-20 08:03:41,4986.5,4988.5,2.0,False,,,,,0.01,0.0,0.0,0.0,no_fill,7.1925
72501412,limit,buy,2026.02.20 08:03:19,2026.02.20 15:15:09,2026-02-20 08:03:19,4986.5,4988.5,2.0,False,,,,,0.01,0.0,0.0,0.0,no_fill,7.197222222222222
72426916,limit,buy,2026.02.19 10:14:20,2026.02.19 16:00:18,2026-02-19 10:14:20,4971.5,4973.5,2.0,False,,,,,0.01,0.0,0.0,0.0,no_fill,5.766111111111111
72426908,limit,buy,2026.02.19 10:14:06,2026.02.19 16:00:23,2026-02-19 10:14:06,4971.5,4973.5,2.0,False,,,,,0.01,0.0,0.0,0.0,no_fill,5.771388888888889
72416074,limit,buy,2026.02.19 07:11:01,2026.02.19 10:21:58,2026-02-19 07:11:01,4932.0,4934.0,2.0,False,,,,,0.01,0.0,0.0,0.0,no_fill,3.1825
72416054,limit,buy,2026.02.19 07:10:37,2026.02.19 10:21:56,2026-02-19 07:10:37,4932.0,4934.0,2.0,False,,,,,0.01,0.0,0.0,0.0,no_fill,3.1886111111111113
72415989,limit,buy,2026.02.19 07:09:56,2026.02.19 10:21:54,2026-02-19 07:09:56,4932.0,4934.0,2.0,False,,,,,0.01,0.0,0.0,0.0,no_fill,3.1994444444444445
72372430,limit,buy,2026.02.18 15:49:51,2026.02.18 19:00:28,2026-02-18 15:49:51,4925.3,4927.3,2.0,False,,,,,0.01,0.0,0.0,0.0,no_fill,3.1769444444444446
72372414,limit,buy,2026.02.18 15:49:33,2026.02.18 19:00:32,2026-02-18 15:49:33,4925.3,4927.3,2.0,False,,,,,0.01,0.0,0.0,0.0,no_fill,3.1830555555555557
72372406,limit,buy,2026.02.18 15:49:18,2026.02.18 19:00:35,2026-02-18 15:49:18,4925.3,4927.3,2.0,False,,,,,0.01,0.0,0.0,0.0,no_fill,3.1880555555555556
72363579,limit,buy,2026.02.18 14:20:52,2026.02.20 23:40:01,2026-02-18 14:20:52,4949.0,4951.0,2.0,True,2026-02-18 11:25:00,4946.0,4946.0,4971.0,0.01,0.0,-5.18,-5.18,sl,57.31916666666667
72363549,limit,buy,2026.02.18 14:20:39,2026.02.20 23:39:56,2026-02-18 14:20:39,4949.0,4951.0,2.0,True,2026-02-18 11:25:00,4946.0,4946.0,4971.0,0.01,0.0,-5.18,-5.18,sl,57.32138888888889
72363500,limit,buy,2026.02.18 14:20:24,2026.02.20 23:39:53,2026-02-18 14:20:24,4949.0,4951.0,2.0,True,2026-02-18 11:25:00,4946.0,4946.0,4971.0,0.01,0.0,-5.18,-5.18,sl,57.32472222222222
72269369,limit,sell,2026.02.17 13:45:36,2026.02.18 01:56:31,2026-02-17 13:45:36,4953.0,4951.0,2.0,False,,,,,0.01,0.0,0.0,0.0,no_fill,12.181944444444444
72269359,limit,sell,2026.02.17 13:45:22,2026.02.18 01:56:27,2026-02-17 13:45:22,4953.0,4951.0,2.0,False,,,,,0.01,0.0,0.0,0.0,no_fill,12.184722222222222
72269342,limit,sell,2026.02.17 13:45:09,2026.02.18 01:56:22,2026-02-17 13:45:09,4953.0,4951.0,2.0,False,,,,,0.01,0.0,0.0,0.0,no_fill,12.186944444444444
72162445,limit,buy,2026.02.16 09:59:42,2026.02.17 02:24:32,2026-02-16 09:59:42,4956.5,4958.5,2.0,False,,,,,0.01,0.0,0.0,0.0,no_fill,16.413888888888888
72162438,limit,buy,2026.02.16 09:59:28,2026.02.17 02:24:36,2026-02-16 09:59:28,4956.5,4958.5,2.0,False,,,,,0.01,0.0,0.0,0.0,no_fill,16.41888888888889
72162434,limit,buy,2026.02.16 09:59:16,2026.02.17 02:24:29,2026-02-16 09:59:16,4956.5,4958.5,2.0,False,,,,,0.01,0.0,0.0,0.0,no_fill,16.420277777777777
72074345,limit,buy,2026.02.13 15:50:23,2026.02.13 18:57:18,2026-02-13 15:50:23,4956.0,4958.0,2.0,True,2026-02-13 13:20:00,4978.0,4953.0,4978.0,0.01,0.0,19.82,19.82,tp,3.1152777777777776
72074270,limit,buy,2026.02.13 15:50:02,2026.02.13 18:57:17,2026-02-13 15:50:02,4956.0,4958.0,2.0,True,2026-02-13 13:20:00,4978.0,4953.0,4978.0,0.01,0.0,19.82,19.82,tp,3.120833333333333
72074231,limit,buy,2026.02.13 15:49:48,2026.02.13 18:57:16,2026-02-13 15:49:48,4956.0,4958.0,2.0,True,2026-02-13 13:20:00,4978.0,4953.0,4978.0,0.01,0.0,19.82,19.82,tp,3.1244444444444444
72057968,limit,sell,2026.02.13 13:14:57,2026.02.13 15:33:20,2026-02-13 13:14:57,5000.0,4998.0,2.0,False,,,,,0.01,0.0,0.0,0.0,no_fill,2.306388888888889
72057954,limit,sell,2026.02.13 13:14:41,2026.02.13 15:33:19,2026-02-13 13:14:41,5000.0,4998.0,2.0,False,,,,,0.01,0.0,0.0,0.0,no_fill,2.3105555555555557
72057915,limit,sell,2026.02.13 13:14:24,2026.02.13 15:33:17,2026-02-13 13:14:24,5000.0,4998.0,2.0,False,,,,,0.01,0.0,0.0,0.0,no_fill,2.314722222222222
72015562,limit,buy,2026.02.13 06:55:39,2026.02.13 13:56:22,2026-02-13 06:55:39,4933.5,4935.5,2.0,False,,,,,0.01,0.0,0.0,0.0,no_fill,7.0119444444444445
72015545,limit,buy,2026.02.13 06:55:22,2026.02.13 13:56:20,2026-02-13 06:55:22,4933.5,4935.5,2.0,False,,,,,0.01,0.0,0.0,0.0,no_fill,7.016111111111111
72015535,limit,buy,2026.02.13 06:55:07,2026.02.13 13:56:18,2026-02-13 06:55:07,4933.5,4935.5,2.0,False,,,,,0.01,0.0,0.0,0.0,no_fill,7.019722222222223
72015505,limit,buy,2026.02.13 06:54:13,2026.02.13 19:35:29,2026-02-13 06:54:13,4899.0,4901.0,2.0,False,,,,,0.01,0.0,0.0,0.0,no_fill,12.687777777777777
72015489,limit,buy,2026.02.13 06:53:57,2026.02.13 19:35:27,2026-02-13 06:53:57,4899.0,4901.0,2.0,False,,,,,0.01,0.0,0.0,0.0,no_fill,12.691666666666666
72015477,limit,buy,2026.02.13 06:53:40,2026.02.13 19:35:26,2026-02-13 06:53:40,4899.0,4901.0,2.0,False,,,,,0.01,0.0,0.0,0.0,no_fill,12.696111111111112
71847254,limit,sell,2026.02.12 03:44:41,2026.02.12 16:04:21,2026-02-12 03:44:41,5086.0,5084.0,2.0,False,,,,,0.01,0.0,0.0,0.0,no_fill,12.327777777777778
71847231,limit,sell,2026.02.12 03:44:16,2026.02.12 16:04:20,2026-02-12 03:44:16,5086.0,5084.0,2.0,False,,,,,0.01,0.0,0.0,0.0,no_fill,12.334444444444445
71847212,limit,sell,2026.02.12 03:44:02,2026.02.12 16:04:19,2026-02-12 03:44:02,5086.0,5084.0,2.0,False,,,,,0.01,0.0,0.0,0.0,no_fill,12.338055555555556
71753142,limit,buy,2026.02.11 12:09:30,2026.02.11 12:57:38,2026-02-11 12:09:30,5026.0,5028.0,2.0,False,,,,,0.01,0.0,0.0,0.0,no_fill,0.8022222222222222
71753138,limit,buy,2026.02.11 12:09:18,2026.02.11 12:57:37,2026-02-11 12:09:18,5026.0,5028.0,2.0,False,,,,,0.01,0.0,0.0,0.0,no_fill,0.8052777777777778
71753132,limit,buy,2026.02.11 12:09:06,2026.02.11 12:57:35,2026-02-11 12:09:06,5026.0,5028.0,2.0,False,,,,,0.01,0.0,0.0,0.0,no_fill,0.8080555555555555
71726221,limit,buy,2026.02.11 07:01:15,2026.02.11 12:06:16,2026-02-11 07:01:15,5017.5,5019.5,2.0,False,,,,,0.01,0.0,0.0,0.0,no_fill,5.083611111111111
71726194,limit,buy,2026.02.11 07:00:59,2026.02.11 12:06:14,2026-02-11 07:00:59,5017.5,5019.5,2.0,False,,,,,0.01,0.0,0.0,0.0,no_fill,5.0875
71726150,limit,buy,2026.02.11 07:00:39,2026.02.11 12:06:12,2026-02-11 07:00:39,5017.5,5019.5,2.0,False,,,,,0.01,0.0,0.0,0.0,no_fill,5.0925
71700795,limit,buy,2026.02.11 01:11:25,2026.02.11 06:58:52,2026-02-11 01:11:25,5011.0,5013.0,2.0,False,,,,,0.01,0.0,0.0,0.0,no_fill,5.7908333333333335
71700791,limit,buy,2026.02.11 01:11:09,2026.02.11 06:58:49,2026-02-11 01:11:09,5011.0,5013.0,2.0,False,,,,,0.01,0.0,0.0,0.0,no_fill,5.794444444444444
71700782,limit,buy,2026.02.11 01:10:54,2026.02.11 06:58:34,2026-02-11 01:10:54,5011.0,5013.0,2.0,False,,,,,0.01,0.0,0.0,0.0,no_fill,5.794444444444444
71639795,limit,buy,2026.02.10 13:15:06,2026.02.10 15:08:55,2026-02-10 13:15:06,5019.0,5021.0,2.0,False,,,,,0.01,0.0,0.0,0.0,no_fill,1.8969444444444445
71639768,limit,buy,2026.02.10 13:14:41,2026.02.10 15:08:53,2026-02-10 13:14:41,5019.0,5021.0,2.0,False,,,,,0.01,0.0,0.0,0.0,no_fill,1.9033333333333333
71639755,limit,buy,2026.02.10 13:14:26,2026.02.10 15:08:51,2026-02-10 13:14:26,5019.0,5021.0,2.0,False,,,,,0.01,0.0,0.0,0.0,no_fill,1.9069444444444446
71623202,limit,buy,2026.02.10 10:16:45,2026.02.10 16:19:17,2026-02-10 10:16:45,4965.0,4967.0,2.0,False,,,,,0.01,0.0,0.0,0.0,no_fill,6.042222222222223
71623165,limit,buy,2026.02.10 10:16:30,2026.02.10 16:19:16,2026-02-10 10:16:30,4965.0,4967.0,2.0,False,,,,,0.01,0.0,0.0,0.0,no_fill,6.046111111111111
71623155,limit,buy,2026.02.10 10:16:15,2026.02.10 16:19:14,2026-02-10 10:16:15,4965.0,4967.0,2.0,False,,,,,0.01,0.0,0.0,0.0,no_fill,6.049722222222222
71532786,limit,sell,2026.02.09 15:47:22,2026.02.09 16:44:51,2026-02-09 15:47:22,5042.0,5040.0,2.0,False,,,,,0.01,0.0,0.0,0.0,no_fill,0.9580555555555555
71532764,limit,sell,2026.02.09 15:47:05,2026.02.09 16:44:50,2026-02-09 15:47:05,5042.0,5040.0,2.0,False,,,,,0.01,0.0,0.0,0.0,no_fill,0.9625
71532738,limit,sell,2026.02.09 15:46:51,2026.02.09 16:44:48,2026-02-09 15:46:51,5042.0,5040.0,2.0,False,,,,,0.01,0.0,0.0,0.0,no_fill,0.9658333333333333
71509246,limit,buy,2026.02.09 12:24:46,2026.02.09 17:59:47,2026-02-09 12:24:46,4978.5,4980.5,2.0,False,,,,,0.01,0.0,0.0,0.0,no_fill,5.583611111111111
71509231,limit,buy,2026.02.09 12:24:28,2026.02.09 17:59:46,2026-02-09 12:24:28,4978.5,4980.5,2.0,False,,,,,0.01,0.0,0.0,0.0,no_fill,5.588333333333333
71509185,limit,buy,2026.02.09 12:23:55,2026.02.09 17:59:44,2026-02-09 12:23:55,4978.5,4980.5,2.0,False,,,,,0.01,0.0,0.0,0.0,no_fill,5.5969444444444445
71502603,limit,buy,2026.02.09 11:25:54,2026.02.09 12:23:21,2026-02-09 11:25:54,4996.0,4998.0,2.0,False,,,,,0.01,0.0,0.0,0.0,no_fill,0.9575
71502595,limit,buy,2026.02.09 11:25:36,2026.02.09 12:23:20,2026-02-09 11:25:36,4996.0,4998.0,2.0,False,,,,,0.01,0.0,0.0,0.0,no_fill,0.9622222222222222
71502587,limit,buy,2026.02.09 11:25:22,2026.02.09 12:23:18,2026-02-09 11:25:22,4996.0,4998.0,2.0,False,,,,,0.01,0.0,0.0,0.0,no_fill,0.9655555555555555
71444390,limit,buy,2026.02.09 02:25:22,2026.02.09 03:45:23,2026-02-09 02:25:22,4974.5,4976.5,2.0,False,,,,,0.01,0.0,0.0,0.0,no_fill,1.333611111111111
71444318,limit,buy,2026.02.09 02:25:03,2026.02.09 03:45:21,2026-02-09 02:25:03,4974.5,4976.5,2.0,False,,,,,0.01,0.0,0.0,0.0,no_fill,1.3383333333333334
71444249,limit,buy,2026.02.09 02:24:39,2026.02.09 03:45:19,2026-02-09 02:24:39,4974.5,4976.5,2.0,False,,,,,0.01,0.0,0.0,0.0,no_fill,1.3444444444444446
