ticket,source,direction,open_time,close_time,open_dt,entry,exit_px,sl_price,tp_price,size,orig_net,sim_net,delta,exit_reason,orig_exit,hold_min
81107344,market,buy,2026.05.22 12:23:18,2026.05.22 13:41:32,2026-05-22 12:23:18,4518.76,4513.76,4513.76,4538.76,0.01,-5.58,-5.18,0.40000000000000036,sl,sl,78.23333333333333
81107335,market,buy,2026.05.22 12:23:12,2026.05.22 13:41:32,2026-05-22 12:23:12,4518.91,4513.91,4513.91,4538.91,0.01,-5.7299999999999995,-5.18,0.5499999999999998,sl,sl,78.33333333333333
81077078,market,buy,2026.05.22 06:54:13,2026.05.22 08:57:10,2026-05-22 06:54:13,4527.44,4522.44,4522.44,4547.44,0.01,-12.84,-5.18,7.66,sl,sl,122.95
81077069,market,buy,2026.05.22 06:54:10,2026.05.22 08:57:10,2026-05-22 06:54:10,4527.4,4522.4,4522.4,4547.4,0.01,-12.799999999999999,-5.18,7.619999999999999,sl,sl,123.0
80917655,market,buy,2026.05.22 02:36:17,2026.05.22 03:00:35,2026-05-22 02:36:17,4536.01,4531.01,4531.01,4556.01,0.01,-4.33,-5.18,-0.8499999999999996,sl,sl,24.3
80917620,market,buy,2026.05.22 02:31:33,2026.05.22 03:00:35,2026-05-22 02:31:33,4537.0,4532.0,4532.0,4557.0,0.01,-5.319999999999999,-5.18,0.13999999999999968,sl,sl,29.033333333333335
80917563,market,buy,2026.05.22 02:31:24,2026.05.22 03:00:35,2026-05-22 02:31:24,4538.0,4533.0,4533.0,4558.0,0.01,-6.319999999999999,-5.18,1.1399999999999997,sl,sl,29.183333333333334
81038366,market,sell,2026.05.21 20:11:00,2026.05.21 20:15:57,2026-05-21 20:11:00,4529.0,4534.0,4534.0,4509.0,0.01,-5.52,-5.18,0.33999999999999986,sl,sl,4.95
81038421,market,sell,2026.05.21 20:11:00,2026.05.21 20:15:57,2026-05-21 20:11:00,4529.8,4534.8,4534.8,4509.8,0.01,-4.72,-5.18,-0.45999999999999996,sl,sl,4.95
81037501,market,sell,2026.05.21 20:10:56,2026.05.21 20:15:57,2026-05-21 20:10:56,4528.0,4533.0,4533.0,4508.0,0.01,-6.52,-5.18,1.3399999999999999,sl,sl,5.016666666666667
80896756,market,sell,2026.05.20 18:15:50,2026.05.20 18:16:03,2026-05-20 18:15:50,4546.5,4550.62,4551.5,4526.5,0.01,-4.3,-4.299999999999891,1.092459456231154e-13,time,sl,0.21666666666666667
80896741,market,sell,2026.05.20 18:15:47,2026.05.20 18:16:03,2026-05-20 18:15:47,4545.24,4550.62,4550.24,4525.24,0.01,-5.56,-5.560000000000109,-1.092459456231154e-13,time,sl,0.26666666666666666
80896706,market,sell,2026.05.20 18:15:46,2026.05.20 18:16:03,2026-05-20 18:15:46,4544.49,4550.62,4549.49,4524.49,0.01,-6.31,-6.310000000000109,-1.092459456231154e-13,time,sl,0.2833333333333333
80844136,market,sell,2026.05.20 17:31:13,2026.05.20 17:32:12,2026-05-20 17:31:13,4522.0,4527.0,4527.0,4502.0,0.01,-4.3999999999999995,-5.18,-0.7800000000000002,sl,sl,0.9833333333333333
80844063,market,sell,2026.05.20 17:30:57,2026.05.20 17:32:12,2026-05-20 17:30:57,4521.0,4526.0,4526.0,4501.0,0.01,-5.3999999999999995,-5.18,0.21999999999999975,sl,sl,1.25
80844036,market,sell,2026.05.20 17:30:55,2026.05.20 17:32:12,2026-05-20 17:30:55,4520.0,4525.0,4525.0,4500.0,0.01,-6.3999999999999995,-5.18,1.2199999999999998,sl,sl,1.2833333333333334
80767140,market,sell,2026.05.20 17:30:46,2026.05.20 17:31:48,2026-05-20 17:30:46,4518.85,4523.85,4523.85,4498.85,0.01,-5.13,-5.18,-0.04999999999999982,sl,sl,1.0333333333333334
80767096,market,sell,2026.05.20 17:30:46,2026.05.20 17:31:48,2026-05-20 17:30:46,4518.0,4523.0,4523.0,4498.0,0.01,-5.9799999999999995,-5.18,0.7999999999999998,sl,sl,1.0333333333333334
80766987,market,sell,2026.05.20 17:30:45,2026.05.20 17:31:48,2026-05-20 17:30:45,4517.0,4522.0,4522.0,4497.0,0.01,-6.9799999999999995,-5.18,1.7999999999999998,sl,sl,1.05
80783657,market,sell,2026.05.20 03:30:02,2026.05.20 03:30:58,2026-05-20 03:30:02,4503.0,4507.38,4508.0,4483.0,0.01,-4.56,-4.560000000000109,-1.092459456231154e-13,time,sl,0.9333333333333333
80783643,market,sell,2026.05.20 03:29:59,2026.05.20 03:30:58,2026-05-20 03:29:59,4501.92,4506.92,4506.92,4481.92,0.01,-5.64,-5.18,0.45999999999999996,sl,sl,0.9833333333333333
80783633,market,sell,2026.05.20 03:29:56,2026.05.20 03:30:58,2026-05-20 03:29:56,4501.0,4506.0,4506.0,4481.0,0.01,-6.56,-5.18,1.38,sl,sl,1.0333333333333334
80736276,market,buy,2026.05.19 16:24:42,2026.05.19 16:26:17,2026-05-19 16:24:42,4505.06,4500.06,4500.06,4525.06,0.01,-4.37,-5.18,-0.8099999999999996,sl,sl,1.5833333333333333
80736188,market,buy,2026.05.19 16:23:42,2026.05.19 16:26:17,2026-05-19 16:23:42,4506.1,4501.1,4501.1,4526.1,0.01,-5.41,-5.18,0.23000000000000043,sl,sl,2.5833333333333335
80736078,market,buy,2026.05.19 16:23:35,2026.05.19 16:26:17,2026-05-19 16:23:35,4507.0,4502.0,4502.0,4527.0,0.01,-6.31,-5.18,1.13,sl,sl,2.7
80513036,market,sell,2026.05.18 16:33:35,2026.05.18 16:54:37,2026-05-18 16:33:35,4578.7,4583.7,4583.7,4558.7,0.01,-4.319999999999999,-5.18,-0.8600000000000003,sl,sl,21.033333333333335
80513018,market,sell,2026.05.18 16:33:32,2026.05.18 16:54:37,2026-05-18 16:33:32,4577.7,4582.7,4582.7,4557.7,0.01,-5.319999999999999,-5.18,0.13999999999999968,sl,sl,21.083333333333332
80512984,market,sell,2026.05.18 16:01:10,2026.05.18 16:54:37,2026-05-18 16:01:10,4576.52,4581.52,4581.52,4556.52,0.01,-6.5,-5.18,1.3200000000000003,sl,sl,53.45
80513799,market,buy,2026.05.18 03:34:24,2026.05.18 03:40:20,2026-05-18 03:34:24,4491.0,4486.0,4486.0,4511.0,0.01,-4.47,-5.18,-0.71,sl,sl,5.933333333333334
80513663,market,buy,2026.05.18 03:34:12,2026.05.18 03:34:12,2026-05-18 03:34:12,4496.0,4491.0,4491.0,4516.0,0.01,-4.739999999999999,-5.18,-0.4400000000000004,sl,sl,0.0
80513605,market,buy,2026.05.18 03:34:12,2026.05.18 03:34:12,2026-05-18 03:34:12,4497.0,4492.0,4492.0,4517.0,0.01,-5.739999999999999,-5.18,0.5599999999999996,sl,sl,0.0
80513742,market,buy,2026.05.18 03:34:12,2026.05.18 03:40:20,2026-05-18 03:34:12,4493.0,4488.0,4488.0,4513.0,0.01,-6.47,-5.18,1.29,sl,sl,6.133333333333334
80513770,market,buy,2026.05.18 03:34:12,2026.05.18 03:40:20,2026-05-18 03:34:12,4492.0,4487.0,4487.0,4512.0,0.01,-5.47,-5.18,0.29000000000000004,sl,sl,6.133333333333334
80513584,market,buy,2026.05.18 03:34:01,2026.05.18 03:34:12,2026-05-18 03:34:01,4498.0,4493.0,4493.0,4518.0,0.01,-6.21,-5.18,1.0300000000000002,sl,sl,0.18333333333333332
80468801,market,buy,2026.05.15 16:45:17,2026.05.15 16:45:47,2026-05-15 16:45:17,4516.2,4536.2,4511.2,4536.2,0.01,-4.81,19.82,24.63,tp,sl,0.5
80468669,market,buy,2026.05.15 16:45:14,2026.05.15 16:45:47,2026-05-15 16:45:14,4518.2,4511.57,4513.2,4538.2,0.01,-6.81,-6.810000000000109,-1.092459456231154e-13,time,sl,0.55
80468761,market,buy,2026.05.15 16:45:14,2026.05.15 16:45:47,2026-05-15 16:45:14,4517.26,4511.57,4512.26,4537.26,0.01,-5.87,-5.870000000000509,-5.089262344881718e-13,time,sl,0.55
80448388,market,sell,2026.05.15 13:53:37,2026.05.15 14:36:54,2026-05-15 13:53:37,4572.0,4552.0,4577.0,4552.0,0.01,14.82,19.82,5.0,tp,tp,43.28333333333333
80421906,market,buy,2026.05.15 12:11:00,2026.05.15 12:15:59,2026-05-15 12:11:00,4548.31,4543.31,4543.31,4568.31,0.01,-5.1,-5.18,-0.08000000000000007,sl,sl,4.983333333333333
80421870,market,buy,2026.05.15 12:10:59,2026.05.15 12:15:59,2026-05-15 12:10:59,4549.0,4544.0,4544.0,4569.0,0.01,-5.79,-5.18,0.6100000000000003,sl,sl,5.0
80421844,market,buy,2026.05.15 12:10:22,2026.05.15 12:15:59,2026-05-15 12:10:22,4550.03,4545.03,4545.03,4570.03,0.01,-6.819999999999999,-5.18,1.6399999999999997,sl,sl,5.616666666666666
80418578,market,sell,2026.05.15 10:19:26,2026.05.18 03:33:57,2026-05-15 10:19:26,4586.5,4566.5,4591.5,4566.5,0.01,80.71,20.06,-60.64999999999999,tp,tp,3914.516666666667
80418545,market,sell,2026.05.15 10:13:56,2026.05.15 11:01:20,2026-05-15 10:13:56,4585.48,4565.48,4590.48,4565.48,0.01,19.3,19.82,0.5199999999999996,tp,tp,47.4
80418520,market,sell,2026.05.15 10:12:57,2026.05.15 10:51:37,2026-05-15 10:12:57,4584.5,4571.62,4589.5,4564.5,0.01,12.700000000000001,12.70000000000011,1.0835776720341528e-13,time,other,38.666666666666664
80245151,market,buy,2026.05.15 07:44:35,2026.05.15 08:02:02,2026-05-15 07:44:35,4604.7,4599.7,4599.7,4624.7,0.01,-4.359999999999999,-5.18,-0.8200000000000003,sl,sl,17.45
80245141,market,buy,2026.05.15 07:43:48,2026.05.15 08:02:02,2026-05-15 07:43:48,4605.7,4600.7,4600.7,4625.7,0.01,-5.359999999999999,-5.18,0.17999999999999972,sl,sl,18.233333333333334
80245114,market,buy,2026.05.15 07:43:41,2026.05.15 08:02:02,2026-05-15 07:43:41,4606.7,4601.7,4601.7,4626.7,0.01,-6.359999999999999,-5.18,1.1799999999999997,sl,sl,18.35
79876179,market,buy,2026.05.15 03:40:22,2026.05.15 03:41:44,2026-05-15 03:40:22,4618.7,4614.62,4613.7,4638.7,0.01,-4.26,-4.259999999999927,7.283063041541027e-14,time,sl,1.3666666666666667
79876120,market,buy,2026.05.15 03:39:30,2026.05.15 03:41:44,2026-05-15 03:39:30,4619.7,4614.7,4614.7,4639.7,0.01,-5.26,-5.18,0.08000000000000007,sl,sl,2.2333333333333334
79876063,market,buy,2026.05.15 03:39:12,2026.05.15 03:41:44,2026-05-15 03:39:12,4620.97,4615.97,4615.97,4640.97,0.01,-6.529999999999999,-5.18,1.3499999999999996,sl,sl,2.533333333333333
80324218,market,buy,2026.05.14 22:38:47,2026.05.14 22:44:04,2026-05-14 22:38:47,4660.7,4655.7,4655.7,4680.7,0.01,-5.18,-5.18,0.0,sl,sl,5.283333333333333
80324238,market,buy,2026.05.14 22:38:47,2026.05.14 22:44:04,2026-05-14 22:38:47,4659.7,4654.7,4654.7,4679.7,0.01,-4.18,-5.18,-1.0,sl,sl,5.283333333333333
80324165,market,buy,2026.05.14 22:32:48,2026.05.14 22:44:04,2026-05-14 22:32:48,4661.7,4656.7,4656.7,4681.7,0.01,-6.18,-5.18,1.0,sl,sl,11.266666666666667
80301887,market,buy,2026.05.14 16:40:28,2026.05.14 16:41:38,2026-05-14 16:40:28,4677.75,4673.49,4672.75,4697.75,0.01,-4.4399999999999995,-4.440000000000218,-2.184918912462308e-13,time,sl,1.1666666666666667
80301856,market,buy,2026.05.14 16:40:27,2026.05.14 16:41:38,2026-05-14 16:40:27,4678.74,4673.49,4673.74,4698.74,0.01,-5.43,-5.43,0.0,time,sl,1.1833333333333333
80301823,market,buy,2026.05.14 16:40:17,2026.05.14 16:41:38,2026-05-14 16:40:17,4679.7,4673.49,4674.7,4699.7,0.01,-6.39,-6.390000000000036,-3.6415315207705135e-14,time,sl,1.35
80244860,market,sell,2026.05.14 10:36:55,2026.05.15 03:30:53,2026-05-14 10:36:55,4718.5,4698.5,4723.5,4698.5,0.01,93.71,20.06,-73.64999999999999,tp,tp,1013.9666666666667
80244845,market,sell,2026.05.14 10:36:54,2026.05.14 16:30:00,2026-05-14 10:36:54,4717.48,4697.48,4722.48,4697.48,0.01,30.45,19.82,-10.629999999999999,tp,tp,353.1
80244821,market,sell,2026.05.14 10:36:34,2026.05.14 10:50:38,2026-05-14 10:36:34,4716.49,4696.49,4721.49,4696.49,0.01,15.36,19.82,4.460000000000001,tp,tp,14.066666666666666
80211882,market,sell,2026.05.13 19:24:41,2026.05.14 07:00:38,2026-05-13 19:24:41,4709.5,4689.5,4714.5,4689.5,0.01,40.18,20.53,-19.65,tp,tp,695.95
80211825,market,sell,2026.05.13 19:24:33,2026.05.13 20:34:09,2026-05-13 19:24:33,4708.5,4693.85,4713.5,4688.5,0.01,14.47,14.469999999999636,-3.6415315207705135e-13,time,tp,69.6
80181909,market,buy,2026.05.13 15:30:01,2026.05.13 15:32:39,2026-05-13 15:30:01,4682.0,4676.9,4677.0,4702.0,0.01,-5.279999999999999,-5.2800000000003635,-3.6415315207705135e-13,time,sl,2.6333333333333333
80181933,market,buy,2026.05.13 15:30:01,2026.05.13 15:32:39,2026-05-13 15:30:01,4681.0,4676.9,4676.0,4701.0,0.01,-4.279999999999999,-4.2800000000003635,-3.6415315207705135e-13,time,sl,2.6333333333333333
80181890,market,buy,2026.05.13 15:30:01,2026.05.13 15:32:39,2026-05-13 15:30:01,4683.0,4678.0,4678.0,4703.0,0.01,-6.279999999999999,-5.18,1.0999999999999996,sl,sl,2.6333333333333333
80165911,market,sell,2026.05.13 09:15:57,2026.05.13 09:16:04,2026-05-13 09:15:57,4713.46,4712.68,4718.46,4693.46,0.01,0.6000000000000001,0.5999999999997454,-2.546851618490109e-13,time,other,0.11666666666666667
80125574,market,sell,2026.05.12 21:26:15,2026.05.12 21:32:30,2026-05-12 21:26:15,4685.0,4690.0,4690.0,4665.0,0.01,-4.2299999999999995,-5.18,-0.9500000000000002,sl,sl,6.25
80125565,market,sell,2026.05.12 21:20:39,2026.05.12 21:32:30,2026-05-12 21:20:39,4684.0,4689.0,4689.0,4664.0,0.01,-5.2299999999999995,-5.18,0.04999999999999982,sl,sl,11.85
80125540,market,sell,2026.05.12 21:01:41,2026.05.12 21:32:30,2026-05-12 21:01:41,4683.0,4688.0,4688.0,4663.0,0.01,-6.2299999999999995,-5.18,1.0499999999999998,sl,sl,30.816666666666666
80094932,market,buy,2026.05.12 18:17:29,2026.05.12 18:21:15,2026-05-12 18:17:29,4663.0,4658.0,4658.0,4683.0,0.01,-5.199999999999999,-5.18,0.019999999999999574,sl,sl,3.7666666666666666
80094836,market,buy,2026.05.12 18:12:10,2026.05.12 18:21:15,2026-05-12 18:12:10,4666.0,4661.0,4661.0,4686.0,0.01,-8.2,-5.18,3.0199999999999996,sl,sl,9.083333333333334
80094735,market,buy,2026.05.12 18:02:00,2026.05.12 18:21:15,2026-05-12 18:02:00,4669.0,4664.0,4664.0,4689.0,0.01,-11.2,-5.18,6.02,sl,sl,19.25
79992888,market,buy,2026.05.12 16:16:43,2026.05.12 16:38:36,2026-05-12 16:16:43,4681.14,4701.14,4676.14,4701.14,0.01,14.98,19.82,4.84,tp,tp,21.883333333333333
79992862,market,buy,2026.05.12 16:16:42,2026.05.12 17:00:09,2026-05-12 16:16:42,4682.0,4677.0,4677.0,4702.0,0.01,-5.3,-5.18,0.1200000000000001,sl,sl,43.45
79992845,market,buy,2026.05.12 16:16:41,2026.05.12 17:00:09,2026-05-12 16:16:41,4683.0,4678.0,4678.0,4703.0,0.01,-6.3,-5.18,1.12,sl,sl,43.46666666666667
79976999,market,buy,2026.05.12 09:23:40,2026.05.12 10:02:40,2026-05-12 09:23:40,4698.0,4693.0,4693.0,4718.0,0.01,-4.449999999999999,-5.18,-0.7300000000000004,sl,sl,39.0
79976928,market,buy,2026.05.12 09:23:37,2026.05.12 10:02:40,2026-05-12 09:23:37,4699.29,4694.29,4694.29,4719.29,0.01,-5.739999999999999,-5.18,0.5599999999999996,sl,sl,39.05
79976724,market,buy,2026.05.12 09:22:37,2026.05.12 10:02:40,2026-05-12 09:22:37,4700.1,4695.1,4695.1,4720.1,0.01,-6.55,-5.18,1.37,sl,sl,40.05
79938994,market,buy,2026.05.11 12:33:26,2026.05.12 10:03:42,2026-05-11 12:33:26,4652.0,4672.0,4647.0,4672.0,0.01,39.65,19.25,-20.4,tp,sl,1290.2666666666667
79938972,market,buy,2026.05.11 12:33:18,2026.05.11 16:13:21,2026-05-11 12:33:18,4653.0,4673.0,4648.0,4673.0,0.01,66.97,19.82,-47.15,tp,tp,220.05
79938952,market,buy,2026.05.11 12:32:25,2026.05.11 14:02:31,2026-05-11 12:32:25,4654.0,4668.02,4649.0,4674.0,0.01,13.84,13.840000000000437,4.369837824924616e-13,time,tp,90.1
79818306,market,buy,2026.05.11 08:55:28,2026.05.11 08:55:53,2026-05-11 08:55:28,4652.0,4648.97,4647.0,4672.0,0.01,-3.21,-3.2099999999997455,2.544631172440859e-13,time,sl,0.4166666666666667
79818283,market,buy,2026.05.11 08:52:24,2026.05.11 08:55:53,2026-05-11 08:52:24,4653.07,4648.07,4648.07,4673.07,0.01,-4.279999999999999,-5.18,-0.9000000000000004,sl,sl,3.4833333333333334
79818244,market,buy,2026.05.11 08:52:07,2026.05.11 08:55:53,2026-05-11 08:52:07,4654.0,4649.0,4649.0,4674.0,0.01,-5.21,-5.18,0.03000000000000025,sl,sl,3.7666666666666666
79836186,market,buy,2026.05.11 01:05:00,2026.05.11 01:06:15,2026-05-11 01:05:00,4687.03,4682.03,4682.03,4707.03,0.01,-6.239999999999999,-5.18,1.0599999999999996,sl,sl,1.25
79836288,market,buy,2026.05.11 01:05:00,2026.05.11 01:06:15,2026-05-11 01:05:00,4685.71,4680.71,4680.71,4705.71,0.01,-4.92,-5.18,-0.2599999999999998,sl,sl,1.25
79836262,market,buy,2026.05.11 01:05:00,2026.05.11 01:06:15,2026-05-11 01:05:00,4687.03,4682.03,4682.03,4707.03,0.01,-6.239999999999999,-5.18,1.0599999999999996,sl,sl,1.25
79850592,market,buy,2026.05.08 18:18:47,2026.05.08 23:51:57,2026-05-08 18:18:47,4705.0,4725.0,4700.0,4725.0,0.01,9.63,19.82,10.19,tp,other,333.1666666666667
79850579,market,buy,2026.05.08 18:14:04,2026.05.08 23:48:51,2026-05-08 18:14:04,4710.0,4705.0,4705.0,4730.0,0.01,5.2700000000000005,-5.18,-10.45,sl,other,334.78333333333336
79850557,market,buy,2026.05.08 17:49:06,2026.05.08 23:49:18,2026-05-08 17:49:06,4715.0,4710.0,4710.0,4735.0,0.01,0.18,-5.18,-5.359999999999999,sl,other,360.2
79775357,market,buy,2026.05.08 10:25:36,2026.05.08 16:30:28,2026-05-08 10:25:36,4698.0,4718.0,4693.0,4718.0,0.01,32.93,19.82,-13.11,tp,tp,364.8666666666667
79775314,market,buy,2026.05.08 10:25:36,2026.05.08 10:50:01,2026-05-08 10:25:36,4698.0,4713.05,4693.0,4718.0,0.01,14.870000000000001,14.870000000000182,1.8118839761882555e-13,time,tp,24.416666666666668
79793300,market,buy,2026.05.08 10:14:56,2026.05.08 10:17:35,2026-05-08 10:14:56,4716.0,4711.0,4711.0,4736.0,0.01,-3.31,-5.18,-1.8699999999999997,sl,sl,2.65
79793237,market,buy,2026.05.08 10:14:56,2026.05.08 10:17:35,2026-05-08 10:14:56,4716.0,4711.0,4711.0,4736.0,0.01,-3.31,-5.18,-1.8699999999999997,sl,sl,2.65
79688657,market,buy,2026.05.08 01:45:33,2026.05.08 04:18:50,2026-05-08 01:45:33,4684.8,4704.8,4679.8,4704.8,0.01,30.36,19.82,-10.54,tp,other,153.28333333333333
79688613,market,buy,2026.05.07 20:27:10,2026.05.08 23:49:49,2026-05-07 20:27:10,4689.8,4709.8,4684.8,4709.8,0.01,24.3,19.25,-5.050000000000001,tp,other,1642.65
79688544,market,buy,2026.05.07 20:27:02,2026.05.11 01:05:00,2026-05-07 20:27:02,4694.8,4714.8,4689.8,4714.8,0.01,-9.17,18.68,27.85,tp,sl,4597.966666666666
79679447,market,buy,2026.05.07 19:19:10,2026.05.07 20:26:43,2026-05-07 19:19:10,4705.0,4700.0,4700.0,4725.0,0.01,-5.39,-5.18,0.20999999999999996,sl,sl,67.55
79679467,market,buy,2026.05.07 19:19:10,2026.05.07 20:26:43,2026-05-07 19:19:10,4705.0,4700.0,4700.0,4725.0,0.01,-5.39,-5.18,0.20999999999999996,sl,sl,67.55
79679373,market,buy,2026.05.07 19:10:53,2026.05.07 19:18:17,2026-05-07 19:10:53,4715.0,4710.0,4710.0,4735.0,0.01,-5.35,-5.18,0.16999999999999993,sl,sl,7.4
79679412,market,buy,2026.05.07 19:10:53,2026.05.07 19:18:17,2026-05-07 19:10:53,4715.0,4710.0,4710.0,4735.0,0.01,-5.35,-5.18,0.16999999999999993,sl,sl,7.4
79638002,market,buy,2026.05.07 03:42:45,2026.05.07 04:06:49,2026-05-07 03:42:45,4687.0,4707.0,4682.0,4707.0,0.01,9.870000000000001,19.82,9.95,tp,tp,24.066666666666666
79638013,market,buy,2026.05.07 03:42:45,2026.05.07 20:26:43,2026-05-07 03:42:45,4687.0,4707.0,4682.0,4707.0,0.01,12.61,19.82,7.210000000000001,tp,sl,1003.9666666666667
79583777,market,buy,2026.05.06 15:15:11,2026.05.06 15:19:00,2026-05-06 15:15:11,4670.5,4663.48,4665.5,4690.5,0.01,-7.199999999999999,-7.200000000000436,-4.369837824924616e-13,time,sl,3.816666666666667
79583814,market,buy,2026.05.06 15:15:11,2026.05.06 15:19:00,2026-05-06 15:15:11,4668.5,4663.48,4663.5,4688.5,0.01,-5.199999999999999,-5.200000000000436,-4.369837824924616e-13,time,sl,3.816666666666667
79583739,market,buy,2026.05.06 15:14:35,2026.05.06 15:19:00,2026-05-06 15:14:35,4672.5,4667.5,4667.5,4692.5,0.01,-9.2,-5.18,4.02,sl,sl,4.416666666666667
79477773,market,buy,2026.05.05 19:31:19,2026.05.06 01:05:18,2026-05-05 19:31:19,4556.0,4551.0,4551.0,4576.0,0.01,-5.81,-5.75,0.05999999999999961,sl,sl,333.98333333333335
79477753,market,buy,2026.05.05 19:25:12,2026.05.06 01:05:18,2026-05-05 19:25:12,4561.0,4556.0,4556.0,4581.0,0.01,-10.81,-5.75,5.0600000000000005,sl,sl,340.1
79500023,market,buy,2026.05.05 19:03:24,2026.05.06 01:05:18,2026-05-05 19:03:24,4566.0,4561.0,4561.0,4586.0,0.01,-15.81,-5.75,10.06,sl,sl,361.9
79477728,market,buy,2026.05.05 15:47:00,2026.05.05 16:17:19,2026-05-05 15:47:00,4566.14,4584.1,4561.14,4586.14,0.01,17.78,17.780000000000037,3.552713678800501e-14,time,tp,30.316666666666666
79378946,market,sell,2026.05.05 14:42:41,2026.05.05 15:23:32,2026-05-05 14:42:41,4564.0,4569.0,4569.0,4544.0,0.01,-5.2299999999999995,-5.18,0.04999999999999982,sl,sl,40.85
79378889,market,sell,2026.05.05 11:57:03,2026.05.05 15:23:32,2026-05-05 11:57:03,4559.0,4564.0,4564.0,4539.0,0.01,-10.23,-5.18,5.050000000000001,sl,sl,206.48333333333332
79378860,market,sell,2026.05.05 10:04:39,2026.05.05 15:23:32,2026-05-05 10:04:39,4554.0,4559.0,4559.0,4534.0,0.01,-15.23,-5.18,10.05,sl,sl,318.8833333333333
79412856,market,sell,2026.05.05 05:43:00,2026.05.05 08:35:15,2026-05-05 05:43:00,4544.0,4549.0,4549.0,4524.0,0.01,-5.699999999999999,-5.18,0.5199999999999996,sl,sl,172.25
79412791,market,sell,2026.05.05 04:14:12,2026.05.05 08:35:15,2026-05-05 04:14:12,4539.0,4544.0,4544.0,4519.0,0.01,-10.7,-5.18,5.52,sl,sl,261.05
79412761,market,sell,2026.05.05 04:04:38,2026.05.05 08:35:15,2026-05-05 04:04:38,4534.0,4539.0,4539.0,4514.0,0.01,-15.7,-5.18,10.52,sl,sl,270.6166666666667
79373623,market,buy,2026.05.04 16:31:53,2026.05.04 17:40:12,2026-05-04 16:31:53,4556.0,4576.0,4551.0,4576.0,0.01,26.05,19.82,-6.23,tp,tp,68.31666666666666
79373559,market,buy,2026.05.04 16:04:30,2026.05.04 18:14:27,2026-05-04 16:04:30,4561.0,4556.0,4556.0,4581.0,0.01,-11.09,-5.18,5.91,sl,sl,129.95
79373492,market,buy,2026.05.04 16:02:49,2026.05.04 18:14:27,2026-05-04 16:02:49,4564.61,4559.61,4559.61,4584.61,0.01,-14.7,-5.18,9.52,sl,sl,131.63333333333333
79352779,market,buy,2026.05.04 13:18:22,2026.05.04 13:22:05,2026-05-04 13:18:22,4536.0,4531.0,4531.0,4556.0,0.01,-5.489999999999999,-5.18,0.3099999999999996,sl,sl,3.716666666666667
79352277,market,buy,2026.05.04 13:14:05,2026.05.04 13:22:05,2026-05-04 13:14:05,4539.06,4534.06,4534.06,4559.06,0.01,-8.549999999999999,-5.18,3.369999999999999,sl,sl,8.0
79341106,market,buy,2026.05.04 13:08:07,2026.05.04 13:12:41,2026-05-04 13:08:07,4544.0,4539.0,4539.0,4564.0,0.01,-5.31,-5.18,0.1299999999999999,sl,sl,4.566666666666666
79341083,market,buy,2026.05.04 13:05:32,2026.05.04 13:12:41,2026-05-04 13:05:32,4549.0,4544.0,4544.0,4569.0,0.01,-10.31,-5.18,5.130000000000001,sl,sl,7.15
79341043,market,buy,2026.05.04 13:04:05,2026.05.04 13:12:41,2026-05-04 13:04:05,4554.0,4549.0,4549.0,4574.0,0.01,-15.31,-5.18,10.13,sl,sl,8.6
79290802,market,buy,2026.05.04 11:04:48,2026.05.04 13:01:44,2026-05-04 11:04:48,4576.0,4571.0,4571.0,4596.0,0.01,-5.449999999999999,-5.18,0.2699999999999996,sl,sl,116.93333333333334
79290745,market,buy,2026.05.04 10:55:39,2026.05.04 13:01:44,2026-05-04 10:55:39,4581.0,4576.0,4576.0,4601.0,0.01,-10.45,-5.18,5.27,sl,sl,126.08333333333333
79290713,market,buy,2026.05.04 09:38:54,2026.05.04 13:01:44,2026-05-04 09:38:54,4586.0,4581.0,4581.0,4606.0,0.01,-15.45,-5.18,10.27,sl,sl,202.83333333333334
79139231,market,sell,2026.05.01 17:15:31,2026.05.01 17:29:11,2026-05-01 17:15:31,4660.0,4640.0,4665.0,4640.0,0.01,10.63,19.82,9.19,tp,other,13.666666666666666
79139216,market,sell,2026.05.01 17:12:51,2026.05.01 17:30:17,2026-05-01 17:12:51,4658.0,4638.0,4663.0,4638.0,0.01,15.15,19.82,4.67,tp,other,17.433333333333334
79139168,market,sell,2026.05.01 17:12:41,2026.05.04 09:38:29,2026-05-01 17:12:41,4656.0,4636.0,4661.0,4636.0,0.01,68.65999999999998,20.06,-48.59999999999998,tp,other,3865.8
79130984,market,sell,2026.05.01 17:12:36,2026.05.01 17:12:53,2026-05-01 17:12:36,4653.8,4658.8,4658.8,4633.8,0.01,-5.92,-5.18,0.7400000000000002,sl,sl,0.2833333333333333
79130953,market,sell,2026.05.01 17:12:24,2026.05.01 17:12:53,2026-05-01 17:12:24,4652.0,4657.0,4657.0,4632.0,0.01,-7.72,-5.18,2.54,sl,sl,0.48333333333333334
79130914,market,sell,2026.05.01 17:12:20,2026.05.01 17:12:53,2026-05-01 17:12:20,4649.63,4654.63,4654.63,4629.63,0.01,-10.09,-5.18,4.91,sl,sl,0.55
79186729,market,buy,2026.05.01 12:54:54,2026.05.04 13:05:20,2026-05-01 12:54:54,4561.56,4581.56,4556.56,4581.56,0.01,-11.31,19.25,30.560000000000002,tp,sl,4330.433333333333
79186716,market,buy,2026.05.01 11:52:16,2026.05.01 15:13:56,2026-05-01 11:52:16,4566.0,4561.0,4561.0,4586.0,0.01,15.969999999999999,-5.18,-21.15,sl,tp,201.66666666666666
79224117,market,buy,2026.05.01 11:21:04,2026.05.01 12:24:07,2026-05-01 11:21:04,4571.21,4566.21,4566.21,4591.21,0.01,-0.22999999999999998,-5.18,-4.949999999999999,sl,other,63.05
79124039,market,buy,2026.05.01 11:10:49,2026.05.01 11:22:02,2026-05-01 11:10:49,4575.0,4570.0,4570.0,4595.0,0.01,-5.34,-5.18,0.16000000000000014,sl,sl,11.216666666666667
79123994,market,buy,2026.05.01 10:54:59,2026.05.01 11:22:02,2026-05-01 10:54:59,4580.0,4575.0,4575.0,4600.0,0.01,-10.34,-5.18,5.16,sl,sl,27.05
79123936,market,buy,2026.05.01 10:33:51,2026.05.01 11:22:02,2026-05-01 10:33:51,4585.01,4580.01,4580.01,4605.01,0.01,-15.35,-5.18,10.17,sl,sl,48.18333333333333
79113633,market,sell,2026.04.30 11:04:12,2026.04.30 11:04:31,2026-04-30 11:04:12,4614.0,4619.0,4619.0,4594.0,0.01,-5.529999999999999,-5.18,0.34999999999999964,sl,sl,0.31666666666666665
79113579,market,sell,2026.04.30 11:04:07,2026.04.30 11:04:31,2026-04-30 11:04:07,4612.0,4617.0,4617.0,4592.0,0.01,-7.529999999999999,-5.18,2.3499999999999996,sl,sl,0.4
79113544,market,sell,2026.04.30 11:04:06,2026.04.30 11:04:31,2026-04-30 11:04:06,4610.0,4615.0,4615.0,4590.0,0.01,-9.53,-5.18,4.35,sl,sl,0.4166666666666667
79091690,market,sell,2026.04.30 09:55:16,2026.04.30 09:58:09,2026-04-30 09:55:16,4585.7,4590.7,4590.7,4565.7,0.01,-5.199999999999999,-5.18,0.019999999999999574,sl,sl,2.8833333333333333
79091659,market,sell,2026.04.30 09:54:47,2026.04.30 09:58:09,2026-04-30 09:54:47,4583.7,4588.7,4588.7,4563.7,0.01,-7.199999999999999,-5.18,2.0199999999999996,sl,sl,3.3666666666666667
79091614,market,sell,2026.04.30 09:52:49,2026.04.30 09:58:09,2026-04-30 09:52:49,4581.7,4586.7,4586.7,4561.7,0.01,-9.2,-5.18,4.02,sl,sl,5.333333333333333
79050488,market,sell,2026.04.30 04:28:27,2026.04.30 09:52:57,2026-04-30 04:28:27,4577.7,4557.7,4582.7,4557.7,0.01,-5.18,19.82,25.0,tp,sl,324.5
79050445,market,sell,2026.04.30 04:28:03,2026.04.30 05:43:44,2026-04-30 04:28:03,4576.62,4581.62,4581.62,4556.62,0.01,15.450000000000001,-5.18,-20.630000000000003,sl,tp,75.68333333333334
79050398,market,sell,2026.04.30 04:28:01,2026.04.30 09:52:57,2026-04-30 04:28:01,4575.7,4580.7,4580.7,4555.7,0.01,-7.18,-5.18,2.0,sl,sl,324.93333333333334
79050268,market,buy,2026.04.29 21:07:03,2026.04.29 21:10:20,2026-04-29 21:07:03,4536.0,4531.0,4531.0,4556.0,0.01,-5.199999999999999,-5.18,0.019999999999999574,sl,sl,3.283333333333333
79050256,market,buy,2026.04.29 21:06:41,2026.04.29 21:10:20,2026-04-29 21:06:41,4538.0,4533.0,4533.0,4558.0,0.01,-7.199999999999999,-5.18,2.0199999999999996,sl,sl,3.65
79050235,market,buy,2026.04.29 21:00:19,2026.04.29 21:10:20,2026-04-29 21:00:19,4540.0,4535.0,4535.0,4560.0,0.01,-9.2,-5.18,4.02,sl,sl,10.016666666666667
79043849,market,sell,2026.04.29 19:03:17,2026.04.29 20:59:19,2026-04-29 19:03:17,4560.5,4540.5,4565.5,4540.5,0.01,13.65,19.82,6.17,tp,other,116.03333333333333
79043761,market,sell,2026.04.29 18:45:41,2026.04.29 18:54:07,2026-04-29 18:45:41,4558.5,4543.0,4563.5,4538.5,0.01,15.32,15.32,0.0,time,tp,8.433333333333334
79043448,market,sell,2026.04.29 18:45:20,2026.04.30 03:00:12,2026-04-29 18:45:20,4556.49,4561.49,4561.49,4536.49,0.01,-8.07,-4.47,3.6000000000000005,sl,sl,494.8666666666667
79031835,market,sell,2026.04.29 17:35:45,2026.04.29 18:36:12,2026-04-29 17:35:45,4542.0,4547.0,4547.0,4522.0,0.01,-7.1899999999999995,-5.18,2.01,sl,sl,60.45
79035192,market,sell,2026.04.29 17:26:48,2026.04.29 18:36:12,2026-04-29 17:26:48,4533.59,4538.59,4538.59,4513.59,0.01,-15.6,-5.18,10.42,sl,sl,69.4
79031745,market,sell,2026.04.29 17:16:30,2026.04.29 17:20:38,2026-04-29 17:16:30,4530.0,4535.0,4535.0,4510.0,0.01,-7.1899999999999995,-5.18,2.01,sl,sl,4.133333333333334
78852776,market,buy,2026.04.29 16:20:08,2026.04.29 16:30:20,2026-04-29 16:20:08,4538.0,4533.0,4533.0,4558.0,0.01,-4.4399999999999995,-5.18,-0.7400000000000002,sl,sl,10.2
78852748,market,buy,2026.04.29 16:20:03,2026.04.29 16:30:20,2026-04-29 16:20:03,4540.0,4535.0,4535.0,4560.0,0.01,-6.4399999999999995,-5.18,1.2599999999999998,sl,sl,10.283333333333333
78852720,market,buy,2026.04.29 16:20:02,2026.04.29 16:30:20,2026-04-29 16:20:02,4542.19,4537.19,4537.19,4562.19,0.01,-8.629999999999999,-5.18,3.4499999999999993,sl,sl,10.3
78883023,market,sell,2026.04.29 03:08:55,2026.04.29 04:01:06,2026-04-29 03:08:55,4608.0,4588.0,4613.0,4588.0,0.01,14.92,19.82,4.9,tp,tp,52.18333333333333
78882944,market,sell,2026.04.29 03:04:02,2026.04.29 10:25:39,2026-04-29 03:04:02,4606.0,4586.0,4611.0,4586.0,0.01,31.82,19.82,-12.0,tp,tp,441.6166666666667
78882865,market,sell,2026.04.29 03:01:07,2026.04.30 09:52:57,2026-04-29 03:01:07,4604.0,4609.0,4609.0,4584.0,0.01,21.830000000000002,-4.47,-26.3,sl,sl,1851.8333333333333
78874218,market,sell,2026.04.28 15:46:07,2026.04.28 15:48:30,2026-04-28 15:46:07,4591.0,4596.0,4596.0,4571.0,0.01,-5.21,-5.18,0.03000000000000025,sl,sl,2.3833333333333333
78874136,market,sell,2026.04.28 15:46:00,2026.04.28 15:48:30,2026-04-28 15:46:00,4589.0,4594.0,4594.0,4569.0,0.01,-7.21,-5.18,2.0300000000000002,sl,sl,2.5
78874050,market,sell,2026.04.28 15:42:21,2026.04.28 15:48:30,2026-04-28 15:42:21,4586.67,4591.67,4591.67,4566.67,0.01,-9.54,-5.18,4.359999999999999,sl,sl,6.15
78666478,market,buy,2026.04.28 09:23:28,2026.04.28 11:02:21,2026-04-28 09:23:28,4623.8,4618.8,4618.8,4643.8,0.01,-4.239999999999999,-5.18,-0.9400000000000004,sl,sl,98.88333333333334
78666464,market,buy,2026.04.28 08:44:38,2026.04.28 09:07:29,2026-04-28 08:44:38,4625.83,4640.03,4620.83,4645.83,0.01,14.02,14.019999999999818,-1.8118839761882555e-13,time,tp,22.85
78666431,market,buy,2026.04.28 08:43:24,2026.04.28 11:02:21,2026-04-28 08:43:24,4627.8,4622.8,4622.8,4647.8,0.01,-8.24,-5.18,3.0600000000000005,sl,sl,138.95
78780411,market,sell,2026.04.28 02:49:27,2026.04.28 03:07:47,2026-04-28 02:49:27,4694.99,4699.99,4699.99,4674.99,0.01,-4.39,-5.18,-0.79,sl,sl,18.333333333333332
78780449,market,sell,2026.04.28 02:36:30,2026.04.28 03:07:47,2026-04-28 02:36:30,4693.0,4698.0,4698.0,4673.0,0.01,-6.38,-5.18,1.2000000000000002,sl,sl,31.283333333333335
78780458,market,sell,2026.04.28 01:10:41,2026.04.28 03:07:47,2026-04-28 01:10:41,4691.09,4696.09,4696.09,4671.09,0.01,-8.29,-5.18,3.1099999999999994,sl,sl,117.1
78666407,market,sell,2026.04.27 06:44:01,2026.04.27 10:40:59,2026-04-27 06:44:01,4729.4,4709.4,4734.4,4709.4,0.01,14.01,19.82,5.8100000000000005,tp,other,236.96666666666667
78596708,market,sell,2026.04.24 17:09:18,2026.04.24 17:11:42,2026-04-24 17:09:18,4728.28,4733.28,4733.28,4708.28,0.01,-4.21,-5.18,-0.9699999999999998,sl,sl,2.4
78596626,market,sell,2026.04.24 17:05:45,2026.04.24 17:11:42,2026-04-24 17:05:45,4726.3,4731.3,4731.3,4706.3,0.01,-6.1899999999999995,-5.18,1.0099999999999998,sl,sl,5.95
78596407,market,sell,2026.04.24 17:05:42,2026.04.24 17:11:42,2026-04-24 17:05:42,4724.3,4729.3,4729.3,4704.3,0.01,-8.19,-5.18,3.01,sl,sl,6.0
78471422,market,sell,2026.04.23 15:43:33,2026.04.23 16:07:00,2026-04-23 15:43:33,4742.5,4728.45,4747.5,4722.5,0.01,13.870000000000001,13.870000000000182,1.8118839761882555e-13,time,tp,23.45
78471395,market,sell,2026.04.23 15:31:01,2026.04.23 20:31:12,2026-04-23 15:31:01,4740.5,4720.5,4745.5,4720.5,0.01,34.1,19.82,-14.280000000000001,tp,other,300.18333333333334
78471370,market,sell,2026.04.23 15:06:35,2026.04.24 23:50:35,2026-04-23 15:06:35,4738.39,4718.39,4743.39,4718.39,0.01,29.72,20.06,-9.66,tp,other,1964.0
78471356,market,sell,2026.04.23 15:03:02,2026.04.23 15:06:33,2026-04-23 15:03:02,4732.43,4737.43,4737.43,4712.43,0.01,-4.39,-5.18,-0.79,sl,sl,3.5166666666666666
78471312,market,sell,2026.04.23 15:01:50,2026.04.23 15:06:33,2026-04-23 15:01:50,4730.5,4735.5,4735.5,4710.5,0.01,-6.319999999999999,-5.18,1.1399999999999997,sl,sl,4.716666666666667
78471292,market,sell,2026.04.23 15:01:44,2026.04.23 15:06:33,2026-04-23 15:01:44,4728.5,4733.5,4733.5,4708.5,0.01,-8.32,-5.18,3.1400000000000006,sl,sl,4.816666666666666
78382736,market,sell,2026.04.23 03:52:06,2026.04.23 04:13:02,2026-04-23 03:52:06,4752.0,4737.95,4757.0,4732.0,0.01,13.870000000000001,13.870000000000182,1.8118839761882555e-13,time,tp,20.933333333333334
78382746,market,sell,2026.04.23 03:30:18,2026.04.23 05:13:58,2026-04-23 03:30:18,4750.0,4730.0,4755.0,4730.0,0.01,40.79,19.82,-20.97,tp,other,103.66666666666667
78291044,market,buy,2026.04.23 03:15:18,2026.04.23 04:15:33,2026-04-23 03:15:18,4697.0,4717.0,4692.0,4717.0,0.01,39.6,19.82,-19.78,tp,other,60.25
78291024,market,buy,2026.04.23 03:14:57,2026.04.23 03:18:25,2026-04-23 03:14:57,4699.0,4694.0,4694.0,4719.0,0.01,13.82,-5.18,-19.0,sl,tp,3.466666666666667
78291013,market,buy,2026.04.23 03:14:49,2026.04.23 08:30:46,2026-04-23 03:14:49,4701.14,4696.14,4696.14,4721.14,0.01,-8.33,-5.18,3.1500000000000004,sl,sl,315.95
78244488,market,buy,2026.04.21 22:44:08,2026.04.21 22:44:28,2026-04-21 22:44:08,4673.0,4668.87,4668.0,4693.0,0.01,-4.31,-4.310000000000109,-1.092459456231154e-13,time,sl,0.3333333333333333
78244465,market,buy,2026.04.21 22:43:40,2026.04.21 22:44:28,2026-04-21 22:43:40,4675.0,4668.87,4670.0,4695.0,0.01,-6.31,-6.310000000000109,-1.092459456231154e-13,time,sl,0.8
78244410,market,buy,2026.04.21 22:43:16,2026.04.21 22:44:28,2026-04-21 22:43:16,4677.72,4672.72,4672.72,4697.72,0.01,-9.03,-5.18,3.8499999999999996,sl,sl,1.2
78084971,market,buy,2026.04.21 15:30:34,2026.04.21 16:15:09,2026-04-21 15:30:34,4769.74,4789.74,4764.74,4789.74,0.01,-7.9399999999999995,19.82,27.759999999999998,tp,sl,44.583333333333336
78084939,market,buy,2026.04.21 09:02:59,2026.04.21 16:15:09,2026-04-21 09:02:59,4776.26,4796.26,4771.26,4796.26,0.01,-14.459999999999999,19.82,34.28,tp,sl,432.1666666666667
78084749,market,buy,2026.04.21 09:00:07,2026.04.21 16:15:09,2026-04-21 09:00:07,4783.26,4778.26,4778.26,4803.26,0.01,-21.46,-5.18,16.28,sl,sl,435.03333333333336
77954482,market,buy,2026.04.17 23:11:31,2026.04.17 23:36:26,2026-04-17 23:11:31,4845.05,4840.05,4840.05,4865.05,0.01,-3.39,-5.18,-1.7899999999999996,sl,sl,24.916666666666668
77954454,market,buy,2026.04.17 23:11:31,2026.04.17 23:36:26,2026-04-17 23:11:31,4845.05,4840.05,4840.05,4865.05,0.01,-3.39,-5.18,-1.7899999999999996,sl,sl,24.916666666666668
77654618,market,buy,2026.04.17 20:24:38,2026.04.17 21:01:38,2026-04-17 20:24:38,4855.0,4864.05,4850.0,4875.0,0.01,8.870000000000001,8.870000000000182,1.8118839761882555e-13,time,tp,37.0
77954382,market,buy,2026.04.17 20:24:38,2026.04.17 23:03:29,2026-04-17 20:24:38,4855.0,4850.0,4850.0,4875.0,0.01,-3.37,-5.18,-1.8099999999999996,sl,sl,158.85
77838392,market,buy,2026.04.17 04:12:22,2026.04.17 04:55:30,2026-04-17 04:12:22,4770.0,4790.0,4765.0,4790.0,0.01,19.92,19.82,-0.10000000000000142,tp,tp,43.13333333333333
77838405,market,buy,2026.04.17 04:12:22,2026.04.17 04:26:29,2026-04-17 04:12:22,4770.0,4776.39,4765.0,4790.0,0.01,6.21,6.210000000000328,3.277378368693462e-13,time,other,14.116666666666667
77838454,market,buy,2026.04.17 04:12:22,2026.04.17 04:25:20,2026-04-17 04:12:22,4770.0,4775.54,4765.0,4790.0,0.01,5.36,5.359999999999964,-3.6415315207705135e-14,time,other,12.966666666666667
77838503,market,buy,2026.04.17 04:12:20,2026.04.17 04:25:11,2026-04-17 04:12:20,4775.0,4770.0,4770.0,4795.0,0.01,0.28,-5.18,-5.46,sl,other,12.85
77838489,market,buy,2026.04.17 04:12:20,2026.04.17 04:26:04,2026-04-17 04:12:20,4775.0,4770.0,4770.0,4795.0,0.01,0.98,-5.18,-6.16,sl,other,13.733333333333333
77838467,market,buy,2026.04.17 04:12:20,2026.04.17 16:10:53,2026-04-17 04:12:20,4775.0,4770.0,4770.0,4795.0,0.01,94.97,-5.18,-100.15,sl,tp,718.55
77587972,market,buy,2026.04.16 17:40:50,2026.04.16 17:40:50,2026-04-16 17:40:50,4781.0,4776.09,4776.0,4801.0,0.01,-5.09,-5.089999999999854,1.4566126083082054e-13,time,sl,0.0
77587977,market,buy,2026.04.16 17:40:50,2026.04.16 17:40:50,2026-04-16 17:40:50,4781.0,4776.09,4776.0,4801.0,0.01,-5.09,-5.089999999999854,1.4566126083082054e-13,time,sl,0.0
77587968,market,buy,2026.04.16 17:40:50,2026.04.16 17:40:50,2026-04-16 17:40:50,4781.0,4776.09,4776.0,4801.0,0.01,-5.09,-5.089999999999854,1.4566126083082054e-13,time,sl,0.0
77790083,market,buy,2026.04.16 16:55:23,2026.04.16 16:55:24,2026-04-16 16:55:23,4790.0,4786.69,4785.0,4810.0,0.01,-3.49,-3.4900000000004003,-4.001243780749064e-13,time,sl,0.016666666666666666
77790124,market,buy,2026.04.16 16:55:23,2026.04.16 16:55:24,2026-04-16 16:55:23,4790.0,4786.69,4785.0,4810.0,0.01,-3.49,-3.4900000000004003,-4.001243780749064e-13,time,sl,0.016666666666666666
77790131,market,buy,2026.04.16 16:55:23,2026.04.16 16:55:24,2026-04-16 16:55:23,4790.0,4786.69,4785.0,4810.0,0.01,-3.49,-3.4900000000004003,-4.001243780749064e-13,time,sl,0.016666666666666666
77761433,market,buy,2026.04.16 11:05:02,2026.04.16 11:05:04,2026-04-16 11:05:02,4811.0,4807.59,4806.0,4831.0,0.01,-3.5900000000000003,-3.5899999999998546,1.4566126083082054e-13,time,sl,0.03333333333333333
77761465,market,buy,2026.04.16 11:05:02,2026.04.16 11:05:04,2026-04-16 11:05:02,4811.0,4807.59,4806.0,4831.0,0.01,-3.5900000000000003,-3.5899999999998546,1.4566126083082054e-13,time,sl,0.03333333333333333
77761490,market,buy,2026.04.16 11:05:02,2026.04.16 11:05:04,2026-04-16 11:05:02,4811.0,4807.59,4806.0,4831.0,0.01,-3.5900000000000003,-3.5899999999998546,1.4566126083082054e-13,time,sl,0.03333333333333333
77654348,market,buy,2026.04.15 18:31:24,2026.04.15 18:36:10,2026-04-15 18:31:24,4789.5,4800.0,4784.5,4809.5,0.01,10.32,10.32,0.0,time,tp,4.766666666666667
77654439,market,buy,2026.04.15 18:31:24,2026.04.16 16:55:24,2026-04-15 18:31:24,4789.5,4809.5,4784.5,4809.5,0.01,-4.74,18.37,23.11,tp,sl,1344.0
77684041,market,buy,2026.04.15 18:07:33,2026.04.15 18:08:02,2026-04-15 18:07:33,4803.62,4800.29,4798.62,4823.62,0.01,-3.5100000000000002,-3.5099999999999274,7.283063041541027e-14,time,sl,0.48333333333333334
77683996,market,buy,2026.04.15 18:07:33,2026.04.15 18:08:02,2026-04-15 18:07:33,4803.62,4800.29,4798.62,4823.62,0.01,-3.5100000000000002,-3.5099999999999274,7.283063041541027e-14,time,sl,0.48333333333333334
77684068,market,buy,2026.04.15 18:07:33,2026.04.15 18:08:02,2026-04-15 18:07:33,4803.62,4800.29,4798.62,4823.62,0.01,-3.5100000000000002,-3.5099999999999274,7.283063041541027e-14,time,sl,0.48333333333333334
77638680,market,buy,2026.04.15 12:11:01,2026.04.15 12:11:36,2026-04-15 12:11:01,4799.11,4795.87,4794.11,4819.11,0.01,-3.4200000000000004,-3.419999999999782,2.184918912462308e-13,time,sl,0.5833333333333334
77638710,market,buy,2026.04.15 12:11:01,2026.04.15 12:11:36,2026-04-15 12:11:01,4799.11,4795.87,4794.11,4819.11,0.01,-3.4200000000000004,-3.419999999999782,2.184918912462308e-13,time,sl,0.5833333333333334
77506113,market,buy,2026.04.14 13:39:02,2026.04.14 13:39:02,2026-04-14 13:39:02,4760.0,4753.8,4755.0,4780.0,0.01,-6.38,-6.379999999999818,1.8207657603852567e-13,time,sl,0.0
77506065,market,buy,2026.04.14 13:39:02,2026.04.14 13:39:02,2026-04-14 13:39:02,4760.0,4753.8,4755.0,4780.0,0.01,-6.38,-6.379999999999818,1.8207657603852567e-13,time,sl,0.0
77258643,market,sell,2026.04.10 15:32:10,2026.04.10 15:33:55,2026-04-10 15:32:10,4777.0,4782.0,4782.0,4757.0,0.01,-3.2800000000000002,-5.18,-1.8999999999999995,sl,sl,1.75
77258657,market,sell,2026.04.10 15:32:10,2026.04.10 15:33:55,2026-04-10 15:32:10,4777.0,4782.0,4782.0,4757.0,0.01,-3.2800000000000002,-5.18,-1.8999999999999995,sl,sl,1.75
77258627,market,sell,2026.04.10 15:32:10,2026.04.10 15:33:55,2026-04-10 15:32:10,4777.0,4782.0,4782.0,4757.0,0.01,-3.2800000000000002,-5.18,-1.8999999999999995,sl,sl,1.75
77191681,market,buy,2026.04.10 05:31:05,2026.04.10 05:51:24,2026-04-10 05:31:05,4741.19,4752.04,4736.19,4761.19,0.01,10.67,10.670000000000364,3.6415315207705135e-13,time,tp,20.316666666666666
77191618,market,buy,2026.04.10 05:31:05,2026.04.10 11:47:30,2026-04-10 05:31:05,4741.19,4761.19,4736.19,4761.19,0.01,-6.5,19.82,26.32,tp,sl,376.4166666666667
77191651,market,buy,2026.04.10 05:31:05,2026.04.10 11:47:30,2026-04-10 05:31:05,4741.19,4761.19,4736.19,4761.19,0.01,-6.5,19.82,26.32,tp,sl,376.4166666666667
77207234,market,buy,2026.04.09 23:42:04,2026.04.10 01:51:04,2026-04-09 23:42:04,4762.0,4758.82,4757.0,4782.0,0.01,-3.8400000000000003,-3.840000000000291,-2.90878432451791e-13,time,sl,129.0
77207221,market,buy,2026.04.09 23:42:04,2026.04.10 01:51:04,2026-04-09 23:42:04,4762.0,4758.82,4757.0,4782.0,0.01,-3.8400000000000003,-3.840000000000291,-2.90878432451791e-13,time,sl,129.0
77207201,market,buy,2026.04.09 23:42:04,2026.04.10 01:05:01,2026-04-09 23:42:04,4762.0,4772.44,4757.0,4782.0,0.01,9.78,9.7799999999996,-3.9968028886505635e-13,time,tp,82.95
77174589,market,sell,2026.04.09 14:49:11,2026.04.09 16:35:10,2026-04-09 14:49:11,4756.96,4736.96,4761.96,4736.96,0.01,-3.35,19.82,23.17,tp,sl,105.98333333333333
77174670,market,sell,2026.04.09 14:49:11,2026.04.09 16:35:10,2026-04-09 14:49:11,4756.96,4736.96,4761.96,4736.96,0.01,-3.35,19.82,23.17,tp,sl,105.98333333333333
77174548,market,sell,2026.04.09 14:49:11,2026.04.09 15:06:38,2026-04-09 14:49:11,4756.96,4746.97,4761.96,4736.96,0.01,9.81,9.809999999999782,-2.184918912462308e-13,time,tp,17.45
77108374,market,sell,2026.04.09 13:52:03,2026.04.09 14:39:59,2026-04-09 13:52:03,4745.93,4750.93,4750.93,4725.93,0.01,-3.3000000000000003,-5.18,-1.8799999999999994,sl,sl,47.93333333333333
77108351,market,sell,2026.04.09 13:52:03,2026.04.09 14:39:59,2026-04-09 13:52:03,4745.93,4750.93,4750.93,4725.93,0.01,-3.3000000000000003,-5.18,-1.8799999999999994,sl,sl,47.93333333333333
77108338,market,sell,2026.04.09 13:24:47,2026.04.09 13:30:14,2026-04-09 13:24:47,4737.0,4740.16,4742.0,4717.0,0.01,-3.3400000000000003,-3.3399999999998546,1.4566126083082054e-13,time,sl,5.45
77108332,market,sell,2026.04.09 13:24:47,2026.04.09 13:30:14,2026-04-09 13:24:47,4737.0,4740.16,4742.0,4717.0,0.01,-3.3400000000000003,-3.3399999999998546,1.4566126083082054e-13,time,sl,5.45
77088862,market,buy,2026.04.08 21:18:45,2026.04.08 21:18:48,2026-04-08 21:18:45,4723.0,4719.5,4718.0,4743.0,0.01,-3.68,-3.68,0.0,time,sl,0.05
77088842,market,buy,2026.04.08 21:18:45,2026.04.08 21:18:48,2026-04-08 21:18:45,4723.0,4719.5,4718.0,4743.0,0.01,-3.68,-3.68,0.0,time,sl,0.05
77088854,market,buy,2026.04.08 21:18:45,2026.04.08 21:18:48,2026-04-08 21:18:45,4723.0,4719.5,4718.0,4743.0,0.01,-3.68,-3.68,0.0,time,sl,0.05
77064537,market,buy,2026.04.08 17:56:14,2026.04.08 17:56:31,2026-04-08 17:56:14,4741.5,4736.5,4736.5,4761.5,0.01,-3.79,-5.18,-1.3899999999999997,sl,sl,0.2833333333333333
77064550,market,buy,2026.04.08 17:56:14,2026.04.08 17:56:31,2026-04-08 17:56:14,4741.5,4736.5,4736.5,4761.5,0.01,-3.79,-5.18,-1.3899999999999997,sl,sl,0.2833333333333333
77064608,market,buy,2026.04.08 17:56:14,2026.04.08 17:56:31,2026-04-08 17:56:14,4741.5,4736.5,4736.5,4761.5,0.01,-3.79,-5.18,-1.3899999999999997,sl,sl,0.2833333333333333
77024976,market,buy,2026.04.08 12:44:45,2026.04.08 13:16:22,2026-04-08 12:44:45,4777.38,4772.38,4772.38,4797.38,0.01,-3.62,-5.18,-1.5599999999999996,sl,sl,31.616666666666667
77024921,market,buy,2026.04.08 12:44:45,2026.04.08 12:50:32,2026-04-08 12:44:45,4777.38,4787.0,4772.38,4797.38,0.01,9.44,9.439999999999891,-1.0835776720341528e-13,time,tp,5.783333333333333
77024959,market,buy,2026.04.08 12:44:45,2026.04.08 13:16:22,2026-04-08 12:44:45,4777.38,4772.38,4772.38,4797.38,0.01,-3.62,-5.18,-1.5599999999999996,sl,sl,31.616666666666667
76972851,market,sell,2026.04.08 01:39:45,2026.04.08 01:53:21,2026-04-08 01:39:45,4778.0,4783.0,4783.0,4758.0,0.01,-3.24,-5.18,-1.9399999999999995,sl,sl,13.6
76972839,market,sell,2026.04.08 01:39:45,2026.04.08 01:46:46,2026-04-08 01:39:45,4778.0,4783.0,4783.0,4758.0,0.01,9.82,-5.18,-15.0,sl,tp,7.016666666666667
76972847,market,sell,2026.04.08 01:39:45,2026.04.08 01:53:21,2026-04-08 01:39:45,4778.0,4783.0,4783.0,4758.0,0.01,-3.24,-5.18,-1.9399999999999995,sl,sl,13.6
76817831,market,sell,2026.04.07 22:20:15,2026.04.07 22:20:26,2026-04-07 22:20:15,4698.0,4701.0,4703.0,4678.0,0.01,-3.18,-3.18,0.0,time,sl,0.18333333333333332
76817821,market,sell,2026.04.07 22:20:15,2026.04.07 22:20:26,2026-04-07 22:20:15,4698.0,4701.0,4703.0,4678.0,0.01,-3.18,-3.18,0.0,time,sl,0.18333333333333332
76817841,market,sell,2026.04.07 22:20:15,2026.04.07 22:20:26,2026-04-07 22:20:15,4698.0,4701.0,4703.0,4678.0,0.01,-3.18,-3.18,0.0,time,sl,0.18333333333333332
76895764,market,sell,2026.04.07 11:20:44,2026.04.07 11:20:55,2026-04-07 11:20:44,4670.1,4675.1,4675.1,4650.1,0.01,-3.2600000000000002,-5.18,-1.9199999999999995,sl,sl,0.18333333333333332
76895717,market,sell,2026.04.07 11:20:44,2026.04.07 11:20:55,2026-04-07 11:20:44,4670.1,4675.1,4675.1,4650.1,0.01,-3.2600000000000002,-5.18,-1.9199999999999995,sl,sl,0.18333333333333332
76895783,market,sell,2026.04.07 11:20:44,2026.04.07 11:20:55,2026-04-07 11:20:44,4670.1,4675.1,4675.1,4650.1,0.01,-3.2600000000000002,-5.18,-1.9199999999999995,sl,sl,0.18333333333333332
76802857,market,buy,2026.04.06 15:25:54,2026.04.06 17:35:06,2026-04-06 15:25:54,4660.21,4680.21,4655.21,4680.21,0.01,31.76,19.82,-11.940000000000001,tp,tp,129.2
76802826,market,buy,2026.04.06 15:25:54,2026.04.06 15:31:30,2026-04-06 15:25:54,4660.21,4671.0,4655.21,4680.21,0.01,10.61,10.609999999999964,-3.552713678800501e-14,time,tp,5.6
76802875,market,buy,2026.04.06 15:25:54,2026.04.06 18:15:41,2026-04-06 15:25:54,4660.21,4680.21,4655.21,4680.21,0.01,-0.26,19.82,20.080000000000002,tp,sl,169.78333333333333
76700860,market,sell,2026.04.02 17:11:46,2026.04.02 17:13:25,2026-04-02 17:11:46,4658.5,4663.5,4663.5,4638.5,0.01,10.32,-5.18,-15.5,sl,tp,1.65
76700891,market,sell,2026.04.02 17:11:46,2026.04.02 17:16:28,2026-04-02 17:11:46,4658.5,4663.5,4663.5,4638.5,0.01,-3.27,-5.18,-1.9099999999999997,sl,sl,4.7
76701014,market,sell,2026.04.02 17:11:46,2026.04.02 17:16:28,2026-04-02 17:11:46,4658.5,4663.5,4663.5,4638.5,0.01,-3.27,-5.18,-1.9099999999999997,sl,sl,4.7
76700697,market,sell,2026.04.02 16:53:27,2026.04.02 16:53:35,2026-04-02 16:53:27,4639.5,4644.5,4644.5,4619.5,0.01,-3.56,-5.18,-1.6199999999999997,sl,sl,0.13333333333333333
76700648,market,sell,2026.04.02 16:53:27,2026.04.02 16:53:35,2026-04-02 16:53:27,4639.5,4644.5,4644.5,4619.5,0.01,-3.56,-5.18,-1.6199999999999997,sl,sl,0.13333333333333333
76700764,market,sell,2026.04.02 16:53:27,2026.04.02 16:53:35,2026-04-02 16:53:27,4639.5,4644.5,4644.5,4619.5,0.01,-3.56,-5.18,-1.6199999999999997,sl,sl,0.13333333333333333
76665038,market,sell,2026.04.02 10:14:28,2026.04.02 10:16:26,2026-04-02 10:14:28,4619.6,4624.6,4624.6,4599.6,0.01,-3.54,-5.18,-1.6399999999999997,sl,sl,1.9666666666666666
76664979,market,sell,2026.04.02 10:14:28,2026.04.02 10:16:26,2026-04-02 10:14:28,4619.6,4624.6,4624.6,4599.6,0.01,-3.54,-5.18,-1.6399999999999997,sl,sl,1.9666666666666666
76664961,market,sell,2026.04.02 10:14:28,2026.04.02 10:16:26,2026-04-02 10:14:28,4619.6,4624.6,4624.6,4599.6,0.01,-3.54,-5.18,-1.6399999999999997,sl,sl,1.9666666666666666
76611190,market,buy,2026.04.02 04:06:57,2026.04.02 04:18:26,2026-04-02 04:06:57,4727.0,4747.0,4722.0,4747.0,0.01,-0.22999999999999998,19.82,20.05,tp,sl,11.483333333333333
76611184,market,buy,2026.04.02 04:06:57,2026.04.02 04:11:01,2026-04-02 04:06:57,4727.0,4747.0,4722.0,4747.0,0.01,31.82,19.82,-12.0,tp,tp,4.066666666666666
76611177,market,buy,2026.04.02 04:06:57,2026.04.02 04:07:15,2026-04-02 04:06:57,4727.0,4747.0,4722.0,4747.0,0.01,9.82,19.82,10.0,tp,tp,0.3
76441172,market,sell,2026.03.31 17:00:32,2026.03.31 17:00:37,2026-03-31 17:00:32,4613.5,4616.69,4618.5,4593.5,0.01,-3.37,-3.3699999999996,4.001243780749064e-13,time,sl,0.08333333333333333
76441148,market,sell,2026.03.31 17:00:32,2026.03.31 17:00:37,2026-03-31 17:00:32,4613.5,4616.69,4618.5,4593.5,0.01,-3.37,-3.3699999999996,4.001243780749064e-13,time,sl,0.08333333333333333
76441182,market,sell,2026.03.31 17:00:32,2026.03.31 17:00:37,2026-03-31 17:00:32,4613.5,4616.69,4618.5,4593.5,0.01,-3.37,-3.3699999999996,4.001243780749064e-13,time,sl,0.08333333333333333
76435616,market,buy,2026.03.31 10:18:57,2026.03.31 10:19:28,2026-03-31 10:18:57,4549.08,4545.02,4544.08,4569.08,0.01,-4.239999999999999,-4.23999999999949,5.089262344881718e-13,time,sl,0.5166666666666667
76435639,market,buy,2026.03.31 10:18:57,2026.03.31 10:19:28,2026-03-31 10:18:57,4549.08,4545.02,4544.08,4569.08,0.01,-4.239999999999999,-4.23999999999949,5.089262344881718e-13,time,sl,0.5166666666666667
76435647,market,buy,2026.03.31 10:18:57,2026.03.31 10:19:28,2026-03-31 10:18:57,4549.08,4545.02,4544.08,4569.08,0.01,-4.239999999999999,-4.23999999999949,5.089262344881718e-13,time,sl,0.5166666666666667
76397888,market,sell,2026.03.31 04:18:52,2026.03.31 04:19:21,2026-03-31 04:18:52,4558.0,4563.0,4563.0,4538.0,0.01,-3.5700000000000003,-5.18,-1.6099999999999994,sl,sl,0.48333333333333334
76397879,market,sell,2026.03.31 04:18:52,2026.03.31 04:19:21,2026-03-31 04:18:52,4558.0,4563.0,4563.0,4538.0,0.01,-3.5700000000000003,-5.18,-1.6099999999999994,sl,sl,0.48333333333333334
76397898,market,sell,2026.03.31 04:18:52,2026.03.31 04:19:21,2026-03-31 04:18:52,4558.0,4563.0,4563.0,4538.0,0.01,-3.5700000000000003,-5.18,-1.6099999999999994,sl,sl,0.48333333333333334
76366956,market,buy,2026.03.30 16:58:48,2026.03.30 17:21:31,2026-03-30 16:58:48,4518.5,4513.5,4513.5,4538.5,0.01,-3.3000000000000003,-5.18,-1.8799999999999994,sl,sl,22.716666666666665
76367001,market,buy,2026.03.30 16:58:48,2026.03.30 17:21:31,2026-03-30 16:58:48,4518.5,4513.5,4513.5,4538.5,0.01,-3.3000000000000003,-5.18,-1.8799999999999994,sl,sl,22.716666666666665
76366924,market,buy,2026.03.30 16:58:48,2026.03.30 17:00:32,2026-03-30 16:58:48,4518.5,4528.5,4513.5,4538.5,0.01,9.82,9.82,0.0,time,tp,1.7333333333333334
76287676,market,sell,2026.03.30 14:47:08,2026.03.30 14:50:33,2026-03-30 14:47:08,4570.87,4575.87,4575.87,4550.87,0.01,-3.83,-5.18,-1.3499999999999996,sl,sl,3.4166666666666665
76287706,market,sell,2026.03.30 14:47:08,2026.03.30 14:50:33,2026-03-30 14:47:08,4570.87,4575.87,4575.87,4550.87,0.01,-3.83,-5.18,-1.3499999999999996,sl,sl,3.4166666666666665
76287660,market,sell,2026.03.30 14:47:08,2026.03.30 14:50:33,2026-03-30 14:47:08,4570.87,4575.87,4575.87,4550.87,0.01,-3.83,-5.18,-1.3499999999999996,sl,sl,3.4166666666666665
76287443,market,buy,2026.03.30 02:32:15,2026.03.30 02:32:17,2026-03-30 02:32:15,4462.0,4457.0,4457.0,4482.0,0.01,-3.37,-5.18,-1.8099999999999996,sl,sl,0.03333333333333333
76287475,market,buy,2026.03.30 02:32:15,2026.03.30 02:32:17,2026-03-30 02:32:15,4462.0,4457.0,4457.0,4482.0,0.01,-3.37,-5.18,-1.8099999999999996,sl,sl,0.03333333333333333
76287530,market,buy,2026.03.30 02:32:15,2026.03.30 02:32:17,2026-03-30 02:32:15,4462.0,4457.0,4457.0,4482.0,0.01,-3.37,-5.18,-1.8099999999999996,sl,sl,0.03333333333333333
76236139,market,sell,2026.03.27 17:03:20,2026.03.27 17:03:36,2026-03-27 17:03:20,4451.7,4456.7,4456.7,4431.7,0.01,-3.8800000000000003,-5.18,-1.2999999999999994,sl,sl,0.26666666666666666
76236110,market,sell,2026.03.27 17:03:20,2026.03.27 17:03:36,2026-03-27 17:03:20,4451.7,4456.7,4456.7,4431.7,0.01,-3.8800000000000003,-5.18,-1.2999999999999994,sl,sl,0.26666666666666666
76236236,market,sell,2026.03.27 17:03:20,2026.03.27 17:03:36,2026-03-27 17:03:20,4451.7,4456.7,4456.7,4431.7,0.01,-3.8800000000000003,-5.18,-1.2999999999999994,sl,sl,0.26666666666666666
76208401,market,buy,2026.03.27 11:54:26,2026.03.27 11:59:03,2026-03-27 11:54:26,4428.6,4425.56,4423.6,4448.6,0.01,-3.22,-3.219999999999964,3.6415315207705135e-14,time,sl,4.616666666666666
76208370,market,buy,2026.03.27 11:54:26,2026.03.27 11:59:03,2026-03-27 11:54:26,4428.6,4425.56,4423.6,4448.6,0.01,-3.22,-3.219999999999964,3.6415315207705135e-14,time,sl,4.616666666666666
76208457,market,buy,2026.03.27 11:54:26,2026.03.27 11:59:03,2026-03-27 11:54:26,4428.6,4425.56,4423.6,4448.6,0.01,-3.22,-3.219999999999964,3.6415315207705135e-14,time,sl,4.616666666666666
76191384,market,sell,2026.03.27 06:39:59,2026.03.27 07:55:32,2026-03-27 06:39:59,4444.0,4449.0,4449.0,4424.0,0.01,-3.19,-5.18,-1.9899999999999998,sl,sl,75.55
76191377,market,sell,2026.03.27 06:39:59,2026.03.27 07:55:32,2026-03-27 06:39:59,4444.0,4449.0,4449.0,4424.0,0.01,-3.19,-5.18,-1.9899999999999998,sl,sl,75.55
76191370,market,sell,2026.03.27 06:39:59,2026.03.27 07:55:32,2026-03-27 06:39:59,4444.0,4449.0,4449.0,4424.0,0.01,-3.19,-5.18,-1.9899999999999998,sl,sl,75.55
76115094,market,buy,2026.03.26 19:30:32,2026.03.26 19:32:09,2026-03-26 19:30:32,4385.0,4380.0,4380.0,4405.0,0.01,-3.7800000000000002,-5.18,-1.3999999999999995,sl,sl,1.6166666666666667
76115077,market,buy,2026.03.26 19:30:32,2026.03.26 19:32:09,2026-03-26 19:30:32,4385.0,4380.0,4380.0,4405.0,0.01,-3.7800000000000002,-5.18,-1.3999999999999995,sl,sl,1.6166666666666667
76115128,market,buy,2026.03.26 19:30:32,2026.03.26 19:32:09,2026-03-26 19:30:32,4385.0,4380.0,4380.0,4405.0,0.01,-3.7800000000000002,-5.18,-1.3999999999999995,sl,sl,1.6166666666666667
76156390,market,buy,2026.03.26 19:21:32,2026.03.26 19:21:47,2026-03-26 19:21:32,4407.0,4402.0,4402.0,4427.0,0.01,-5.58,-5.18,0.40000000000000036,sl,sl,0.25
76156370,market,buy,2026.03.26 19:21:32,2026.03.26 19:21:47,2026-03-26 19:21:32,4407.0,4402.0,4402.0,4427.0,0.01,-5.58,-5.18,0.40000000000000036,sl,sl,0.25
76156411,market,buy,2026.03.26 19:21:32,2026.03.26 19:21:47,2026-03-26 19:21:32,4407.0,4402.0,4402.0,4427.0,0.01,-5.58,-5.18,0.40000000000000036,sl,sl,0.25
76099717,market,buy,2026.03.26 11:25:09,2026.03.26 11:29:45,2026-03-26 11:25:09,4430.75,4425.75,4425.75,4450.75,0.01,-3.98,-5.18,-1.1999999999999997,sl,sl,4.6
76099705,market,buy,2026.03.26 11:25:09,2026.03.26 11:26:25,2026-03-26 11:25:09,4430.75,4425.75,4425.75,4450.75,0.01,9.07,-5.18,-14.25,sl,tp,1.2666666666666666
76099740,market,buy,2026.03.26 11:25:09,2026.03.26 11:29:45,2026-03-26 11:25:09,4430.75,4425.75,4425.75,4450.75,0.01,-3.98,-5.18,-1.1999999999999997,sl,sl,4.6
76071692,market,buy,2026.03.26 08:45:52,2026.03.26 08:46:58,2026-03-26 08:45:52,4476.82,4471.82,4471.82,4496.82,0.01,-3.71,-5.18,-1.4699999999999998,sl,sl,1.1
76071626,market,buy,2026.03.26 08:45:52,2026.03.26 08:46:58,2026-03-26 08:45:52,4476.82,4471.82,4471.82,4496.82,0.01,-3.71,-5.18,-1.4699999999999998,sl,sl,1.1
76071595,market,buy,2026.03.26 08:45:52,2026.03.26 08:46:58,2026-03-26 08:45:52,4476.82,4471.82,4471.82,4496.82,0.01,-3.71,-5.18,-1.4699999999999998,sl,sl,1.1
76009324,market,buy,2026.03.25 22:11:46,2026.03.25 22:11:51,2026-03-25 22:11:46,4494.61,4514.61,4489.61,4514.61,0.01,-3.3600000000000003,19.82,23.18,tp,sl,0.08333333333333333
76009256,market,buy,2026.03.25 22:11:46,2026.03.25 22:11:51,2026-03-25 22:11:46,4494.61,4514.61,4489.61,4514.61,0.01,-3.3600000000000003,19.82,23.18,tp,sl,0.08333333333333333
76009302,market,buy,2026.03.25 22:11:46,2026.03.25 22:11:51,2026-03-25 22:11:46,4494.61,4514.61,4489.61,4514.61,0.01,-3.3600000000000003,19.82,23.18,tp,sl,0.08333333333333333
76024481,market,buy,2026.03.25 22:08:50,2026.03.25 22:08:57,2026-03-25 22:08:50,4518.7,4513.7,4513.7,4538.7,0.01,-3.97,-5.18,-1.2099999999999995,sl,sl,0.11666666666666667
76024655,market,buy,2026.03.25 22:08:50,2026.03.25 22:08:57,2026-03-25 22:08:50,4518.7,4513.7,4513.7,4538.7,0.01,-3.97,-5.18,-1.2099999999999995,sl,sl,0.11666666666666667
76024530,market,buy,2026.03.25 22:08:50,2026.03.25 22:08:57,2026-03-25 22:08:50,4518.7,4513.7,4513.7,4538.7,0.01,-3.97,-5.18,-1.2099999999999995,sl,sl,0.11666666666666667
75935080,market,sell,2026.03.24 18:37:55,2026.03.24 18:39:04,2026-03-24 18:37:55,4421.64,4426.64,4426.64,4401.64,0.01,-3.4000000000000004,-5.18,-1.7799999999999994,sl,sl,1.15
75916756,market,sell,2026.03.24 17:26:32,2026.03.24 17:26:42,2026-03-24 17:26:32,4409.75,4414.75,4414.75,4389.75,0.01,-3.48,-5.18,-1.6999999999999997,sl,sl,0.16666666666666666
75916811,market,sell,2026.03.24 17:26:32,2026.03.24 17:26:42,2026-03-24 17:26:32,4409.75,4414.75,4414.75,4389.75,0.01,-3.48,-5.18,-1.6999999999999997,sl,sl,0.16666666666666666
75916783,market,sell,2026.03.24 17:26:32,2026.03.24 17:26:42,2026-03-24 17:26:32,4409.75,4414.75,4414.75,4389.75,0.01,-3.48,-5.18,-1.6999999999999997,sl,sl,0.16666666666666666
75836089,market,sell,2026.03.24 09:22:08,2026.03.24 09:22:13,2026-03-24 09:22:08,4381.0,4386.0,4386.0,4361.0,0.01,-3.25,-5.18,-1.9299999999999997,sl,sl,0.08333333333333333
75836180,market,sell,2026.03.24 09:22:08,2026.03.24 09:22:13,2026-03-24 09:22:08,4381.0,4386.0,4386.0,4361.0,0.01,-3.25,-5.18,-1.9299999999999997,sl,sl,0.08333333333333333
75836146,market,sell,2026.03.24 09:22:08,2026.03.24 09:22:13,2026-03-24 09:22:08,4381.0,4386.0,4386.0,4361.0,0.01,-3.25,-5.18,-1.9299999999999997,sl,sl,0.08333333333333333
75861006,market,sell,2026.03.24 08:41:09,2026.03.24 08:41:13,2026-03-24 08:41:09,4364.5,4368.29,4369.5,4344.5,0.01,-3.97,-3.969999999999964,3.6415315207705135e-14,time,sl,0.06666666666666667
75861029,market,sell,2026.03.24 08:41:09,2026.03.24 08:41:13,2026-03-24 08:41:09,4364.5,4368.29,4369.5,4344.5,0.01,-3.97,-3.969999999999964,3.6415315207705135e-14,time,sl,0.06666666666666667
75842898,market,sell,2026.03.24 05:32:51,2026.03.24 05:33:18,2026-03-24 05:32:51,4364.0,4369.0,4369.0,4344.0,0.01,-3.24,-5.18,-1.9399999999999995,sl,sl,0.45
75842954,market,sell,2026.03.24 05:32:51,2026.03.24 05:33:18,2026-03-24 05:32:51,4364.0,4369.0,4369.0,4344.0,0.01,-3.24,-5.18,-1.9399999999999995,sl,sl,0.45
75759660,market,sell,2026.03.23 15:52:20,2026.03.23 15:52:41,2026-03-23 15:52:20,4477.3,4482.3,4482.3,4457.3,0.01,-3.2,-5.18,-1.9799999999999995,sl,sl,0.35
75759516,market,sell,2026.03.23 15:52:20,2026.03.23 15:52:41,2026-03-23 15:52:20,4477.3,4482.3,4482.3,4457.3,0.01,-3.2,-5.18,-1.9799999999999995,sl,sl,0.35
75759470,market,sell,2026.03.23 15:52:20,2026.03.23 15:52:41,2026-03-23 15:52:20,4477.3,4482.3,4482.3,4457.3,0.01,-3.2,-5.18,-1.9799999999999995,sl,sl,0.35
75653790,market,sell,2026.03.23 12:16:37,2026.03.23 12:21:06,2026-03-23 12:16:37,4289.95,4294.95,4294.95,4269.95,0.01,-4.31,-5.18,-0.8700000000000001,sl,sl,4.483333333333333
75653759,market,sell,2026.03.23 12:16:37,2026.03.23 12:21:06,2026-03-23 12:16:37,4289.95,4294.95,4294.95,4269.95,0.01,-4.31,-5.18,-0.8700000000000001,sl,sl,4.483333333333333
75653579,market,sell,2026.03.23 12:16:37,2026.03.23 12:21:06,2026-03-23 12:16:37,4289.95,4294.95,4294.95,4269.95,0.01,-4.31,-5.18,-0.8700000000000001,sl,sl,4.483333333333333
75633861,market,sell,2026.03.23 04:33:51,2026.03.23 04:48:04,2026-03-23 04:33:51,4452.3,4432.3,4457.3,4432.3,0.01,32.17,19.82,-12.350000000000001,tp,tp,14.216666666666667
75633845,market,sell,2026.03.23 04:33:51,2026.03.23 04:34:29,2026-03-23 04:33:51,4452.3,4442.0,4457.3,4432.3,0.01,10.120000000000001,10.120000000000182,1.8118839761882555e-13,time,tp,0.6333333333333333
75633884,market,sell,2026.03.23 04:33:51,2026.03.23 06:36:43,2026-03-23 04:33:51,4452.3,4432.3,4457.3,4432.3,0.01,102.86,19.82,-83.03999999999999,tp,other,122.86666666666666
75505610,market,sell,2026.03.20 11:07:39,2026.03.20 11:10:45,2026-03-20 11:07:39,4708.37,4713.37,4713.37,4688.37,0.01,-3.21,-5.18,-1.9699999999999998,sl,sl,3.1
75505588,market,sell,2026.03.20 11:07:39,2026.03.20 11:10:45,2026-03-20 11:07:39,4708.37,4713.37,4713.37,4688.37,0.01,-3.21,-5.18,-1.9699999999999998,sl,sl,3.1
75505572,market,sell,2026.03.20 11:07:39,2026.03.20 11:10:45,2026-03-20 11:07:39,4708.37,4713.37,4713.37,4688.37,0.01,-3.21,-5.18,-1.9699999999999998,sl,sl,3.1
75489328,market,buy,2026.03.20 08:58:18,2026.03.20 09:03:22,2026-03-20 08:58:18,4688.3,4699.0,4683.3,4708.3,0.01,10.52,10.519999999999818,-1.8118839761882555e-13,time,tp,5.066666666666666
75489333,market,buy,2026.03.20 08:58:18,2026.03.20 09:11:03,2026-03-20 08:58:18,4688.3,4685.05,4683.3,4708.3,0.01,-3.43,-3.43,0.0,time,sl,12.75
75489343,market,buy,2026.03.20 08:58:18,2026.03.20 09:11:03,2026-03-20 08:58:18,4688.3,4685.05,4683.3,4708.3,0.01,-3.43,-3.43,0.0,time,sl,12.75
75377705,market,sell,2026.03.20 06:17:45,2026.03.20 06:18:01,2026-03-20 06:17:45,4728.0,4733.0,4733.0,4708.0,0.01,-3.18,-5.18,-1.9999999999999996,sl,sl,0.26666666666666666
75377967,market,sell,2026.03.20 06:17:45,2026.03.20 06:18:01,2026-03-20 06:17:45,4728.0,4733.0,4733.0,4708.0,0.01,-3.18,-5.18,-1.9999999999999996,sl,sl,0.26666666666666666
75377909,market,sell,2026.03.20 06:17:45,2026.03.20 06:18:01,2026-03-20 06:17:45,4728.0,4733.0,4733.0,4708.0,0.01,-3.18,-5.18,-1.9999999999999996,sl,sl,0.26666666666666666
75479234,market,sell,2026.03.20 06:07:15,2026.03.20 06:10:21,2026-03-20 06:07:15,4717.7,4722.7,4722.7,4697.7,0.01,-3.2,-5.18,-1.9799999999999995,sl,sl,3.1
75479273,market,sell,2026.03.20 06:07:15,2026.03.20 06:10:21,2026-03-20 06:07:15,4717.7,4722.7,4722.7,4697.7,0.01,-3.2,-5.18,-1.9799999999999995,sl,sl,3.1
75479261,market,sell,2026.03.20 06:07:15,2026.03.20 06:10:21,2026-03-20 06:07:15,4717.7,4722.7,4722.7,4697.7,0.01,-3.2,-5.18,-1.9799999999999995,sl,sl,3.1
75366556,market,buy,2026.03.19 16:02:03,2026.03.19 16:02:03,2026-03-19 16:02:03,4523.5,4543.5,4518.5,4543.5,0.01,-3.7,19.82,23.52,tp,sl,0.0
75366723,market,buy,2026.03.19 16:02:03,2026.03.19 16:02:03,2026-03-19 16:02:03,4523.5,4543.5,4518.5,4543.5,0.01,-3.7,19.82,23.52,tp,sl,0.0
75366803,market,buy,2026.03.19 16:02:03,2026.03.19 16:02:03,2026-03-19 16:02:03,4523.5,4543.5,4518.5,4543.5,0.01,-3.7,19.82,23.52,tp,sl,0.0
75310833,market,buy,2026.03.19 10:59:25,2026.03.19 10:59:26,2026-03-19 10:59:25,4733.0,4728.0,4728.0,4753.0,0.01,-3.31,-5.18,-1.8699999999999997,sl,sl,0.016666666666666666
75310885,market,buy,2026.03.19 10:59:25,2026.03.19 10:59:26,2026-03-19 10:59:25,4733.0,4728.0,4728.0,4753.0,0.01,-3.31,-5.18,-1.8699999999999997,sl,sl,0.016666666666666666
75310873,market,buy,2026.03.19 10:59:25,2026.03.19 10:59:26,2026-03-19 10:59:25,4733.0,4728.0,4728.0,4753.0,0.01,-3.31,-5.18,-1.8699999999999997,sl,sl,0.016666666666666666
75311038,market,sell,2026.03.19 04:37:44,2026.03.19 04:39:33,2026-03-19 04:37:44,4859.0,4864.0,4864.0,4839.0,0.01,-3.29,-5.18,-1.8899999999999997,sl,sl,1.8166666666666667
75311090,market,sell,2026.03.19 04:37:44,2026.03.19 04:39:33,2026-03-19 04:37:44,4859.0,4864.0,4864.0,4839.0,0.01,-3.29,-5.18,-1.8899999999999997,sl,sl,1.8166666666666667
75311014,market,sell,2026.03.19 04:37:44,2026.03.19 04:39:33,2026-03-19 04:37:44,4859.0,4864.0,4864.0,4839.0,0.01,-3.29,-5.18,-1.8899999999999997,sl,sl,1.8166666666666667
74920643,market,buy,2026.03.18 15:32:31,2026.03.18 15:34:25,2026-03-18 15:32:31,4888.0,4883.0,4883.0,4908.0,0.01,-3.2,-5.18,-1.9799999999999995,sl,sl,1.9
74920608,market,buy,2026.03.18 15:32:31,2026.03.18 15:34:25,2026-03-18 15:32:31,4888.0,4883.0,4883.0,4908.0,0.01,-3.2,-5.18,-1.9799999999999995,sl,sl,1.9
74920649,market,buy,2026.03.18 15:32:31,2026.03.18 15:34:25,2026-03-18 15:32:31,4888.0,4883.0,4883.0,4908.0,0.01,-3.2,-5.18,-1.9799999999999995,sl,sl,1.9
74928663,market,buy,2026.03.18 15:10:45,2026.03.18 15:13:26,2026-03-18 15:10:45,4910.5,4905.5,4905.5,4930.5,0.01,-3.2800000000000002,-5.18,-1.8999999999999995,sl,sl,2.683333333333333
74928615,market,buy,2026.03.18 15:10:45,2026.03.18 15:13:26,2026-03-18 15:10:45,4910.5,4905.5,4905.5,4930.5,0.01,-3.2800000000000002,-5.18,-1.8999999999999995,sl,sl,2.683333333333333
74928689,market,buy,2026.03.18 15:10:45,2026.03.18 15:13:26,2026-03-18 15:10:45,4910.5,4905.5,4905.5,4930.5,0.01,-3.2800000000000002,-5.18,-1.8999999999999995,sl,sl,2.683333333333333
74920565,market,buy,2026.03.18 15:02:40,2026.03.18 15:07:27,2026-03-18 15:02:40,4922.24,4917.24,4917.24,4942.24,0.01,-4.199999999999999,-5.18,-0.9800000000000004,sl,sl,4.783333333333333
74920549,market,buy,2026.03.18 15:02:40,2026.03.18 15:07:27,2026-03-18 15:02:40,4922.24,4917.24,4917.24,4942.24,0.01,-4.199999999999999,-5.18,-0.9800000000000004,sl,sl,4.783333333333333
74920527,market,buy,2026.03.18 15:02:40,2026.03.18 15:05:15,2026-03-18 15:02:40,4922.24,4917.24,4917.24,4942.24,0.01,9.58,-5.18,-14.76,sl,tp,2.5833333333333335
75198777,market,buy,2026.03.18 13:35:38,2026.03.18 13:57:49,2026-03-18 13:35:38,4962.0,4958.95,4957.0,4982.0,0.01,-3.23,-3.230000000000182,-1.8207657603852567e-13,time,sl,22.183333333333334
75198810,market,buy,2026.03.18 13:35:38,2026.03.18 13:57:49,2026-03-18 13:35:38,4962.0,4958.95,4957.0,4982.0,0.01,-3.23,-3.230000000000182,-1.8207657603852567e-13,time,sl,22.183333333333334
75198747,market,buy,2026.03.18 13:35:38,2026.03.18 13:35:38,2026-03-18 13:35:38,4969.0,4963.85,4964.0,4989.0,0.01,-5.33,-5.329999999999636,3.6415315207705135e-13,time,sl,0.0
75198723,market,buy,2026.03.18 13:35:38,2026.03.18 13:35:38,2026-03-18 13:35:38,4969.0,4963.85,4964.0,4989.0,0.01,-5.33,-5.329999999999636,3.6415315207705135e-13,time,sl,0.0
75198730,market,buy,2026.03.18 13:35:38,2026.03.18 13:35:38,2026-03-18 13:35:38,4969.0,4963.85,4964.0,4989.0,0.01,-5.33,-5.329999999999636,3.6415315207705135e-13,time,sl,0.0
75198765,market,buy,2026.03.18 13:35:38,2026.03.18 13:38:07,2026-03-18 13:35:38,4962.0,4972.0,4957.0,4982.0,0.01,9.82,9.82,0.0,time,tp,2.4833333333333334
75081913,market,sell,2026.03.17 07:37:45,2026.03.17 08:17:09,2026-03-17 07:37:45,5033.98,5038.98,5038.98,5013.98,0.01,-9.76,-5.18,4.58,sl,sl,39.4
75079959,market,sell,2026.03.17 06:57:45,2026.03.17 08:16:02,2026-03-17 06:57:45,5026.69,5031.69,5031.69,5006.69,0.01,-16.49,-5.18,11.309999999999999,sl,sl,78.28333333333333
75034347,market,sell,2026.03.16 22:10:01,2026.03.16 23:11:08,2026-03-16 22:10:01,5018.0,5021.01,5023.0,4998.0,0.01,-3.19,-3.1900000000002184,-2.184918912462308e-13,time,sl,61.11666666666667
75034013,market,sell,2026.03.16 22:10:01,2026.03.16 23:11:08,2026-03-16 22:10:01,5018.0,5021.01,5023.0,4998.0,0.01,-3.19,-3.1900000000002184,-2.184918912462308e-13,time,sl,61.11666666666667
75034298,market,sell,2026.03.16 22:10:01,2026.03.16 23:11:08,2026-03-16 22:10:01,5018.0,5021.01,5023.0,4998.0,0.01,-3.19,-3.1900000000002184,-2.184918912462308e-13,time,sl,61.11666666666667
74997538,market,sell,2026.03.16 14:23:19,2026.03.16 15:28:54,2026-03-16 14:23:19,5019.8,4999.8,5024.8,4999.8,0.01,-3.23,19.82,23.05,tp,sl,65.58333333333333
74997516,market,sell,2026.03.16 14:23:19,2026.03.16 14:51:19,2026-03-16 14:23:19,5019.8,4999.8,5024.8,4999.8,0.01,10.67,19.82,9.15,tp,tp,28.0
74997595,market,sell,2026.03.16 14:23:19,2026.03.16 15:28:54,2026-03-16 14:23:19,5019.8,4999.8,5024.8,4999.8,0.01,-3.23,19.82,23.05,tp,sl,65.58333333333333
74944654,market,sell,2026.03.16 07:01:21,2026.03.16 07:02:03,2026-03-16 07:01:21,5021.5,5024.68,5026.5,5001.5,0.01,-3.3600000000000003,-3.360000000000291,-2.90878432451791e-13,time,sl,0.7
74944634,market,sell,2026.03.16 07:01:21,2026.03.16 07:02:03,2026-03-16 07:01:21,5021.5,5024.68,5026.5,5001.5,0.01,-3.3600000000000003,-3.360000000000291,-2.90878432451791e-13,time,sl,0.7
74944594,market,sell,2026.03.16 07:01:21,2026.03.16 07:02:03,2026-03-16 07:01:21,5021.5,5024.68,5026.5,5001.5,0.01,-3.3600000000000003,-3.360000000000291,-2.90878432451791e-13,time,sl,0.7
74778214,market,buy,2026.03.13 19:00:27,2026.03.13 19:02:46,2026-03-13 19:00:27,5028.7,5023.7,5023.7,5048.7,0.01,-3.18,-5.18,-1.9999999999999996,sl,sl,2.316666666666667
74778194,market,buy,2026.03.13 19:00:27,2026.03.13 19:02:46,2026-03-13 19:00:27,5028.7,5023.7,5023.7,5048.7,0.01,-3.18,-5.18,-1.9999999999999996,sl,sl,2.316666666666667
74778181,market,buy,2026.03.13 19:00:27,2026.03.13 19:02:46,2026-03-13 19:00:27,5028.7,5023.7,5023.7,5048.7,0.01,-3.18,-5.18,-1.9999999999999996,sl,sl,2.316666666666667
74875806,market,buy,2026.03.13 17:55:27,2026.03.13 17:56:13,2026-03-13 17:55:27,5048.0,5043.0,5043.0,5068.0,0.01,-3.3000000000000003,-5.18,-1.8799999999999994,sl,sl,0.7666666666666667
74875848,market,buy,2026.03.13 17:55:27,2026.03.13 17:56:13,2026-03-13 17:55:27,5048.0,5043.0,5043.0,5068.0,0.01,-3.3000000000000003,-5.18,-1.8799999999999994,sl,sl,0.7666666666666667
74875839,market,buy,2026.03.13 17:55:27,2026.03.13 17:56:13,2026-03-13 17:55:27,5048.0,5043.0,5043.0,5068.0,0.01,-3.3000000000000003,-5.18,-1.8799999999999994,sl,sl,0.7666666666666667
74778082,market,buy,2026.03.13 17:55:24,2026.03.13 17:55:27,2026-03-13 17:55:24,5052.7,5047.7,5047.7,5072.7,0.01,-7.029999999999999,-5.18,1.8499999999999996,sl,sl,0.05
74778169,market,buy,2026.03.13 17:55:24,2026.03.13 17:55:27,2026-03-13 17:55:24,5052.7,5047.7,5047.7,5072.7,0.01,-7.029999999999999,-5.18,1.8499999999999996,sl,sl,0.05
74778099,market,buy,2026.03.13 17:55:24,2026.03.13 17:55:27,2026-03-13 17:55:24,5052.7,5047.7,5047.7,5072.7,0.01,-7.029999999999999,-5.18,1.8499999999999996,sl,sl,0.05
74860949,market,buy,2026.03.13 17:51:07,2026.03.13 17:52:03,2026-03-13 17:51:07,5068.0,5063.0,5063.0,5088.0,0.01,-3.21,-5.18,-1.9699999999999998,sl,sl,0.9333333333333333
74860904,market,buy,2026.03.13 17:51:07,2026.03.13 17:52:03,2026-03-13 17:51:07,5068.0,5063.0,5063.0,5088.0,0.01,-3.21,-5.18,-1.9699999999999998,sl,sl,0.9333333333333333
74860967,market,buy,2026.03.13 17:51:07,2026.03.13 17:52:03,2026-03-13 17:51:07,5068.0,5063.0,5063.0,5088.0,0.01,-3.21,-5.18,-1.9699999999999998,sl,sl,0.9333333333333333
74784430,market,sell,2026.03.13 04:00:34,2026.03.13 04:59:48,2026-03-13 04:00:34,5120.0,5125.0,5125.0,5100.0,0.01,-3.39,-5.18,-1.7899999999999996,sl,sl,59.233333333333334
74784416,market,sell,2026.03.13 04:00:34,2026.03.13 04:46:04,2026-03-13 04:00:34,5120.0,5109.9,5125.0,5100.0,0.01,9.92,9.920000000000364,3.6415315207705135e-13,time,tp,45.5
74784433,market,sell,2026.03.13 04:00:34,2026.03.13 04:59:48,2026-03-13 04:00:34,5120.0,5125.0,5125.0,5100.0,0.01,-3.39,-5.18,-1.7899999999999996,sl,sl,59.233333333333334
74369781,market,buy,2026.03.12 21:34:51,2026.03.12 21:45:23,2026-03-12 21:34:51,5100.0,5095.0,5095.0,5120.0,0.01,-3.6,-5.18,-1.5799999999999996,sl,sl,10.533333333333333
74749822,market,buy,2026.03.12 20:34:01,2026.03.12 20:38:47,2026-03-12 20:34:01,5112.5,5107.5,5107.5,5132.5,0.01,-3.2,-5.18,-1.9799999999999995,sl,sl,4.766666666666667
74749751,market,buy,2026.03.12 20:34:01,2026.03.12 20:38:47,2026-03-12 20:34:01,5112.5,5107.5,5107.5,5132.5,0.01,-3.2,-5.18,-1.9799999999999995,sl,sl,4.766666666666667
74750177,market,buy,2026.03.12 20:34:01,2026.03.12 20:38:47,2026-03-12 20:34:01,5112.5,5107.5,5107.5,5132.5,0.01,-3.2,-5.18,-1.9799999999999995,sl,sl,4.766666666666667
74652473,market,buy,2026.03.12 18:03:36,2026.03.12 18:07:16,2026-03-12 18:03:36,5133.0,5128.0,5128.0,5153.0,0.01,-3.2,-5.18,-1.9799999999999995,sl,sl,3.6666666666666665
74652489,market,buy,2026.03.12 18:03:36,2026.03.12 18:07:16,2026-03-12 18:03:36,5133.0,5128.0,5128.0,5153.0,0.01,-3.2,-5.18,-1.9799999999999995,sl,sl,3.6666666666666665
74652483,market,buy,2026.03.12 18:03:36,2026.03.12 18:07:16,2026-03-12 18:03:36,5133.0,5128.0,5128.0,5153.0,0.01,-3.2,-5.18,-1.9799999999999995,sl,sl,3.6666666666666665
74727938,market,buy,2026.03.12 16:45:57,2026.03.12 16:53:12,2026-03-12 16:45:57,5154.5,5149.5,5149.5,5174.5,0.01,-3.62,-5.18,-1.5599999999999996,sl,sl,7.25
74727865,market,buy,2026.03.12 16:45:57,2026.03.12 16:53:12,2026-03-12 16:45:57,5154.5,5149.5,5149.5,5174.5,0.01,-3.62,-5.18,-1.5599999999999996,sl,sl,7.25
74509321,market,buy,2026.03.12 01:56:26,2026.03.12 01:56:26,2026-03-12 01:56:26,5143.0,5138.0,5138.0,5163.0,0.01,-7.31,-5.18,2.13,sl,sl,0.0
74509293,market,buy,2026.03.12 01:56:26,2026.03.12 01:56:26,2026-03-12 01:56:26,5143.0,5138.0,5138.0,5163.0,0.01,-7.31,-5.18,2.13,sl,sl,0.0
74509333,market,buy,2026.03.12 01:56:26,2026.03.12 01:56:26,2026-03-12 01:56:26,5143.0,5138.0,5138.0,5163.0,0.01,-7.31,-5.18,2.13,sl,sl,0.0
74530497,market,buy,2026.03.11 16:52:01,2026.03.12 01:56:24,2026-03-11 16:52:01,5149.7,5169.7,5144.7,5169.7,0.01,-2.46,18.37,20.830000000000002,tp,sl,544.3833333333333
74530465,market,buy,2026.03.11 16:52:01,2026.03.11 17:01:28,2026-03-11 16:52:01,5149.7,5169.7,5144.7,5169.7,0.01,33.12,19.82,-13.299999999999997,tp,tp,9.45
74530454,market,buy,2026.03.11 16:52:00,2026.03.11 16:52:32,2026-03-11 16:52:00,5149.7,5169.7,5144.7,5169.7,0.01,10.120000000000001,19.82,9.7,tp,tp,0.5333333333333333
74530436,market,buy,2026.03.11 11:38:36,2026.03.11 15:37:05,2026-03-11 11:38:36,5176.7,5196.7,5171.7,5196.7,0.01,-3.3600000000000003,19.82,23.18,tp,sl,238.48333333333332
74530396,market,buy,2026.03.11 11:38:36,2026.03.11 11:51:49,2026-03-11 11:38:36,5176.7,5187.05,5171.7,5196.7,0.01,10.17,10.170000000000364,3.6415315207705135e-13,time,tp,13.216666666666667
74530421,market,buy,2026.03.11 11:38:36,2026.03.11 15:37:05,2026-03-11 11:38:36,5176.7,5196.7,5171.7,5196.7,0.01,-3.3600000000000003,19.82,23.18,tp,sl,238.48333333333332
74517051,market,buy,2026.03.11 05:09:58,2026.03.11 05:10:09,2026-03-11 05:09:58,5198.0,5195.0,5193.0,5218.0,0.01,-3.18,-3.18,0.0,time,sl,0.18333333333333332
74516988,market,buy,2026.03.11 05:09:58,2026.03.11 05:10:09,2026-03-11 05:09:58,5198.0,5195.0,5193.0,5218.0,0.01,-3.18,-3.18,0.0,time,sl,0.18333333333333332
74517091,market,buy,2026.03.11 05:09:58,2026.03.11 05:10:09,2026-03-11 05:09:58,5198.0,5195.0,5193.0,5218.0,0.01,-3.18,-3.18,0.0,time,sl,0.18333333333333332
74479750,market,buy,2026.03.10 21:17:58,2026.03.10 21:17:58,2026-03-10 21:17:58,5192.0,5187.0,5187.0,5212.0,0.01,-3.94,-5.18,-1.2399999999999998,sl,sl,0.0
74479798,market,buy,2026.03.10 21:17:58,2026.03.10 21:17:58,2026-03-10 21:17:58,5192.0,5187.0,5187.0,5212.0,0.01,-3.94,-5.18,-1.2399999999999998,sl,sl,0.0
74479729,market,buy,2026.03.10 21:17:58,2026.03.10 21:17:58,2026-03-10 21:17:58,5192.0,5187.0,5187.0,5212.0,0.01,-3.94,-5.18,-1.2399999999999998,sl,sl,0.0
74458279,market,buy,2026.03.10 17:10:57,2026.03.10 21:17:15,2026-03-10 17:10:57,5188.0,5208.0,5183.0,5208.0,0.01,9.74,19.82,10.08,tp,sl,246.3
74458218,market,buy,2026.03.10 17:10:57,2026.03.10 18:01:34,2026-03-10 17:10:57,5188.0,5208.0,5183.0,5208.0,0.01,25.11,19.82,-5.289999999999999,tp,other,50.61666666666667
74458154,market,buy,2026.03.10 17:10:57,2026.03.10 17:16:00,2026-03-10 17:10:57,5188.0,5208.0,5183.0,5208.0,0.01,9.82,19.82,10.0,tp,tp,5.05
74458079,market,buy,2026.03.10 16:46:35,2026.03.10 17:07:42,2026-03-10 16:46:35,5198.2,5193.2,5193.2,5218.2,0.01,-5.21,-5.18,0.03000000000000025,sl,sl,21.116666666666667
74457965,market,buy,2026.03.10 16:46:35,2026.03.10 16:50:45,2026-03-10 16:46:35,5198.2,5208.0,5193.2,5218.2,0.01,9.620000000000001,9.620000000000182,1.8118839761882555e-13,time,tp,4.166666666666667
74458015,market,buy,2026.03.10 16:46:35,2026.03.10 17:07:42,2026-03-10 16:46:35,5198.2,5193.2,5193.2,5218.2,0.01,-5.21,-5.18,0.03000000000000025,sl,sl,21.116666666666667
74188198,market,sell,2026.03.10 04:57:00,2026.03.10 04:57:22,2026-03-10 04:57:00,5177.43,5182.43,5182.43,5157.43,0.01,-3.58,-5.18,-1.5999999999999996,sl,sl,0.36666666666666664
74188246,market,sell,2026.03.10 04:57:00,2026.03.10 04:57:22,2026-03-10 04:57:00,5177.43,5182.43,5182.43,5157.43,0.01,-3.58,-5.18,-1.5999999999999996,sl,sl,0.36666666666666664
74188286,market,sell,2026.03.10 04:57:00,2026.03.10 04:57:22,2026-03-10 04:57:00,5177.43,5182.43,5182.43,5157.43,0.01,-3.58,-5.18,-1.5999999999999996,sl,sl,0.36666666666666664
74262165,market,buy,2026.03.09 10:00:36,2026.03.09 10:03:29,2026-03-09 10:00:36,5094.38,5089.38,5089.38,5114.38,0.01,-3.69,-5.18,-1.4899999999999998,sl,sl,2.8833333333333333
74262213,market,buy,2026.03.09 10:00:36,2026.03.09 10:03:29,2026-03-09 10:00:36,5094.38,5089.38,5089.38,5114.38,0.01,-3.69,-5.18,-1.4899999999999998,sl,sl,2.8833333333333333
74262233,market,buy,2026.03.09 10:00:36,2026.03.09 10:03:29,2026-03-09 10:00:36,5094.38,5089.38,5089.38,5114.38,0.01,-3.69,-5.18,-1.4899999999999998,sl,sl,2.8833333333333333
74196566,market,buy,2026.03.09 03:13:24,2026.03.09 03:13:29,2026-03-09 03:13:24,5041.0,5036.0,5036.0,5061.0,0.01,-3.5500000000000003,-5.18,-1.6299999999999994,sl,sl,0.08333333333333333
74196514,market,buy,2026.03.09 03:13:24,2026.03.09 03:13:29,2026-03-09 03:13:24,5041.0,5036.0,5036.0,5061.0,0.01,-3.5500000000000003,-5.18,-1.6299999999999994,sl,sl,0.08333333333333333
74196695,market,buy,2026.03.09 03:13:24,2026.03.09 03:13:29,2026-03-09 03:13:24,5041.0,5036.0,5036.0,5061.0,0.01,-3.5500000000000003,-5.18,-1.6299999999999994,sl,sl,0.08333333333333333
74196008,market,buy,2026.03.09 03:10:55,2026.03.09 03:13:18,2026-03-09 03:10:55,5046.5,5041.5,5041.5,5066.5,0.01,-3.2,-5.18,-1.9799999999999995,sl,sl,2.3833333333333333
74195801,market,buy,2026.03.09 03:10:55,2026.03.09 03:13:18,2026-03-09 03:10:55,5046.5,5041.5,5041.5,5066.5,0.01,-3.2,-5.18,-1.9799999999999995,sl,sl,2.3833333333333333
74195739,market,buy,2026.03.09 03:10:55,2026.03.09 03:13:18,2026-03-09 03:10:55,5046.5,5041.5,5041.5,5066.5,0.01,-3.2,-5.18,-1.9799999999999995,sl,sl,2.3833333333333333
74187251,market,buy,2026.03.09 02:39:28,2026.03.09 02:39:41,2026-03-09 02:39:28,5072.5,5067.5,5067.5,5092.5,0.01,-4.279999999999999,-5.18,-0.9000000000000004,sl,sl,0.21666666666666667
74187192,market,buy,2026.03.09 02:39:28,2026.03.09 02:39:41,2026-03-09 02:39:28,5072.5,5067.5,5067.5,5092.5,0.01,-4.279999999999999,-5.18,-0.9000000000000004,sl,sl,0.21666666666666667
74187293,market,buy,2026.03.09 02:39:28,2026.03.09 02:39:41,2026-03-09 02:39:28,5072.5,5067.5,5067.5,5092.5,0.01,-4.279999999999999,-5.18,-0.9000000000000004,sl,sl,0.21666666666666667
74094547,market,sell,2026.03.06 15:30:23,2026.03.06 15:33:40,2026-03-06 15:30:23,5120.72,5100.72,5125.72,5100.72,0.01,-4.77,19.82,24.59,tp,sl,3.283333333333333
74094520,market,sell,2026.03.06 15:30:23,2026.03.06 15:30:28,2026-03-06 15:30:23,5120.72,5100.72,5125.72,5100.72,0.01,8.540000000000001,19.82,11.28,tp,tp,0.08333333333333333
74094570,market,sell,2026.03.06 15:30:23,2026.03.06 15:33:40,2026-03-06 15:30:23,5120.72,5100.72,5125.72,5100.72,0.01,-4.77,19.82,24.59,tp,sl,3.283333333333333
74108102,market,sell,2026.03.06 15:30:07,2026.03.06 15:30:12,2026-03-06 15:30:07,5108.97,5088.97,5113.97,5088.97,0.01,-3.47,19.82,23.29,tp,sl,0.08333333333333333
74108129,market,sell,2026.03.06 15:30:07,2026.03.06 15:30:12,2026-03-06 15:30:07,5108.97,5088.97,5113.97,5088.97,0.01,-3.47,19.82,23.29,tp,sl,0.08333333333333333
74053854,market,buy,2026.03.06 13:55:57,2026.03.06 13:56:02,2026-03-06 13:55:57,5070.63,5090.63,5065.63,5090.63,0.01,-4.18,19.82,24.0,tp,sl,0.08333333333333333
74053878,market,buy,2026.03.06 13:55:57,2026.03.06 13:56:02,2026-03-06 13:55:57,5070.63,5090.63,5065.63,5090.63,0.01,-4.18,19.82,24.0,tp,sl,0.08333333333333333
74053842,market,buy,2026.03.06 13:55:57,2026.03.06 13:56:02,2026-03-06 13:55:57,5070.63,5090.63,5065.63,5090.63,0.01,-4.18,19.82,24.0,tp,sl,0.08333333333333333
74042342,market,buy,2026.03.06 10:31:54,2026.03.06 10:39:45,2026-03-06 10:31:54,5097.4,5108.0,5092.4,5117.4,0.01,10.42,10.420000000000364,3.6415315207705135e-13,time,tp,7.85
74042389,market,buy,2026.03.06 10:31:54,2026.03.06 11:15:50,2026-03-06 10:31:54,5097.4,5117.4,5092.4,5117.4,0.01,-3.2800000000000002,19.82,23.1,tp,sl,43.93333333333333
74042359,market,buy,2026.03.06 10:31:54,2026.03.06 11:15:50,2026-03-06 10:31:54,5097.4,5117.4,5092.4,5117.4,0.01,-3.2800000000000002,19.82,23.1,tp,sl,43.93333333333333
74019967,market,sell,2026.03.06 03:40:12,2026.03.06 03:40:30,2026-03-06 03:40:12,5109.8,5089.8,5114.8,5089.8,0.01,-3.3800000000000003,19.82,23.2,tp,sl,0.3
74019990,market,sell,2026.03.06 03:40:12,2026.03.06 03:40:30,2026-03-06 03:40:12,5109.8,5089.8,5114.8,5089.8,0.01,-3.3800000000000003,19.82,23.2,tp,sl,0.3
74019956,market,sell,2026.03.06 03:40:12,2026.03.06 03:40:30,2026-03-06 03:40:12,5109.8,5089.8,5114.8,5089.8,0.01,-3.3800000000000003,19.82,23.2,tp,sl,0.3
73841749,market,buy,2026.03.05 15:23:16,2026.03.05 15:23:16,2026-03-05 15:23:16,5088.5,5108.5,5083.5,5108.5,0.01,-6.51,19.82,26.33,tp,sl,0.0
73841771,market,buy,2026.03.05 15:23:16,2026.03.05 15:23:16,2026-03-05 15:23:16,5088.5,5108.5,5083.5,5108.5,0.01,-6.51,19.82,26.33,tp,sl,0.0
73841758,market,buy,2026.03.05 15:23:16,2026.03.05 15:23:16,2026-03-05 15:23:16,5088.5,5108.5,5083.5,5108.5,0.01,-6.51,19.82,26.33,tp,sl,0.0
73930256,market,buy,2026.03.05 15:17:38,2026.03.05 15:20:46,2026-03-05 15:17:38,5128.81,5148.81,5123.81,5148.81,0.01,-3.99,19.82,23.810000000000002,tp,sl,3.1333333333333333
73930237,market,buy,2026.03.05 15:17:38,2026.03.05 15:17:59,2026-03-05 15:17:38,5128.81,5148.81,5123.81,5148.81,0.01,9.01,19.82,10.81,tp,tp,0.35
73930270,market,buy,2026.03.05 15:17:38,2026.03.05 15:20:46,2026-03-05 15:17:38,5128.81,5148.81,5123.81,5148.81,0.01,-3.99,19.82,23.810000000000002,tp,sl,3.1333333333333333
73856612,market,buy,2026.03.05 08:08:52,2026.03.05 08:09:35,2026-03-05 08:08:52,5140.19,5160.19,5135.19,5160.19,0.01,-3.4000000000000004,19.82,23.22,tp,sl,0.7166666666666667
73856577,market,buy,2026.03.05 08:08:52,2026.03.05 08:09:35,2026-03-05 08:08:52,5140.19,5160.19,5135.19,5160.19,0.01,-3.4000000000000004,19.82,23.22,tp,sl,0.7166666666666667
73856492,market,buy,2026.03.05 08:08:52,2026.03.05 08:09:35,2026-03-05 08:08:52,5140.19,5160.19,5135.19,5160.19,0.01,-3.4000000000000004,19.82,23.22,tp,sl,0.7166666666666667
73856972,market,sell,2026.03.05 05:00:01,2026.03.05 15:23:09,2026-03-05 05:00:01,5192.3,5172.3,5197.3,5172.3,0.01,97.11999999999999,19.82,-77.29999999999998,tp,tp,623.1333333333333
73856821,market,sell,2026.03.05 05:00:01,2026.03.05 05:30:18,2026-03-05 05:00:01,5192.3,5181.9,5197.3,5172.3,0.01,10.22,10.220000000000546,5.453415496958769e-13,time,tp,30.283333333333335
73856946,market,sell,2026.03.05 05:00:01,2026.03.05 07:51:08,2026-03-05 05:00:01,5192.3,5172.3,5197.3,5172.3,0.01,32.160000000000004,19.82,-12.340000000000003,tp,tp,171.11666666666667
73843723,market,sell,2026.03.05 02:05:41,2026.03.05 02:10:29,2026-03-05 02:05:41,5167.48,5147.48,5172.48,5147.48,0.01,-3.47,19.82,23.29,tp,sl,4.8
73843702,market,sell,2026.03.05 02:05:41,2026.03.05 02:10:29,2026-03-05 02:05:41,5167.48,5147.48,5172.48,5147.48,0.01,-3.47,19.82,23.29,tp,sl,4.8
73843760,market,sell,2026.03.05 02:05:41,2026.03.05 02:10:29,2026-03-05 02:05:41,5167.48,5147.48,5172.48,5147.48,0.01,-3.47,19.82,23.29,tp,sl,4.8
73460113,market,sell,2026.03.04 04:09:52,2026.03.04 04:12:43,2026-03-04 04:09:52,5184.5,5164.5,5189.5,5164.5,0.01,-3.19,19.82,23.01,tp,sl,2.85
73460052,market,sell,2026.03.04 04:09:52,2026.03.04 04:12:43,2026-03-04 04:09:52,5184.5,5164.5,5189.5,5164.5,0.01,-3.19,19.82,23.01,tp,sl,2.85
73460081,market,sell,2026.03.04 04:09:52,2026.03.04 04:12:43,2026-03-04 04:09:52,5184.5,5164.5,5189.5,5164.5,0.01,-3.19,19.82,23.01,tp,sl,2.85
73230963,market,buy,2026.03.03 13:07:50,2026.03.03 13:07:50,2026-03-03 13:07:50,5211.0,5231.0,5206.0,5231.0,0.01,-3.6500000000000004,19.82,23.47,tp,sl,0.0
73230887,market,buy,2026.03.03 13:07:50,2026.03.03 13:07:50,2026-03-03 13:07:50,5211.0,5231.0,5206.0,5231.0,0.01,-3.6500000000000004,19.82,23.47,tp,sl,0.0
73230932,market,buy,2026.03.03 13:07:50,2026.03.03 13:07:50,2026-03-03 13:07:50,5211.0,5231.0,5206.0,5231.0,0.01,-3.6500000000000004,19.82,23.47,tp,sl,0.0
73230766,market,buy,2026.03.03 11:27:16,2026.03.03 11:27:34,2026-03-03 11:27:16,5239.0,5259.0,5234.0,5259.0,0.01,-3.48,19.82,23.3,tp,sl,0.3
73230730,market,buy,2026.03.03 11:27:16,2026.03.03 11:27:34,2026-03-03 11:27:16,5239.0,5259.0,5234.0,5259.0,0.01,-3.48,19.82,23.3,tp,sl,0.3
73230789,market,buy,2026.03.03 11:27:16,2026.03.03 11:27:34,2026-03-03 11:27:16,5239.0,5259.0,5234.0,5259.0,0.01,-3.48,19.82,23.3,tp,sl,0.3
73544398,market,buy,2026.03.03 10:40:01,2026.03.03 10:55:17,2026-03-03 10:40:01,5300.0,5320.0,5295.0,5320.0,0.01,-5.239999999999999,19.82,25.06,tp,sl,15.266666666666667
73544341,market,buy,2026.03.03 10:40:01,2026.03.03 10:55:17,2026-03-03 10:40:01,5300.0,5320.0,5295.0,5320.0,0.01,-5.239999999999999,19.82,25.06,tp,sl,15.266666666666667
73544313,market,buy,2026.03.03 10:40:01,2026.03.03 10:46:05,2026-03-03 10:40:01,5300.0,5320.0,5295.0,5320.0,0.01,9.82,19.82,10.0,tp,tp,6.066666666666666
73540494,market,buy,2026.03.03 10:23:44,2026.03.03 10:29:27,2026-03-03 10:23:44,5316.2,5312.94,5311.2,5336.2,0.01,-3.44,-3.4400000000002184,-2.184918912462308e-13,time,sl,5.716666666666667
73540397,market,buy,2026.03.03 10:23:44,2026.03.03 10:29:27,2026-03-03 10:23:44,5316.2,5312.94,5311.2,5336.2,0.01,-3.44,-3.4400000000002184,-2.184918912462308e-13,time,sl,5.716666666666667
73540585,market,buy,2026.03.03 10:23:44,2026.03.03 10:29:27,2026-03-03 10:23:44,5316.2,5312.94,5311.2,5336.2,0.01,-3.44,-3.4400000000002184,-2.184918912462308e-13,time,sl,5.716666666666667
73460307,market,buy,2026.03.03 08:12:31,2026.03.03 08:13:31,2026-03-03 08:12:31,5297.0,5317.0,5292.0,5317.0,0.01,-3.21,19.82,23.03,tp,sl,1.0
73460286,market,buy,2026.03.03 08:12:31,2026.03.03 08:13:31,2026-03-03 08:12:31,5297.0,5317.0,5292.0,5317.0,0.01,-3.21,19.82,23.03,tp,sl,1.0
73460220,market,buy,2026.03.03 08:12:31,2026.03.03 08:13:31,2026-03-03 08:12:31,5297.0,5317.0,5292.0,5317.0,0.01,-3.21,19.82,23.03,tp,sl,1.0
73460165,market,buy,2026.03.03 07:56:09,2026.03.03 08:08:44,2026-03-03 07:56:09,5307.0,5327.0,5302.0,5327.0,0.01,-3.3200000000000003,19.82,23.14,tp,sl,12.583333333333334
73460158,market,buy,2026.03.03 07:56:09,2026.03.03 07:57:45,2026-03-03 07:56:09,5307.0,5327.0,5302.0,5327.0,0.01,9.82,19.82,10.0,tp,tp,1.6
73460178,market,buy,2026.03.03 07:56:09,2026.03.03 08:08:44,2026-03-03 07:56:09,5307.0,5327.0,5302.0,5327.0,0.01,-3.3200000000000003,19.82,23.14,tp,sl,12.583333333333334
73476474,market,buy,2026.03.03 07:49:27,2026.03.03 07:49:49,2026-03-03 07:49:27,5326.5,5346.5,5321.5,5346.5,0.01,-3.79,19.82,23.61,tp,sl,0.36666666666666664
73476410,market,buy,2026.03.03 07:49:27,2026.03.03 07:49:49,2026-03-03 07:49:27,5326.5,5346.5,5321.5,5346.5,0.01,-3.79,19.82,23.61,tp,sl,0.36666666666666664
73476356,market,buy,2026.03.03 07:49:27,2026.03.03 07:49:49,2026-03-03 07:49:27,5326.5,5346.5,5321.5,5346.5,0.01,-3.79,19.82,23.61,tp,sl,0.36666666666666664
73262242,market,buy,2026.03.02 16:26:14,2026.03.02 16:26:36,2026-03-02 16:26:14,5314.18,5334.18,5309.18,5334.18,0.01,-3.77,19.82,23.59,tp,sl,0.36666666666666664
73262178,market,buy,2026.03.02 16:26:14,2026.03.02 16:26:36,2026-03-02 16:26:14,5314.18,5334.18,5309.18,5334.18,0.01,-3.77,19.82,23.59,tp,sl,0.36666666666666664
73262287,market,buy,2026.03.02 16:26:14,2026.03.02 16:26:36,2026-03-02 16:26:14,5314.18,5334.18,5309.18,5334.18,0.01,-3.77,19.82,23.59,tp,sl,0.36666666666666664
73282888,market,buy,2026.03.02 16:26:07,2026.03.02 16:26:09,2026-03-02 16:26:07,5324.2,5344.2,5319.2,5344.2,0.01,-3.6500000000000004,19.82,23.47,tp,sl,0.03333333333333333
73282878,market,buy,2026.03.02 16:26:07,2026.03.02 16:26:09,2026-03-02 16:26:07,5324.2,5344.2,5319.2,5344.2,0.01,-3.6500000000000004,19.82,23.47,tp,sl,0.03333333333333333
73282865,market,buy,2026.03.02 16:26:07,2026.03.02 16:26:09,2026-03-02 16:26:07,5324.2,5344.2,5319.2,5344.2,0.01,-3.6500000000000004,19.82,23.47,tp,sl,0.03333333333333333
73376849,market,buy,2026.03.02 16:10:15,2026.03.02 16:18:21,2026-03-02 16:10:15,5366.0,5386.0,5361.0,5386.0,0.01,-3.5500000000000003,19.82,23.37,tp,sl,8.1
73376766,market,buy,2026.03.02 16:10:15,2026.03.02 16:11:32,2026-03-02 16:10:15,5366.0,5386.0,5361.0,5386.0,0.01,9.82,19.82,10.0,tp,tp,1.2833333333333334
73377050,market,buy,2026.03.02 16:10:15,2026.03.02 16:18:21,2026-03-02 16:10:15,5366.0,5386.0,5361.0,5386.0,0.01,-3.5500000000000003,19.82,23.37,tp,sl,8.1
73341514,market,buy,2026.03.02 13:45:59,2026.03.02 16:09:58,2026-03-02 13:45:59,5376.22,5396.22,5371.22,5396.22,0.01,-3.66,19.82,23.48,tp,sl,143.98333333333332
73341422,market,buy,2026.03.02 13:45:59,2026.03.02 15:05:15,2026-03-02 13:45:59,5376.22,5396.22,5371.22,5396.22,0.01,26.75,19.82,-6.93,tp,tp,79.26666666666667
73341247,market,buy,2026.03.02 13:45:59,2026.03.02 13:48:53,2026-03-02 13:45:59,5376.22,5386.0,5371.22,5396.22,0.01,9.6,9.599999999999746,-2.540190280342358e-13,time,tp,2.9
73164603,market,buy,2026.02.27 15:40:49,2026.02.27 15:41:40,2026-02-27 15:40:49,5214.23,5209.23,5209.23,5234.23,0.01,-3.44,-5.18,-1.7399999999999998,sl,sl,0.85
73164681,market,buy,2026.02.27 15:40:49,2026.02.27 15:42:43,2026-02-27 15:40:49,5214.23,5209.23,5209.23,5234.23,0.01,0.69,-5.18,-5.869999999999999,sl,other,1.9
73134780,market,sell,2026.02.27 15:23:17,2026.02.27 15:24:16,2026-02-27 15:23:17,5230.0,5210.0,5235.0,5210.0,0.01,-5.25,19.82,25.07,tp,sl,0.9833333333333333
73134726,market,sell,2026.02.27 15:23:17,2026.02.27 15:24:16,2026-02-27 15:23:17,5230.0,5210.0,5235.0,5210.0,0.01,-5.25,19.82,25.07,tp,sl,0.9833333333333333
73134767,market,sell,2026.02.27 15:23:17,2026.02.27 15:24:16,2026-02-27 15:23:17,5230.0,5210.0,5235.0,5210.0,0.01,-5.25,19.82,25.07,tp,sl,0.9833333333333333
73087109,market,sell,2026.02.27 15:15:26,2026.02.27 15:15:39,2026-02-27 15:15:26,5217.0,5197.0,5222.0,5197.0,0.01,-3.4000000000000004,19.82,23.22,tp,sl,0.21666666666666667
73087098,market,sell,2026.02.27 15:15:26,2026.02.27 15:15:39,2026-02-27 15:15:26,5217.0,5197.0,5222.0,5197.0,0.01,-3.4000000000000004,19.82,23.22,tp,sl,0.21666666666666667
73087126,market,sell,2026.02.27 15:15:26,2026.02.27 15:15:39,2026-02-27 15:15:26,5217.0,5197.0,5222.0,5197.0,0.01,-3.4000000000000004,19.82,23.22,tp,sl,0.21666666666666667
72903821,market,buy,2026.02.26 17:27:55,2026.02.26 17:38:06,2026-02-26 17:27:55,5131.89,5151.89,5126.89,5151.89,0.01,32.98,19.82,-13.159999999999997,tp,tp,10.183333333333334
72903785,market,buy,2026.02.26 17:27:55,2026.02.26 17:29:05,2026-02-26 17:27:55,5131.89,5151.89,5126.89,5151.89,0.01,9.93,19.82,9.89,tp,tp,1.1666666666666667
72903859,market,buy,2026.02.26 17:27:55,2026.02.26 17:47:52,2026-02-26 17:27:55,5131.89,5151.89,5126.89,5151.89,0.01,50.04,19.82,-30.22,tp,other,19.95
73023593,market,buy,2026.02.26 17:27:54,2026.02.26 17:27:55,2026-02-26 17:27:54,5137.5,5157.5,5132.5,5157.5,0.01,-3.87,19.82,23.69,tp,sl,0.016666666666666666
73023570,market,buy,2026.02.26 17:27:54,2026.02.26 17:27:55,2026-02-26 17:27:54,5137.5,5157.5,5132.5,5157.5,0.01,-3.87,19.82,23.69,tp,sl,0.016666666666666666
73023554,market,buy,2026.02.26 17:27:54,2026.02.26 17:27:55,2026-02-26 17:27:54,5137.5,5157.5,5132.5,5157.5,0.01,-3.87,19.82,23.69,tp,sl,0.016666666666666666
72968623,market,buy,2026.02.26 13:53:54,2026.02.26 13:54:16,2026-02-26 13:53:54,5166.0,5162.68,5161.0,5186.0,0.01,-3.5,-3.499999999999709,2.90878432451791e-13,time,sl,0.36666666666666664
72968516,market,buy,2026.02.26 13:53:54,2026.02.26 13:54:16,2026-02-26 13:53:54,5166.0,5162.68,5161.0,5186.0,0.01,-3.5,-3.499999999999709,2.90878432451791e-13,time,sl,0.36666666666666664
72968752,market,buy,2026.02.26 13:53:54,2026.02.26 13:54:16,2026-02-26 13:53:54,5166.0,5162.68,5161.0,5186.0,0.01,-3.5,-3.499999999999709,2.90878432451791e-13,time,sl,0.36666666666666664
72955466,market,sell,2026.02.26 02:29:51,2026.02.26 02:30:12,2026-02-26 02:29:51,5186.38,5166.38,5191.38,5166.38,0.01,-3.21,19.82,23.03,tp,sl,0.35
72955288,market,sell,2026.02.26 02:29:51,2026.02.26 02:30:12,2026-02-26 02:29:51,5186.38,5166.38,5191.38,5166.38,0.01,-3.21,19.82,23.03,tp,sl,0.35
72955367,market,sell,2026.02.26 02:29:51,2026.02.26 02:30:12,2026-02-26 02:29:51,5186.38,5166.38,5191.38,5166.38,0.01,-3.21,19.82,23.03,tp,sl,0.35
72735661,market,buy,2026.02.24 15:59:25,2026.02.24 15:59:25,2026-02-24 15:59:25,5123.0,5143.0,5118.0,5143.0,0.01,-6.319999999999999,19.82,26.14,tp,sl,0.0
72735554,market,buy,2026.02.24 15:59:25,2026.02.24 15:59:25,2026-02-24 15:59:25,5123.0,5143.0,5118.0,5143.0,0.01,-6.319999999999999,19.82,26.14,tp,sl,0.0
72735718,market,buy,2026.02.24 15:59:25,2026.02.24 15:59:25,2026-02-24 15:59:25,5123.0,5143.0,5118.0,5143.0,0.01,-6.319999999999999,19.82,26.14,tp,sl,0.0
72783259,market,buy,2026.02.24 15:39:43,2026.02.24 15:39:45,2026-02-24 15:39:43,5138.42,5158.42,5133.42,5158.42,0.01,-3.3600000000000003,19.82,23.18,tp,sl,0.03333333333333333
72783271,market,buy,2026.02.24 15:39:43,2026.02.24 15:39:45,2026-02-24 15:39:43,5138.42,5158.42,5133.42,5158.42,0.01,-3.3600000000000003,19.82,23.18,tp,sl,0.03333333333333333
72783276,market,buy,2026.02.24 15:39:43,2026.02.24 15:39:45,2026-02-24 15:39:43,5138.42,5158.42,5133.42,5158.42,0.01,-3.3600000000000003,19.82,23.18,tp,sl,0.03333333333333333
72735802,market,buy,2026.02.24 14:19:15,2026.02.24 14:19:15,2026-02-24 14:19:15,5151.0,5171.0,5146.0,5171.0,0.01,-4.05,19.82,23.87,tp,sl,0.0
72735843,market,buy,2026.02.24 14:19:15,2026.02.24 14:19:15,2026-02-24 14:19:15,5151.0,5171.0,5146.0,5171.0,0.01,-4.05,19.82,23.87,tp,sl,0.0
72735786,market,buy,2026.02.24 14:19:15,2026.02.24 14:19:15,2026-02-24 14:19:15,5151.0,5171.0,5146.0,5171.0,0.01,-4.05,19.82,23.87,tp,sl,0.0
72715508,market,buy,2026.02.24 03:16:32,2026.02.24 03:16:45,2026-02-24 03:16:32,5151.0,5171.0,5146.0,5171.0,0.01,-3.5,19.82,23.32,tp,sl,0.21666666666666667
72715547,market,buy,2026.02.24 03:16:32,2026.02.24 03:16:45,2026-02-24 03:16:32,5151.0,5171.0,5146.0,5171.0,0.01,-3.5,19.82,23.32,tp,sl,0.21666666666666667
72715533,market,buy,2026.02.24 03:16:32,2026.02.24 03:16:45,2026-02-24 03:16:32,5151.0,5171.0,5146.0,5171.0,0.01,-3.5,19.82,23.32,tp,sl,0.21666666666666667
72715477,market,buy,2026.02.24 03:15:18,2026.02.24 03:15:46,2026-02-24 03:15:18,5166.0,5186.0,5161.0,5186.0,0.01,-3.21,19.82,23.03,tp,sl,0.4666666666666667
72715347,market,buy,2026.02.24 03:15:18,2026.02.24 03:15:46,2026-02-24 03:15:18,5166.0,5186.0,5161.0,5186.0,0.01,-3.21,19.82,23.03,tp,sl,0.4666666666666667
72715176,market,buy,2026.02.24 03:15:18,2026.02.24 03:15:46,2026-02-24 03:15:18,5166.0,5186.0,5161.0,5186.0,0.01,-3.21,19.82,23.03,tp,sl,0.4666666666666667
72715066,market,buy,2026.02.24 03:00:11,2026.02.24 03:02:17,2026-02-24 03:00:11,5208.71,5228.71,5203.71,5228.71,0.01,-3.3000000000000003,19.82,23.12,tp,sl,2.1
72715134,market,buy,2026.02.24 03:00:11,2026.02.24 03:02:17,2026-02-24 03:00:11,5208.71,5228.71,5203.71,5228.71,0.01,-3.3000000000000003,19.82,23.12,tp,sl,2.1
72715100,market,buy,2026.02.24 03:00:11,2026.02.24 03:02:17,2026-02-24 03:00:11,5208.71,5228.71,5203.71,5228.71,0.01,-3.3000000000000003,19.82,23.12,tp,sl,2.1
72452143,market,sell,2026.02.20 19:54:12,2026.02.20 21:57:02,2026-02-20 19:54:12,5075.92,5055.92,5080.92,5055.92,0.01,-3.7600000000000002,19.82,23.580000000000002,tp,sl,122.83333333333333
72452028,market,sell,2026.02.20 19:54:12,2026.02.20 21:57:02,2026-02-20 19:54:12,5075.92,5055.92,5080.92,5055.92,0.01,-3.7600000000000002,19.82,23.580000000000002,tp,sl,122.83333333333333
72451917,market,sell,2026.02.20 19:54:12,2026.02.20 20:27:08,2026-02-20 19:54:12,5075.92,5055.92,5080.92,5055.92,0.01,16.84,19.82,2.9800000000000004,tp,tp,32.93333333333333
72426887,market,buy,2026.02.19 16:34:19,2026.02.19 16:34:19,2026-02-19 16:34:19,4971.5,4991.5,4966.5,4991.5,0.01,-6.72,19.82,26.54,tp,sl,0.0
72408498,market,sell,2026.02.19 07:10:08,2026.02.19 07:36:28,2026-02-19 07:10:08,4991.0,4994.26,4996.0,4971.0,0.01,-3.44,-3.4400000000002184,-2.184918912462308e-13,time,sl,26.333333333333332
72408521,market,sell,2026.02.19 07:10:08,2026.02.19 07:36:28,2026-02-19 07:10:08,4991.0,4994.26,4996.0,4971.0,0.01,-3.44,-3.4400000000002184,-2.184918912462308e-13,time,sl,26.333333333333332
72408532,market,sell,2026.02.19 07:10:08,2026.02.19 07:36:28,2026-02-19 07:10:08,4991.0,4994.26,4996.0,4971.0,0.01,-3.44,-3.4400000000002184,-2.184918912462308e-13,time,sl,26.333333333333332
72362965,market,sell,2026.02.18 15:36:00,2026.02.18 15:36:34,2026-02-18 15:36:00,4960.0,4940.0,4965.0,4940.0,0.01,-3.22,19.82,23.04,tp,sl,0.5666666666666667
72362959,market,sell,2026.02.18 15:36:00,2026.02.18 15:36:34,2026-02-18 15:36:00,4960.0,4940.0,4965.0,4940.0,0.01,-3.22,19.82,23.04,tp,sl,0.5666666666666667
72362938,market,sell,2026.02.18 15:36:00,2026.02.18 15:36:34,2026-02-18 15:36:00,4960.0,4940.0,4965.0,4940.0,0.01,-3.22,19.82,23.04,tp,sl,0.5666666666666667
72323120,market,buy,2026.02.18 01:59:03,2026.02.18 02:33:34,2026-02-18 01:59:03,4858.5,4878.5,4853.5,4878.5,0.01,17.330000000000002,19.82,2.4899999999999984,tp,tp,34.516666666666666
72323197,market,buy,2026.02.18 01:59:03,2026.02.18 05:27:39,2026-02-18 01:59:03,4858.5,4878.5,4853.5,4878.5,0.01,60.42,19.82,-40.6,tp,other,208.6
72323174,market,buy,2026.02.18 01:59:03,2026.02.18 03:36:10,2026-02-18 01:59:03,4858.5,4878.5,4853.5,4878.5,0.01,33.47,19.82,-13.649999999999999,tp,tp,97.11666666666666
72249070,market,buy,2026.02.17 16:01:37,2026.02.17 16:05:50,2026-02-17 16:01:37,4845.0,4865.0,4840.0,4865.0,0.01,31.82,19.82,-12.0,tp,tp,4.216666666666667
72249201,market,buy,2026.02.17 16:01:37,2026.02.17 16:38:39,2026-02-17 16:01:37,4845.0,4865.0,4840.0,4865.0,0.01,40.38,19.82,-20.560000000000002,tp,other,37.03333333333333
72249262,market,buy,2026.02.17 16:01:37,2026.03.02 09:07:55,2026-02-17 16:01:37,4845.0,4865.0,4840.0,4865.0,0.01,548.71,13.56,-535.1500000000001,tp,tp,18306.3
72248757,market,sell,2026.02.17 12:11:25,2026.02.17 12:11:46,2026-02-17 12:11:25,4933.55,4937.17,4938.55,4913.55,0.01,-3.8000000000000003,-3.799999999999891,1.092459456231154e-13,time,sl,0.35
72248730,market,sell,2026.02.17 12:11:25,2026.02.17 12:11:46,2026-02-17 12:11:25,4933.55,4937.17,4938.55,4913.55,0.01,-3.8000000000000003,-3.799999999999891,1.092459456231154e-13,time,sl,0.35
72248702,market,sell,2026.02.17 12:11:25,2026.02.17 12:11:46,2026-02-17 12:11:25,4933.55,4937.17,4938.55,4913.55,0.01,-3.8000000000000003,-3.799999999999891,1.092459456231154e-13,time,sl,0.35
72223847,market,buy,2026.02.17 07:14:05,2026.02.17 07:14:41,2026-02-17 07:14:05,4932.0,4952.0,4927.0,4952.0,0.01,-4.22,19.82,24.04,tp,sl,0.6
72223838,market,buy,2026.02.17 07:14:05,2026.02.17 07:14:41,2026-02-17 07:14:05,4932.0,4952.0,4927.0,4952.0,0.01,-4.22,19.82,24.04,tp,sl,0.6
72223831,market,buy,2026.02.17 07:14:05,2026.02.17 07:14:41,2026-02-17 07:14:05,4932.0,4952.0,4927.0,4952.0,0.01,-4.22,19.82,24.04,tp,sl,0.6
72211647,market,sell,2026.02.17 04:20:08,2026.02.17 07:14:01,2026-02-17 04:20:08,4969.0,4949.0,4974.0,4949.0,0.01,33.97,19.82,-14.149999999999999,tp,tp,173.88333333333333
72211631,market,sell,2026.02.17 04:20:08,2026.02.17 05:37:03,2026-02-17 04:20:08,4969.0,4951.85,4974.0,4949.0,0.01,16.97,16.969999999999636,-3.623767952376511e-13,time,tp,76.91666666666667
72211667,market,sell,2026.02.17 04:20:08,2026.02.17 07:16:23,2026-02-17 04:20:08,4969.0,4949.0,4974.0,4949.0,0.01,56.97,19.82,-37.15,tp,tp,176.25
72205102,market,buy,2026.02.17 02:58:28,2026.02.17 02:58:29,2026-02-17 02:58:28,4938.0,4934.69,4933.0,4958.0,0.01,-3.49,-3.4900000000004003,-4.001243780749064e-13,time,sl,0.016666666666666666
72204996,market,buy,2026.02.17 02:58:28,2026.02.17 02:58:29,2026-02-17 02:58:28,4938.0,4934.69,4933.0,4958.0,0.01,-3.49,-3.4900000000004003,-4.001243780749064e-13,time,sl,0.016666666666666666
72204942,market,buy,2026.02.17 02:58:28,2026.02.17 02:58:29,2026-02-17 02:58:28,4938.0,4934.69,4933.0,4958.0,0.01,-3.49,-3.4900000000004003,-4.001243780749064e-13,time,sl,0.016666666666666666
72159488,market,buy,2026.02.16 17:03:01,2026.02.16 17:03:04,2026-02-16 17:03:01,4975.5,4995.5,4970.5,4995.5,0.01,-3.3000000000000003,19.82,23.12,tp,sl,0.05
72159444,market,buy,2026.02.16 17:03:01,2026.02.16 17:03:04,2026-02-16 17:03:01,4975.5,4995.5,4970.5,4995.5,0.01,-3.3000000000000003,19.82,23.12,tp,sl,0.05
72159469,market,buy,2026.02.16 17:03:01,2026.02.16 17:03:04,2026-02-16 17:03:01,4975.5,4995.5,4970.5,4995.5,0.01,-3.3000000000000003,19.82,23.12,tp,sl,0.05
72037916,market,sell,2026.02.13 10:10:40,2026.02.13 10:51:13,2026-02-13 10:10:40,4988.5,4968.5,4993.5,4968.5,0.01,16.42,19.82,3.3999999999999986,tp,tp,40.55
72037929,market,sell,2026.02.13 10:10:40,2026.02.13 12:57:44,2026-02-13 10:10:40,4988.5,4968.5,4993.5,4968.5,0.01,33.47,19.82,-13.649999999999999,tp,tp,167.06666666666666
72037953,market,sell,2026.02.13 10:10:40,2026.02.13 13:24:33,2026-02-13 10:10:40,4988.5,4968.5,4993.5,4968.5,0.01,53.36,19.82,-33.54,tp,tp,193.88333333333333
72020249,market,buy,2026.02.13 07:52:31,2026.02.13 07:55:58,2026-02-13 07:52:31,4954.5,4974.5,4949.5,4974.5,0.01,-3.3800000000000003,19.82,23.2,tp,sl,3.45
72020251,market,buy,2026.02.13 07:52:31,2026.02.13 07:55:58,2026-02-13 07:52:31,4954.5,4974.5,4949.5,4974.5,0.01,-3.3800000000000003,19.82,23.2,tp,sl,3.45
72020239,market,buy,2026.02.13 07:52:31,2026.02.13 07:55:58,2026-02-13 07:52:31,4954.5,4974.5,4949.5,4974.5,0.01,-3.3800000000000003,19.82,23.2,tp,sl,3.45
71435565,market,buy,2026.02.12 18:17:37,2026.02.12 18:17:38,2026-02-12 18:17:37,4931.56,4951.56,4926.56,4951.56,0.01,-5.77,19.82,25.59,tp,sl,0.016666666666666666
71435517,market,buy,2026.02.12 18:17:37,2026.02.12 18:17:38,2026-02-12 18:17:37,4931.56,4951.56,4926.56,4951.56,0.01,-5.77,19.82,25.59,tp,sl,0.016666666666666666
71435481,market,buy,2026.02.12 18:17:37,2026.02.12 18:17:38,2026-02-12 18:17:37,4931.56,4951.56,4926.56,4951.56,0.01,-5.77,19.82,25.59,tp,sl,0.016666666666666666
71836507,market,buy,2026.02.12 18:14:28,2026.02.12 18:14:37,2026-02-12 18:14:28,4965.07,4985.07,4960.07,4985.07,0.01,-3.62,19.82,23.44,tp,sl,0.15
71836485,market,buy,2026.02.12 18:14:28,2026.02.12 18:14:37,2026-02-12 18:14:28,4965.07,4985.07,4960.07,4985.07,0.01,-3.62,19.82,23.44,tp,sl,0.15
71836534,market,buy,2026.02.12 18:14:28,2026.02.12 18:14:37,2026-02-12 18:14:28,4965.07,4985.07,4960.07,4985.07,0.01,-3.62,19.82,23.44,tp,sl,0.15
71715330,market,buy,2026.02.12 18:11:47,2026.02.12 18:12:01,2026-02-12 18:11:47,5015.0,5035.0,5010.0,5035.0,0.01,-3.18,19.82,23.0,tp,sl,0.23333333333333334
71715258,market,buy,2026.02.12 18:11:47,2026.02.12 18:12:01,2026-02-12 18:11:47,5015.0,5035.0,5010.0,5035.0,0.01,-3.18,19.82,23.0,tp,sl,0.23333333333333334
71715211,market,buy,2026.02.12 18:11:47,2026.02.12 18:12:01,2026-02-12 18:11:47,5015.0,5035.0,5010.0,5035.0,0.01,-3.18,19.82,23.0,tp,sl,0.23333333333333334
71912940,market,buy,2026.02.12 16:57:04,2026.02.12 17:17:54,2026-02-12 16:57:04,5041.08,5061.08,5036.08,5061.08,0.01,26.79,19.82,-6.969999999999999,tp,tp,20.833333333333332
71912849,market,buy,2026.02.12 16:57:04,2026.02.12 17:07:40,2026-02-12 16:57:04,5041.08,5061.08,5036.08,5061.08,0.01,16.79,19.82,3.030000000000001,tp,tp,10.6
71912975,market,buy,2026.02.12 16:57:04,2026.02.12 18:10:54,2026-02-12 16:57:04,5041.08,5061.08,5036.08,5061.08,0.01,-3.48,19.82,23.3,tp,sl,73.83333333333333
71760770,market,buy,2026.02.11 14:41:20,2026.02.11 14:41:20,2026-02-11 14:41:20,5058.0,5078.0,5053.0,5078.0,0.01,-4.02,19.82,23.84,tp,sl,0.0
71760685,market,buy,2026.02.11 14:41:20,2026.02.11 14:41:20,2026-02-11 14:41:20,5058.0,5078.0,5053.0,5078.0,0.01,-4.02,19.82,23.84,tp,sl,0.0
71760796,market,buy,2026.02.11 14:41:20,2026.02.11 14:41:20,2026-02-11 14:41:20,5058.0,5078.0,5053.0,5078.0,0.01,-4.02,19.82,23.84,tp,sl,0.0
71660156,market,buy,2026.02.10 17:37:22,2026.02.10 17:37:49,2026-02-10 17:37:22,5015.0,5035.0,5010.0,5035.0,0.01,-3.18,19.82,23.0,tp,sl,0.45
71660138,market,buy,2026.02.10 17:37:22,2026.02.10 17:37:49,2026-02-10 17:37:22,5015.0,5035.0,5010.0,5035.0,0.01,-3.18,19.82,23.0,tp,sl,0.45
71660173,market,buy,2026.02.10 17:37:22,2026.02.10 17:37:49,2026-02-10 17:37:22,5015.0,5035.0,5010.0,5035.0,0.01,-3.18,19.82,23.0,tp,sl,0.45
71590685,market,buy,2026.02.10 04:35:58,2026.02.10 04:50:02,2026-02-10 04:35:58,5042.7,5037.7,5037.7,5062.7,0.01,-2.12,-5.18,-3.0599999999999996,sl,sl,14.066666666666666
71590558,market,buy,2026.02.10 04:35:39,2026.02.10 04:50:02,2026-02-10 04:35:39,5044.0,5039.0,5039.0,5064.0,0.01,-3.4200000000000004,-5.18,-1.7599999999999993,sl,sl,14.383333333333333
71569432,market,buy,2026.02.10 01:23:21,2026.02.10 01:23:21,2026-02-10 01:23:21,5007.92,5005.56,5002.92,5027.92,0.01,-2.54,-2.5399999999996727,3.2729374765949615e-13,time,sl,0.0
71569349,market,buy,2026.02.10 01:23:21,2026.02.10 01:23:21,2026-02-10 01:23:21,5007.92,5005.56,5002.92,5027.92,0.01,-2.54,-2.5399999999996727,3.2729374765949615e-13,time,sl,0.0
71569442,market,buy,2026.02.10 01:23:21,2026.02.10 01:23:21,2026-02-10 01:23:21,5007.92,5005.56,5002.92,5027.92,0.01,-2.54,-2.5399999999996727,3.2729374765949615e-13,time,sl,0.0
71569292,market,buy,2026.02.10 01:16:05,2026.02.10 01:17:31,2026-02-10 01:16:05,5018.88,5021.89,5013.88,5038.88,0.01,2.8299999999999996,2.830000000000218,2.184918912462308e-13,time,other,1.4333333333333333
71569271,market,buy,2026.02.10 01:15:57,2026.02.10 01:17:33,2026-02-10 01:15:57,5018.5,5021.92,5013.5,5038.5,0.01,3.2399999999999998,3.2400000000000726,7.283063041541027e-14,time,other,1.6
71442712,market,sell,2026.02.09 17:33:14,2026.02.09 17:34:54,2026-02-09 17:33:14,5051.09,5031.09,5056.09,5031.09,0.01,-3.72,19.82,23.54,tp,sl,1.6666666666666667
71442666,market,sell,2026.02.09 17:33:14,2026.02.09 17:34:54,2026-02-09 17:33:14,5051.09,5031.09,5056.09,5031.09,0.01,-3.72,19.82,23.54,tp,sl,1.6666666666666667
71442697,market,sell,2026.02.09 17:33:14,2026.02.09 17:34:54,2026-02-09 17:33:14,5051.09,5031.09,5056.09,5031.09,0.01,-3.72,19.82,23.54,tp,sl,1.6666666666666667
71531657,market,sell,2026.02.09 16:32:49,2026.02.09 16:34:42,2026-02-09 16:32:49,5032.0,5012.0,5037.0,5012.0,0.01,-3.19,19.82,23.01,tp,sl,1.8833333333333333
71531450,market,sell,2026.02.09 16:32:49,2026.02.09 16:34:42,2026-02-09 16:32:49,5032.0,5012.0,5037.0,5012.0,0.01,-3.19,19.82,23.01,tp,sl,1.8833333333333333
71531409,market,sell,2026.02.09 16:32:49,2026.02.09 16:34:42,2026-02-09 16:32:49,5032.0,5012.0,5037.0,5012.0,0.01,-3.19,19.82,23.01,tp,sl,1.8833333333333333
71518714,market,buy,2026.02.09 15:42:11,2026.02.09 16:32:49,2026-02-09 15:42:11,4997.5,5017.5,4992.5,5017.5,0.01,34.42,19.82,-14.600000000000001,tp,tp,50.63333333333333
71518748,market,buy,2026.02.09 15:42:11,2026.02.10 01:12:16,2026-02-09 15:42:11,4997.5,5017.5,4992.5,5017.5,0.01,-4.59,19.34,23.93,tp,sl,570.0833333333334
71518615,market,buy,2026.02.09 15:42:11,2026.02.09 16:08:18,2026-02-09 15:42:11,4997.5,5017.5,4992.5,5017.5,0.01,17.36,19.82,2.460000000000001,tp,tp,26.116666666666667
71470696,market,buy,2026.02.09 12:27:43,2026.02.09 12:30:22,2026-02-09 12:27:43,4988.0,5008.0,4983.0,5008.0,0.01,-3.5100000000000002,19.82,23.330000000000002,tp,sl,2.65
71470712,market,buy,2026.02.09 12:27:43,2026.02.09 12:30:22,2026-02-09 12:27:43,4988.0,5008.0,4983.0,5008.0,0.01,-3.5100000000000002,19.82,23.330000000000002,tp,sl,2.65
71470674,market,buy,2026.02.09 12:27:43,2026.02.09 12:30:22,2026-02-09 12:27:43,4988.0,5008.0,4983.0,5008.0,0.01,-3.5100000000000002,19.82,23.330000000000002,tp,sl,2.65
71457977,market,sell,2026.02.09 05:25:03,2026.02.09 05:30:42,2026-02-09 05:25:03,5024.0,5004.0,5029.0,5004.0,0.01,-3.2,19.82,23.02,tp,sl,5.65
71457960,market,sell,2026.02.09 05:25:03,2026.02.09 05:30:42,2026-02-09 05:25:03,5024.0,5004.0,5029.0,5004.0,0.01,-3.2,19.82,23.02,tp,sl,5.65
71457941,market,sell,2026.02.09 05:25:03,2026.02.09 05:30:42,2026-02-09 05:25:03,5024.0,5004.0,5029.0,5004.0,0.01,-3.2,19.82,23.02,tp,sl,5.65
71437788,market,sell,2026.02.09 01:29:58,2026.02.09 01:30:10,2026-02-09 01:29:58,5024.76,5024.33,5029.76,5004.76,0.01,0.25,0.25000000000029104,2.910449659054848e-13,time,other,0.2
