ticket,type,open_time,close_time,limit_price,market_at_cancel,hold_hours,min_gap_pts,cancel_gap_pts,near_miss_2pt,near_miss_5pt,gap_bucket,m5_touched_orig,fill_off0,net_off0,exit_off0,fill_off1,net_off1,exit_off1,fill_off2,net_off2,exit_off2,fill_off3,net_off3,exit_off3,fill_off5,net_off5,exit_off5,fill_off10,net_off10,exit_off10
81078164,sell limit,2026.05.22 07:21:42,2026.05.22 10:19:17,4555.0,4525.55,2.96,20.73,29.45,False,False,>20,False,False,,,False,,,False,,,False,,,False,,,False,,
81078140,sell limit,2026.05.22 07:21:21,2026.05.22 10:19:17,4554.0,4525.54,2.97,19.73,28.46,False,False,10-20,False,False,,,False,,,False,,,False,,,False,,,False,,
81078106,sell limit,2026.05.22 07:20:31,2026.05.22 10:19:18,4553.0,4525.55,2.98,18.73,27.45,False,False,10-20,False,False,,,False,,,False,,,False,,,False,,,False,,
81056154,buy limit,2026.05.22 01:12:28,2026.05.22 07:03:00,4514.0,4529.1,5.84,4.27,15.1,False,True,2-5,False,False,,,False,,,False,,,False,,,True,-5.18,sl,True,-5.18,sl
81056145,buy limit,2026.05.22 01:12:05,2026.05.22 07:02:56,4515.0,4529.27,5.85,3.27,14.27,False,True,2-5,False,False,,,False,,,False,,,False,,,True,-5.18,sl,True,-5.18,sl
81056140,buy limit,2026.05.22 01:11:46,2026.05.22 07:02:53,4516.0,4529.49,5.85,2.27,13.49,False,True,2-5,False,False,,,False,,,False,,,True,-5.18,sl,True,-5.18,sl,True,-5.18,sl
80992262,buy limit,2026.05.21 13:03:39,2026.05.21 16:07:42,4494.0,4509.19,3.07,5.29,15.19,False,False,5-10,False,False,,,False,,,False,,,False,,,False,,,True,-5.18,sl
80992238,buy limit,2026.05.21 13:03:19,2026.05.21 16:07:47,4495.0,4509.1,3.07,4.29,14.1,False,True,2-5,False,False,,,False,,,False,,,False,,,True,-5.18,sl,True,-5.18,sl
80992200,buy limit,2026.05.21 13:02:38,2026.05.21 16:07:50,4496.0,4509.26,3.09,3.29,13.26,False,True,2-5,False,False,,,False,,,False,,,False,,,True,-5.18,sl,True,-5.18,sl
80974256,sell limit,2026.05.21 10:25:29,2026.05.21 19:03:46,4543.0,4515.79,8.64,-0.03,27.21,False,False,touched,True,True,19.82,tp,True,19.82,tp,True,19.82,tp,True,19.82,tp,True,-5.18,sl,True,-5.18,sl
80974202,sell limit,2026.05.21 10:25:14,2026.05.21 19:03:44,4542.0,4515.94,8.64,-1.03,26.06,False,False,touched,True,True,19.82,tp,True,19.82,tp,True,19.82,tp,True,19.82,tp,True,-5.18,sl,True,-5.18,sl
80974029,sell limit,2026.05.21 10:24:55,2026.05.21 19:03:43,4541.0,4515.75,8.65,-2.03,25.25,False,False,touched,True,True,19.82,tp,True,19.82,tp,True,19.82,tp,True,-5.18,sl,True,-5.18,sl,True,-5.18,sl
80900806,buy limit,2026.05.20 18:34:39,2026.05.21 01:09:58,4451.5,4540.75,6.59,72.43,89.25,False,False,>20,False,False,,,False,,,False,,,False,,,False,,,False,,
80900754,buy limit,2026.05.20 18:34:10,2026.05.21 01:10:01,4450.5,4540.42,6.6,73.43,89.92,False,False,>20,False,False,,,False,,,False,,,False,,,False,,,False,,
80900676,buy limit,2026.05.20 18:33:17,2026.05.21 01:10:04,4449.5,4539.28,6.61,74.43,89.78,False,False,>20,False,False,,,False,,,False,,,False,,,False,,,False,,
80899815,sell limit,2026.05.20 18:27:08,2026.05.21 01:09:48,4553.0,4540.91,6.71,2.52,12.09,False,True,2-5,False,False,,,False,,,False,,,True,-5.18,sl,True,-5.18,sl,True,-5.18,sl
80899722,sell limit,2026.05.20 18:26:38,2026.05.21 01:09:51,4554.0,4541.07,6.72,3.52,12.93,False,True,2-5,False,False,,,False,,,False,,,False,,,True,-5.18,sl,True,-5.18,sl
80899445,sell limit,2026.05.20 18:25:17,2026.05.21 01:09:54,4555.0,4540.85,6.74,4.52,14.15,False,True,2-5,False,False,,,False,,,False,,,False,,,True,-5.18,sl,True,-5.18,sl
80873280,buy limit,2026.05.20 16:08:25,2026.05.20 17:16:05,4465.0,4486.04,1.13,2.16,21.04,False,True,2-5,False,False,,,False,,,False,,,True,19.82,tp,True,19.82,tp,True,-5.18,sl
80873249,buy limit,2026.05.20 16:08:09,2026.05.20 17:16:03,4466.0,4485.78,1.13,1.16,19.78,True,True,1-2,False,False,,,False,,,True,19.82,tp,True,19.82,tp,True,19.82,tp,True,-5.18,sl
80873171,buy limit,2026.05.20 16:07:31,2026.05.20 17:16:01,4467.0,4484.66,1.14,0.16,17.66,True,True,0-1,False,False,,,True,19.82,tp,True,19.82,tp,True,19.82,tp,True,19.82,tp,True,-5.18,sl
80749349,sell limit,2026.05.19 16:42:26,2026.05.19 17:17:55,4517.5,4498.63,0.59,3.26,18.87,False,True,2-5,False,False,,,False,,,False,,,False,,,True,19.82,tp,True,-5.18,sl
80749246,sell limit,2026.05.19 16:42:05,2026.05.19 17:17:51,4516.5,4498.76,0.6,2.26,17.74,False,True,2-5,False,False,,,False,,,False,,,True,19.82,tp,True,19.82,tp,True,-5.18,sl
80749150,sell limit,2026.05.19 16:41:46,2026.05.19 17:17:48,4515.5,4498.83,0.6,1.26,16.67,True,True,1-2,False,False,,,False,,,True,19.82,tp,True,19.82,tp,True,19.82,tp,True,-5.18,sl
80735996,sell limit,2026.05.19 15:59:45,2026.05.19 16:37:22,4572.0,4485.23,0.63,30.39,86.77,False,False,>20,False,False,,,False,,,False,,,False,,,False,,,False,,
80735997,sell limit,2026.05.19 15:59:45,2026.05.19 16:37:22,4573.0,4485.23,0.63,31.39,87.77,False,False,>20,False,False,,,False,,,False,,,False,,,False,,,False,,
80735853,sell limit,2026.05.19 15:57:42,2026.05.19 16:37:22,4571.0,4485.23,0.66,29.39,85.77,False,False,>20,False,False,,,False,,,False,,,False,,,False,,,False,,
80721005,sell limit,2026.05.19 13:37:55,2026.05.19 16:37:22,4597.0,4485.23,2.99,49.08,111.77,False,False,>20,False,False,,,False,,,False,,,False,,,False,,,False,,
80720970,sell limit,2026.05.19 13:37:39,2026.05.19 16:39:55,4596.0,4483.14,3.04,48.08,112.86,False,False,>20,False,False,,,False,,,False,,,False,,,False,,,False,,
80720962,sell limit,2026.05.19 13:37:13,2026.05.19 16:40:00,4595.0,4483.54,3.05,47.08,111.46,False,False,>20,False,False,,,False,,,False,,,False,,,False,,,False,,
80720375,sell limit,2026.05.19 13:22:54,2026.05.19 16:01:31,4587.0,4534.55,2.64,39.08,52.45,False,False,>20,False,False,,,False,,,False,,,False,,,False,,,False,,
80720359,sell limit,2026.05.19 13:22:37,2026.05.19 16:01:19,4586.0,4532.87,2.65,38.08,53.13,False,False,>20,False,False,,,False,,,False,,,False,,,False,,,False,,
80720351,sell limit,2026.05.19 13:22:17,2026.05.19 16:01:16,4585.0,4532.63,2.65,37.08,52.37,False,False,>20,False,False,,,False,,,False,,,False,,,False,,,False,,
80667126,sell limit,2026.05.19 05:10:04,2026.05.19 07:12:03,4581.0,4543.25,2.03,18.96,37.75,False,False,10-20,False,False,,,False,,,False,,,False,,,False,,,False,,
80667079,sell limit,2026.05.19 05:09:41,2026.05.19 07:12:05,4580.0,4543.32,2.04,17.96,36.68,False,False,10-20,False,False,,,False,,,False,,,False,,,False,,,False,,
80667003,sell limit,2026.05.19 05:09:20,2026.05.19 07:12:07,4579.0,4543.22,2.05,16.96,35.78,False,False,10-20,False,False,,,False,,,False,,,False,,,False,,,False,,
80615999,buy limit,2026.05.18 16:18:51,2026.05.19 16:12:27,4515.0,4520.87,23.89,-0.29,5.87,False,False,touched,True,True,-5.18,sl,True,-5.18,sl,True,-5.18,sl,True,-5.18,sl,True,-5.18,sl,True,-5.18,sl
80615982,buy limit,2026.05.18 16:18:34,2026.05.19 16:12:03,4514.0,4521.23,23.89,0.71,7.23,True,True,0-1,False,False,,,True,-5.18,sl,True,-5.18,sl,True,-5.18,sl,True,-5.18,sl,True,-5.18,sl
80615968,buy limit,2026.05.18 16:18:20,2026.05.19 16:11:54,4513.0,4522.13,23.89,1.71,9.13,True,True,1-2,False,False,,,False,,,True,-5.18,sl,True,-5.18,sl,True,-5.18,sl,True,-5.18,sl
80614621,sell limit,2026.05.18 16:04:45,2026.05.19 13:21:39,4597.0,4539.92,21.28,7.61,57.08,False,False,5-10,False,False,,,False,,,False,,,False,,,False,,,True,19.82,tp
80614445,sell limit,2026.05.18 16:03:34,2026.05.19 13:21:34,4596.0,4539.71,21.3,6.61,56.29,False,False,5-10,False,False,,,False,,,False,,,False,,,False,,,True,19.82,tp
80614256,sell limit,2026.05.18 16:02:35,2026.05.19 13:21:32,4595.0,4539.63,21.32,5.61,55.37,False,False,5-10,False,False,,,False,,,False,,,False,,,False,,,True,19.82,tp
80577101,buy limit,2026.05.18 10:09:17,2026.05.18 16:29:23,4501.0,4573.51,6.33,28.78,72.51,False,False,>20,False,False,,,False,,,False,,,False,,,False,,,False,,
80576994,buy limit,2026.05.18 10:08:45,2026.05.18 16:29:18,4502.0,4573.61,6.34,27.78,71.61,False,False,>20,False,False,,,False,,,False,,,False,,,False,,,False,,
80576971,buy limit,2026.05.18 10:08:18,2026.05.18 16:29:16,4503.0,4573.58,6.35,26.78,70.58,False,False,>20,False,False,,,False,,,False,,,False,,,False,,,False,,
80576933,sell limit,2026.05.18 10:07:40,2026.05.18 16:27:59,4583.0,4575.34,6.34,2.96,7.66,False,True,2-5,False,False,,,False,,,False,,,False,,,False,,,True,-5.18,sl
80576918,sell limit,2026.05.18 10:07:25,2026.05.18 16:27:56,4582.0,4575.06,6.34,1.96,6.94,True,True,1-2,False,False,,,False,,,False,,,False,,,False,,,True,-5.18,sl
80576897,sell limit,2026.05.18 10:07:02,2026.05.18 16:27:53,4581.0,4574.48,6.35,0.96,6.52,True,True,0-1,False,False,,,False,,,False,,,False,,,True,-5.18,sl,True,-5.18,sl
80513250,sell limit,2026.05.18 01:21:31,2026.05.19 13:35:33,4621.0,4541.32,36.23,31.61,79.68,False,False,>20,False,False,,,False,,,False,,,False,,,False,,,False,,
80513192,sell limit,2026.05.18 01:21:00,2026.05.19 13:35:32,4620.0,4541.37,36.24,30.61,78.63,False,False,>20,False,False,,,False,,,False,,,False,,,False,,,False,,
80513134,sell limit,2026.05.18 01:20:25,2026.05.19 13:35:31,4619.0,4540.6,36.25,29.61,78.4,False,False,>20,False,False,,,False,,,False,,,False,,,False,,,False,,
80468142,sell limit,2026.05.15 16:03:32,2026.05.18 01:06:07,4575.0,4552.99,57.04,8.42,22.01,False,False,5-10,False,False,,,False,,,False,,,False,,,False,,,True,19.82,tp
80468096,sell limit,2026.05.15 16:03:09,2026.05.18 01:06:10,4574.0,4552.11,57.05,7.42,21.89,False,False,5-10,False,False,,,False,,,False,,,False,,,False,,,True,19.82,tp
80468032,sell limit,2026.05.15 16:02:53,2026.05.18 01:06:14,4573.0,4551.83,57.06,6.42,21.17,False,False,5-10,False,False,,,False,,,False,,,False,,,False,,,True,19.82,tp
80448448,sell limit,2026.05.15 12:58:35,2026.05.15 15:49:19,4574.0,4549.17,2.85,1.44,24.83,True,True,1-2,False,False,,,False,,,True,19.82,tp,True,19.82,tp,True,19.82,tp,True,-5.18,sl
80448423,sell limit,2026.05.15 12:58:17,2026.05.15 15:49:15,4573.0,4549.24,2.85,0.44,23.76,True,True,0-1,False,False,,,True,19.82,tp,True,19.82,tp,True,19.82,tp,True,19.82,tp,True,-5.18,sl
80364068,sell limit,2026.05.15 01:20:17,2026.05.18 01:06:17,4682.0,4551.81,71.77,16.65,130.19,False,False,10-20,False,False,,,False,,,False,,,False,,,False,,,False,,
80364021,sell limit,2026.05.15 01:19:58,2026.05.18 01:06:21,4681.0,4551.9,71.77,15.65,129.1,False,False,10-20,False,False,,,False,,,False,,,False,,,False,,,False,,
80364006,sell limit,2026.05.15 01:19:28,2026.05.18 01:06:03,4680.0,4553.06,71.78,14.65,126.94,False,False,10-20,False,False,,,False,,,False,,,False,,,False,,,False,,
80323679,sell limit,2026.05.14 15:53:00,2026.05.15 18:51:18,4730.3,4542.76,26.97,22.5,187.54,False,False,>20,False,False,,,False,,,False,,,False,,,False,,,False,,
80323642,sell limit,2026.05.14 15:52:43,2026.05.15 18:51:14,4729.3,4542.71,26.98,21.5,186.59,False,False,>20,False,False,,,False,,,False,,,False,,,False,,,False,,
80323605,sell limit,2026.05.14 15:52:12,2026.05.15 18:51:10,4728.3,4542.16,26.98,20.5,186.14,False,False,>20,False,False,,,False,,,False,,,False,,,False,,,False,,
80233903,buy limit,2026.05.13 19:13:34,2026.05.14 01:08:34,4662.0,4692.86,5.92,15.41,30.86,False,False,10-20,False,False,,,False,,,False,,,False,,,False,,,False,,
80233891,buy limit,2026.05.13 19:13:16,2026.05.14 01:08:30,4663.0,4692.84,5.92,14.41,29.84,False,False,10-20,False,False,,,False,,,False,,,False,,,False,,,False,,
80233869,buy limit,2026.05.13 19:12:53,2026.05.14 01:08:26,4664.0,4693.03,5.93,13.41,29.03,False,False,10-20,False,False,,,False,,,False,,,False,,,False,,,False,,
80211910,sell limit,2026.05.13 16:09:44,2026.05.14 01:05:41,4710.5,4692.75,8.93,0.59,17.75,True,True,0-1,False,False,,,True,19.82,tp,True,19.82,tp,True,19.82,tp,True,19.82,tp,True,-5.18,sl
80194917,buy limit,2026.05.13 13:10:04,2026.05.13 16:39:48,4661.3,4674.3,3.5,11.61,13.0,False,False,10-20,False,False,,,False,,,False,,,False,,,False,,,False,,
80194819,buy limit,2026.05.13 13:09:49,2026.05.13 16:39:45,4662.3,4674.55,3.5,10.61,12.25,False,False,10-20,False,False,,,False,,,False,,,False,,,False,,,False,,
80194493,buy limit,2026.05.13 13:08:27,2026.05.13 16:39:41,4663.3,4675.11,3.52,9.61,11.81,False,False,5-10,False,False,,,False,,,False,,,False,,,False,,,True,19.82,tp
80194206,sell limit,2026.05.13 13:05:41,2026.05.13 16:40:01,4717.0,4673.79,3.57,6.41,43.21,False,False,5-10,False,False,,,False,,,False,,,False,,,False,,,True,19.82,tp
80194191,sell limit,2026.05.13 13:05:24,2026.05.13 16:39:57,4716.0,4674.45,3.58,5.41,41.55,False,False,5-10,False,False,,,False,,,False,,,False,,,False,,,True,19.82,tp
80194165,sell limit,2026.05.13 13:04:57,2026.05.13 16:39:53,4715.0,4673.5,3.58,4.41,41.5,False,True,2-5,False,False,,,False,,,False,,,False,,,True,19.82,tp,True,-5.18,sl
80178334,sell limit,2026.05.13 10:03:44,2026.05.13 10:04:13,4714.0,4701.05,0.01,8.78,12.95,False,False,5-10,False,False,,,False,,,False,,,False,,,False,,,False,,
80178269,sell limit,2026.05.13 10:03:15,2026.05.13 10:04:08,4713.0,4701.86,0.01,7.78,11.14,False,False,5-10,False,False,,,False,,,False,,,False,,,False,,,False,,
80166150,sell limit,2026.05.13 07:59:03,2026.05.13 09:18:12,4735.5,4714.5,1.32,20.29,21.0,False,False,>20,False,False,,,False,,,False,,,False,,,False,,,False,,
80166133,sell limit,2026.05.13 07:58:40,2026.05.13 09:18:08,4734.5,4714.32,1.32,19.29,20.18,False,False,10-20,False,False,,,False,,,False,,,False,,,False,,,False,,
80166061,sell limit,2026.05.13 07:57:53,2026.05.13 09:18:03,4733.5,4713.99,1.34,18.29,19.51,False,False,10-20,False,False,,,False,,,False,,,False,,,False,,,False,,
80165949,sell limit,2026.05.13 07:55:12,2026.05.13 09:16:13,4715.5,4712.24,1.35,0.29,3.26,True,True,0-1,False,False,,,True,19.82,tp,True,19.82,tp,True,19.82,tp,True,19.82,tp,True,-5.18,sl
80165927,sell limit,2026.05.13 07:54:59,2026.05.13 09:16:09,4714.5,4712.56,1.35,-0.71,1.94,False,False,touched,True,True,19.82,tp,True,19.82,tp,True,19.82,tp,True,19.82,tp,True,-5.18,sl,True,-5.18,sl
80073464,buy limit,2026.05.12 12:58:09,2026.05.12 17:10:23,4674.0,4690.07,4.2,1.8,16.07,True,True,1-2,False,False,,,False,,,True,-5.18,sl,True,-5.18,sl,True,-5.18,sl,True,-5.18,sl
80073456,buy limit,2026.05.12 12:57:47,2026.05.12 17:10:19,4675.0,4690.46,4.21,0.8,15.46,True,True,0-1,False,False,,,True,-5.18,sl,True,-5.18,sl,True,-5.18,sl,True,19.82,tp,True,-5.18,sl
80073414,buy limit,2026.05.12 12:57:07,2026.05.12 17:10:14,4676.0,4690.89,4.22,-0.2,14.89,False,False,touched,True,True,-5.18,sl,True,-5.18,sl,True,-5.18,sl,True,-5.18,sl,True,19.82,tp,True,19.82,tp
80060002,sell limit,2026.05.12 10:14:11,2026.05.12 16:04:35,4734.0,4696.97,5.84,22.31,37.03,False,False,>20,False,False,,,False,,,False,,,False,,,False,,,False,,
80059980,sell limit,2026.05.12 10:13:57,2026.05.12 16:04:32,4733.0,4697.38,5.84,21.31,35.62,False,False,>20,False,False,,,False,,,False,,,False,,,False,,,False,,
80059812,sell limit,2026.05.12 10:12:14,2026.05.12 16:04:29,4732.0,4696.99,5.87,20.31,35.01,False,False,>20,False,False,,,False,,,False,,,False,,,False,,,False,,
80059211,buy limit,2026.05.12 10:09:05,2026.05.12 12:37:07,4687.0,4699.08,2.47,-0.12,12.08,False,False,touched,True,False,,,False,,,False,,,False,,,False,,,True,-5.18,sl
80059132,buy limit,2026.05.12 10:08:45,2026.05.12 12:37:04,4688.0,4698.92,2.47,-1.12,10.92,False,False,touched,True,False,,,False,,,False,,,False,,,True,-5.18,sl,True,-5.18,sl
80059093,buy limit,2026.05.12 10:08:27,2026.05.12 12:37:01,4689.0,4698.9,2.48,-2.12,9.9,False,False,touched,True,False,,,False,,,False,,,False,,,True,-5.18,sl,True,-5.18,sl
79876322,buy limit,2026.05.11 01:14:46,2026.05.13 01:11:43,4612.0,4715.17,47.95,26.0,103.17,False,False,>20,False,False,,,False,,,False,,,False,,,False,,,False,,
79876277,buy limit,2026.05.11 01:14:25,2026.05.13 01:11:39,4613.0,4715.28,47.95,25.0,102.28,False,False,>20,False,False,,,False,,,False,,,False,,,False,,,False,,
79876226,buy limit,2026.05.11 01:14:00,2026.05.13 01:11:35,4614.0,4714.94,47.96,24.0,100.94,False,False,>20,False,False,,,False,,,False,,,False,,,False,,,False,,
79818360,buy limit,2026.05.08 14:24:24,2026.05.11 19:31:16,4645.0,4725.68,77.11,3.05,80.68,False,True,2-5,False,False,,,False,,,False,,,False,,,True,19.82,tp,True,-5.18,sl
79818353,buy limit,2026.05.08 14:24:06,2026.05.11 19:31:12,4646.0,4725.82,77.12,2.05,79.82,False,True,2-5,False,False,,,False,,,False,,,True,19.82,tp,True,19.82,tp,True,-5.18,sl
79818333,buy limit,2026.05.08 14:23:28,2026.05.11 19:31:08,4647.0,4725.35,77.13,1.05,78.35,True,True,1-2,False,False,,,False,,,True,19.82,tp,True,19.82,tp,True,19.82,tp,True,-5.18,sl
79811095,buy limit,2026.05.08 12:52:31,2026.05.08 13:36:33,4704.0,4724.7,0.73,3.35,20.7,False,True,2-5,False,False,,,False,,,False,,,False,,,True,-5.18,sl,True,-5.18,sl
79811080,buy limit,2026.05.08 12:52:23,2026.05.08 13:37:06,4705.0,4725.22,0.75,2.35,20.22,False,True,2-5,False,False,,,False,,,False,,,True,19.82,tp,True,-5.18,sl,True,-5.18,sl
79811037,buy limit,2026.05.08 12:52:11,2026.05.08 13:36:51,4706.0,4724.24,0.74,1.35,18.24,True,True,1-2,False,False,,,False,,,True,19.82,tp,True,-5.18,sl,True,-5.18,sl,True,-5.18,sl
79788132,buy limit,2026.05.08 09:04:01,2026.05.08 09:11:03,4714.0,4726.44,0.12,-1.27,12.44,False,False,touched,True,False,,,False,,,False,,,False,,,False,,,True,-5.18,sl
79788025,buy limit,2026.05.08 09:03:36,2026.05.08 09:10:57,4714.0,4726.39,0.12,-1.27,12.39,False,False,touched,True,False,,,False,,,False,,,False,,,False,,,True,-5.18,sl
79775448,buy limit,2026.05.08 06:04:24,2026.05.08 13:36:45,4688.0,4724.25,7.54,8.99,36.25,False,False,5-10,False,False,,,False,,,False,,,False,,,False,,,True,19.82,tp
79775424,buy limit,2026.05.08 06:04:07,2026.05.08 13:36:36,4688.0,4724.74,7.54,8.99,36.74,False,False,5-10,False,False,,,False,,,False,,,False,,,False,,,True,19.82,tp
79765188,buy limit,2026.05.08 04:05:57,2026.05.08 13:36:43,4659.5,4724.46,9.51,37.49,64.96,False,False,>20,False,False,,,False,,,False,,,False,,,False,,,False,,
79765143,buy limit,2026.05.08 04:05:44,2026.05.08 13:36:39,4664.5,4724.66,9.52,32.49,60.16,False,False,>20,False,False,,,False,,,False,,,False,,,False,,,False,,
79765103,buy limit,2026.05.08 04:05:24,2026.05.08 13:36:48,4669.5,4724.26,9.52,27.49,54.76,False,False,>20,False,False,,,False,,,False,,,False,,,False,,,False,,
79583913,buy limit,2026.05.06 13:35:41,2026.05.07 01:17:11,4650.5,4697.53,11.69,9.54,47.03,False,False,5-10,False,False,,,False,,,False,,,False,,,False,,,True,19.82,tp
79583899,buy limit,2026.05.06 13:35:24,2026.05.08 13:36:56,4615.0,4725.13,48.03,45.04,110.13,False,False,>20,False,False,,,False,,,False,,,False,,,False,,,False,,
79583877,buy limit,2026.05.06 13:35:04,2026.05.07 01:13:25,4654.5,4696.13,11.64,5.54,41.63,False,False,5-10,False,False,,,False,,,False,,,False,,,False,,,True,19.82,tp
79557466,buy limit,2026.05.06 10:01:42,2026.05.08 13:36:59,4620.0,4725.07,51.59,37.55,105.07,False,False,>20,False,False,,,False,,,False,,,False,,,False,,,False,,
79557406,buy limit,2026.05.06 10:01:27,2026.05.08 13:37:03,4625.0,4725.17,51.59,32.55,100.17,False,False,>20,False,False,,,False,,,False,,,False,,,False,,,False,,
79557384,buy limit,2026.05.06 10:01:13,2026.05.07 01:13:21,4614.5,4696.1,15.2,43.05,81.6,False,False,>20,False,False,,,False,,,False,,,False,,,False,,,False,,
79557214,buy limit,2026.05.06 10:00:12,2026.05.08 13:37:13,4647.0,4725.7,51.62,10.55,78.7,False,False,10-20,False,False,,,False,,,False,,,False,,,False,,,False,,
79557091,buy limit,2026.05.06 09:59:49,2026.05.08 13:37:17,4652.0,4725.68,51.62,5.55,73.68,False,False,5-10,False,False,,,False,,,False,,,False,,,False,,,True,19.82,tp
79556977,buy limit,2026.05.06 09:59:34,2026.05.08 13:37:22,4657.0,4726.14,51.63,0.55,69.14,True,True,0-1,False,False,,,True,19.82,tp,True,19.82,tp,True,19.82,tp,True,19.82,tp,True,-5.18,sl
79542903,buy limit,2026.05.06 07:17:18,2026.05.06 09:58:04,4607.0,4665.73,2.68,37.47,58.73,False,False,>20,False,False,,,False,,,False,,,False,,,False,,,False,,
79542891,buy limit,2026.05.06 07:17:06,2026.05.06 09:58:05,4607.0,4665.9,2.68,37.47,58.9,False,False,>20,False,False,,,False,,,False,,,False,,,False,,,False,,
79542880,buy limit,2026.05.06 07:16:54,2026.05.06 09:58:07,4607.0,4665.87,2.69,37.47,58.87,False,False,>20,False,False,,,False,,,False,,,False,,,False,,,False,,
79542871,buy limit,2026.05.06 07:16:39,2026.05.06 09:58:09,4617.0,4665.95,2.69,27.47,48.95,False,False,>20,False,False,,,False,,,False,,,False,,,False,,,False,,
79542854,buy limit,2026.05.06 07:16:24,2026.05.06 09:58:10,4617.0,4665.95,2.7,27.47,48.95,False,False,>20,False,False,,,False,,,False,,,False,,,False,,,False,,
79542833,buy limit,2026.05.06 07:16:12,2026.05.06 09:58:11,4617.0,4665.67,2.7,27.47,48.67,False,False,>20,False,False,,,False,,,False,,,False,,,False,,,False,,
79542815,buy limit,2026.05.06 07:15:55,2026.05.06 09:58:01,4627.0,4665.93,2.7,17.47,38.93,False,False,10-20,False,False,,,False,,,False,,,False,,,False,,,False,,
79542781,buy limit,2026.05.06 07:15:39,2026.05.06 09:57:57,4627.0,4665.81,2.71,17.47,38.81,False,False,10-20,False,False,,,False,,,False,,,False,,,False,,,False,,
79542760,buy limit,2026.05.06 07:15:27,2026.05.06 09:57:54,4627.0,4665.72,2.71,17.47,38.72,False,False,10-20,False,False,,,False,,,False,,,False,,,False,,,False,,
79539629,buy limit,2026.05.06 06:27:52,2026.05.06 10:03:44,4602.0,4667.54,3.6,40.57,65.54,False,False,>20,False,False,,,False,,,False,,,False,,,False,,,False,,
79539607,buy limit,2026.05.06 06:27:33,2026.05.06 10:03:43,4607.0,4667.55,3.6,35.57,60.55,False,False,>20,False,False,,,False,,,False,,,False,,,False,,,False,,
79539551,buy limit,2026.05.06 06:26:56,2026.05.06 10:03:42,4612.0,4667.51,3.61,30.57,55.51,False,False,>20,False,False,,,False,,,False,,,False,,,False,,,False,,
79525900,buy limit,2026.05.06 04:00:33,2026.05.06 10:03:38,4576.0,4667.52,6.05,33.52,91.52,False,False,>20,False,False,,,False,,,False,,,False,,,False,,,False,,
79525784,buy limit,2026.05.06 04:00:10,2026.05.06 10:03:34,4581.0,4667.11,6.06,28.52,86.11,False,False,>20,False,False,,,False,,,False,,,False,,,False,,,False,,
79525599,buy limit,2026.05.06 03:59:42,2026.05.06 10:03:33,4586.0,4667.11,6.06,23.52,81.11,False,False,>20,False,False,,,False,,,False,,,False,,,False,,,False,,
79484836,buy limit,2026.05.05 16:34:38,2026.05.05 17:32:16,4566.0,4582.37,0.96,-0.29,16.37,False,False,touched,True,True,19.82,tp,True,-5.18,sl,True,-5.18,sl,True,-5.18,sl,True,-5.18,sl,True,-5.18,sl
79461298,buy limit,2026.05.05 12:32:02,2026.05.06 06:26:32,4506.0,4645.09,17.91,33.75,139.09,False,False,>20,False,False,,,False,,,False,,,False,,,False,,,False,,
79461269,buy limit,2026.05.05 12:31:39,2026.05.06 06:26:28,4511.0,4645.28,17.91,28.75,134.28,False,False,>20,False,False,,,False,,,False,,,False,,,False,,,False,,
79461253,buy limit,2026.05.05 12:31:23,2026.05.06 06:26:23,4516.0,4645.21,17.92,23.75,129.21,False,False,>20,False,False,,,False,,,False,,,False,,,False,,,False,,
79360706,buy limit,2026.05.04 14:03:39,2026.05.04 16:05:53,4536.0,4564.74,2.04,15.38,28.74,False,False,10-20,False,False,,,False,,,False,,,False,,,False,,,False,,
79360655,buy limit,2026.05.04 14:03:19,2026.05.04 16:05:51,4541.0,4564.17,2.04,10.38,23.17,False,False,10-20,False,False,,,False,,,False,,,False,,,False,,,False,,
79360093,buy limit,2026.05.04 14:00:39,2026.05.04 16:05:49,4546.0,4564.91,2.09,5.38,18.91,False,False,5-10,False,False,,,False,,,False,,,False,,,False,,,True,19.82,tp
79249337,buy limit,2026.05.01 16:29:57,2026.05.01 23:50:40,4561.0,4614.97,7.35,25.34,53.97,False,False,>20,False,False,,,False,,,False,,,False,,,False,,,False,,
79249288,buy limit,2026.05.01 16:29:28,2026.05.01 23:50:44,4561.0,4614.73,7.35,25.34,53.73,False,False,>20,False,False,,,False,,,False,,,False,,,False,,,False,,
79249189,buy limit,2026.05.01 16:28:50,2026.05.01 23:50:47,4571.0,4614.86,7.37,15.34,43.86,False,False,10-20,False,False,,,False,,,False,,,False,,,False,,,False,,
79249166,buy limit,2026.05.01 16:28:28,2026.05.01 23:50:52,4571.0,4614.84,7.37,15.34,43.84,False,False,10-20,False,False,,,False,,,False,,,False,,,False,,,False,,
79186734,buy limit,2026.05.01 01:17:16,2026.05.01 23:50:55,4556.0,4614.62,22.56,3.77,58.62,False,True,2-5,False,False,,,False,,,False,,,False,,,True,19.82,tp,True,-5.18,sl
79131537,buy limit,2026.04.30 13:00:01,2026.04.30 13:04:39,4576.2,4624.41,0.08,47.48,48.21,False,False,>20,False,False,,,False,,,False,,,False,,,False,,,False,,
79131493,buy limit,2026.04.30 12:59:36,2026.04.30 13:04:39,4578.2,4624.15,0.08,45.18,45.95,False,False,>20,False,False,,,False,,,False,,,False,,,False,,,False,,
79131468,buy limit,2026.04.30 12:59:04,2026.04.30 13:04:25,4580.2,4625.53,0.09,43.18,45.33,False,False,>20,False,False,,,False,,,False,,,False,,,False,,,False,,
79091798,buy limit,2026.04.30 06:43:06,2026.04.30 11:31:28,4513.0,4617.9,4.81,27.72,104.9,False,False,>20,False,False,,,False,,,False,,,False,,,False,,,False,,
79091765,buy limit,2026.04.30 06:42:54,2026.04.30 11:31:29,4515.0,4617.9,4.81,25.72,102.9,False,False,>20,False,False,,,False,,,False,,,False,,,False,,,False,,
79091716,buy limit,2026.04.30 06:42:01,2026.04.30 11:31:28,4517.0,4617.9,4.82,23.72,100.9,False,False,>20,False,False,,,False,,,False,,,False,,,False,,,False,,
78991292,buy limit,2026.04.29 12:09:21,2026.04.30 11:31:28,4368.5,4617.9,23.37,141.48,249.4,False,False,>20,False,False,,,False,,,False,,,False,,,False,,,False,,
78991270,buy limit,2026.04.29 12:09:07,2026.04.30 11:31:24,4370.5,4618.03,23.37,139.48,247.53,False,False,>20,False,False,,,False,,,False,,,False,,,False,,,False,,
78991230,buy limit,2026.04.29 12:08:33,2026.04.30 11:31:22,4372.5,4617.43,23.38,137.48,244.93,False,False,>20,False,False,,,False,,,False,,,False,,,False,,,False,,
78991208,buy limit,2026.04.29 12:08:09,2026.04.30 11:31:21,4378.5,4617.84,23.39,131.48,239.34,False,False,>20,False,False,,,False,,,False,,,False,,,False,,,False,,
78991194,buy limit,2026.04.29 12:07:53,2026.04.30 11:31:20,4380.5,4617.9,23.39,129.48,237.4,False,False,>20,False,False,,,False,,,False,,,False,,,False,,,False,,
78991163,buy limit,2026.04.29 12:07:29,2026.04.30 11:31:15,4382.5,4617.96,23.4,127.48,235.46,False,False,>20,False,False,,,False,,,False,,,False,,,False,,,False,,
78991056,buy limit,2026.04.29 12:06:34,2026.04.30 11:31:20,4388.5,4618.12,23.41,121.48,229.62,False,False,>20,False,False,,,False,,,False,,,False,,,False,,,False,,
78991027,buy limit,2026.04.29 12:06:18,2026.04.30 11:31:19,4390.5,4617.92,23.42,119.48,227.42,False,False,>20,False,False,,,False,,,False,,,False,,,False,,,False,,
78990980,buy limit,2026.04.29 12:05:39,2026.04.30 11:31:17,4392.5,4618.15,23.43,117.48,225.65,False,False,>20,False,False,,,False,,,False,,,False,,,False,,,False,,
78828637,sell limit,2026.04.28 10:31:41,2026.04.30 11:31:18,4660.0,4618.02,48.99,24.79,41.98,False,False,>20,False,False,,,False,,,False,,,False,,,False,,,False,,
78828614,sell limit,2026.04.28 10:31:29,2026.04.30 11:31:14,4658.0,4617.69,49.0,22.79,40.31,False,False,>20,False,False,,,False,,,False,,,False,,,False,,,False,,
78828600,sell limit,2026.04.28 10:31:17,2026.04.30 11:31:18,4656.0,4617.9,49.0,20.79,38.1,False,False,>20,False,False,,,False,,,False,,,False,,,False,,,False,,
78780499,sell limit,2026.04.28 01:08:10,2026.04.28 15:28:30,4711.0,4581.05,14.34,9.56,129.95,False,False,5-10,False,False,,,False,,,False,,,False,,,False,,,True,19.82,tp
78780480,sell limit,2026.04.28 01:07:57,2026.04.28 15:28:28,4713.0,4581.08,14.34,11.56,131.92,False,False,10-20,False,False,,,False,,,False,,,False,,,False,,,False,,
78780472,sell limit,2026.04.28 01:07:34,2026.04.28 15:28:24,4715.0,4580.67,14.35,13.56,134.33,False,False,10-20,False,False,,,False,,,False,,,False,,,False,,,False,,
78666382,sell limit,2026.04.27 01:17:36,2026.04.28 01:05:08,4731.4,4682.87,23.79,1.25,48.53,True,True,1-2,False,False,,,False,,,True,19.82,tp,True,19.82,tp,True,19.82,tp,True,-5.18,sl
78666345,sell limit,2026.04.27 01:16:18,2026.04.28 01:05:03,4733.4,4682.63,23.81,3.25,50.77,False,True,2-5,False,False,,,False,,,False,,,False,,,True,19.82,tp,True,-5.18,sl
78466503,buy limit,2026.04.23 12:37:44,2026.04.24 23:50:53,4603.0,4708.62,35.22,54.58,105.62,False,False,>20,False,False,,,False,,,False,,,False,,,False,,,False,,
78466481,buy limit,2026.04.23 12:37:35,2026.04.24 23:50:56,4605.0,4708.85,35.22,52.58,103.85,False,False,>20,False,False,,,False,,,False,,,False,,,False,,,False,,
78466458,buy limit,2026.04.23 12:37:22,2026.04.24 23:50:46,4607.0,4708.67,35.22,50.58,101.67,False,False,>20,False,False,,,False,,,False,,,False,,,False,,,False,,
78466433,buy limit,2026.04.23 12:37:09,2026.04.24 23:50:50,4613.0,4708.64,35.23,44.58,95.64,False,False,>20,False,False,,,False,,,False,,,False,,,False,,,False,,
78466325,buy limit,2026.04.23 12:35:49,2026.04.24 23:51:03,4615.0,4709.13,35.25,42.58,94.13,False,False,>20,False,False,,,False,,,False,,,False,,,False,,,False,,
78466319,buy limit,2026.04.23 12:35:39,2026.04.24 23:51:06,4617.0,4708.89,35.26,40.58,91.89,False,False,>20,False,False,,,False,,,False,,,False,,,False,,,False,,
78466307,buy limit,2026.04.23 12:35:25,2026.04.24 23:51:10,4623.0,4708.72,35.26,34.58,85.72,False,False,>20,False,False,,,False,,,False,,,False,,,False,,,False,,
78466299,buy limit,2026.04.23 12:35:15,2026.04.24 23:50:43,4625.0,4708.72,35.26,32.58,83.72,False,False,>20,False,False,,,False,,,False,,,False,,,False,,,False,,
78466272,buy limit,2026.04.23 12:34:52,2026.04.24 23:50:40,4627.0,4708.63,35.26,30.58,81.63,False,False,>20,False,False,,,False,,,False,,,False,,,False,,,False,,
78461845,sell limit,2026.04.23 11:57:38,2026.04.23 13:19:31,4740.8,4689.55,1.36,34.31,51.25,False,False,>20,False,False,,,False,,,False,,,False,,,False,,,False,,
78461780,sell limit,2026.04.23 11:56:50,2026.04.23 13:19:25,4738.8,4689.72,1.38,32.31,49.08,False,False,>20,False,False,,,False,,,False,,,False,,,False,,,False,,
78461768,sell limit,2026.04.23 11:56:34,2026.04.23 13:19:22,4736.8,4689.53,1.38,30.31,47.27,False,False,>20,False,False,,,False,,,False,,,False,,,False,,,False,,
78382729,sell limit,2026.04.22 19:08:28,2026.04.23 12:29:35,4754.0,4700.76,17.35,0.28,53.24,True,True,0-1,False,False,,,True,19.82,tp,True,19.82,tp,True,19.82,tp,True,19.82,tp,True,-5.18,sl
78382512,buy limit,2026.04.22 19:05:57,2026.04.23 01:15:58,4659.5,4737.22,6.17,64.18,77.72,False,False,>20,False,False,,,False,,,False,,,False,,,False,,,False,,
78382372,buy limit,2026.04.22 19:05:03,2026.04.23 01:15:54,4661.5,4737.15,6.18,62.18,75.65,False,False,>20,False,False,,,False,,,False,,,False,,,False,,,False,,
78382342,buy limit,2026.04.22 19:04:48,2026.04.23 01:15:47,4663.5,4737.18,6.18,60.18,73.68,False,False,>20,False,False,,,False,,,False,,,False,,,False,,,False,,
78381406,buy limit,2026.04.22 18:53:41,2026.04.23 01:15:42,4702.8,4737.15,6.37,20.88,34.35,False,False,>20,False,False,,,False,,,False,,,False,,,False,,,False,,
78381379,buy limit,2026.04.22 18:53:19,2026.04.23 01:15:37,4704.8,4737.24,6.37,18.88,32.44,False,False,10-20,False,False,,,False,,,False,,,False,,,False,,,False,,
78381365,buy limit,2026.04.22 18:53:03,2026.04.23 01:15:32,4706.8,4737.52,6.37,16.88,30.72,False,False,10-20,False,False,,,False,,,False,,,False,,,False,,,False,,
78309453,buy limit,2026.04.22 06:34:45,2026.04.22 19:03:50,4686.64,4729.08,12.48,38.21,42.44,False,False,>20,False,False,,,False,,,False,,,False,,,False,,,False,,
78309426,buy limit,2026.04.22 06:34:19,2026.04.22 19:03:48,4688.64,4728.82,12.49,36.21,40.18,False,False,>20,False,False,,,False,,,False,,,False,,,False,,,False,,
78309391,buy limit,2026.04.22 06:33:47,2026.04.22 19:03:47,4690.64,4728.95,12.5,34.21,38.31,False,False,>20,False,False,,,False,,,False,,,False,,,False,,,False,,
78309172,buy limit,2026.04.22 06:31:55,2026.04.22 18:54:31,4696.64,4727.47,12.38,28.21,30.83,False,False,>20,False,False,,,False,,,False,,,False,,,False,,,False,,
78309049,buy limit,2026.04.22 06:30:24,2026.04.22 18:54:28,4698.64,4727.6,12.4,26.21,28.96,False,False,>20,False,False,,,False,,,False,,,False,,,False,,,False,,
78308805,buy limit,2026.04.22 06:29:27,2026.04.22 18:54:28,4700.64,4727.6,12.42,24.21,26.96,False,False,>20,False,False,,,False,,,False,,,False,,,False,,,False,,
78308474,buy limit,2026.04.22 06:26:14,2026.04.22 19:03:42,4706.64,4728.6,12.62,18.21,21.96,False,False,10-20,False,False,,,False,,,False,,,False,,,False,,,False,,
78308358,buy limit,2026.04.22 06:24:40,2026.04.22 19:03:40,4708.64,4728.41,12.65,16.21,19.77,False,False,10-20,False,False,,,False,,,False,,,False,,,False,,,False,,
78308318,buy limit,2026.04.22 06:24:11,2026.04.22 19:03:38,4710.64,4728.49,12.66,14.21,17.85,False,False,10-20,False,False,,,False,,,False,,,False,,,False,,,False,,
78256448,sell limit,2026.04.21 19:19:44,2026.04.22 01:19:52,4772.0,4720.68,6.0,37.85,51.32,False,False,>20,False,False,,,False,,,False,,,False,,,False,,,False,,
78256422,sell limit,2026.04.21 19:19:24,2026.04.22 01:19:55,4770.0,4720.65,6.01,35.85,49.35,False,False,>20,False,False,,,False,,,False,,,False,,,False,,,False,,
78256396,sell limit,2026.04.21 19:19:01,2026.04.22 01:19:59,4768.0,4720.75,6.02,33.85,47.25,False,False,>20,False,False,,,False,,,False,,,False,,,False,,,False,,
78248105,sell limit,2026.04.21 18:24:04,2026.04.22 01:20:03,4763.0,4720.14,6.93,5.44,42.86,False,False,5-10,False,False,,,False,,,False,,,False,,,False,,,False,,
78248049,sell limit,2026.04.21 18:23:47,2026.04.22 01:20:07,4761.0,4719.93,6.94,3.44,41.07,False,True,2-5,False,False,,,False,,,False,,,False,,,False,,,False,,
78248006,sell limit,2026.04.21 18:23:32,2026.04.22 01:20:11,4759.0,4719.94,6.94,1.44,39.06,True,True,1-2,False,False,,,False,,,False,,,False,,,False,,,True,19.82,tp
78244240,buy limit,2026.04.21 18:05:43,2026.04.22 01:26:15,4663.0,4718.95,7.34,5.21,55.95,False,False,5-10,False,False,,,False,,,False,,,False,,,False,,,True,19.82,tp
78244122,buy limit,2026.04.21 18:05:27,2026.04.22 01:26:19,4665.0,4718.99,7.35,3.21,53.99,False,True,2-5,False,False,,,False,,,False,,,False,,,True,19.82,tp,True,-5.18,sl
78244068,buy limit,2026.04.21 18:05:12,2026.04.22 01:26:22,4667.0,4718.95,7.35,1.21,51.95,True,True,1-2,False,False,,,False,,,True,19.82,tp,True,19.82,tp,True,19.82,tp,True,-5.18,sl
78077642,buy limit,2026.04.20 16:05:32,2026.04.20 16:13:19,4773.0,4815.23,0.13,29.56,42.23,False,False,>20,False,False,,,False,,,False,,,False,,,False,,,False,,
78077605,buy limit,2026.04.20 16:05:18,2026.04.20 16:13:18,4780.0,4815.4,0.13,22.56,35.4,False,False,>20,False,False,,,False,,,False,,,False,,,False,,,False,,
78077558,buy limit,2026.04.20 16:04:49,2026.04.20 16:13:14,4787.0,4814.62,0.14,12.71,27.62,False,False,10-20,False,False,,,False,,,False,,,False,,,False,,,False,,
78050146,sell limit,2026.04.20 11:31:44,2026.04.20 12:54:48,4823.0,4792.14,1.38,25.03,30.86,False,False,>20,False,False,,,False,,,False,,,False,,,False,,,False,,
78050128,sell limit,2026.04.20 11:31:33,2026.04.20 12:54:46,4818.0,4792.22,1.39,20.03,25.78,False,False,>20,False,False,,,False,,,False,,,False,,,False,,,False,,
78050110,sell limit,2026.04.20 11:31:19,2026.04.20 12:54:44,4813.0,4792.47,1.39,15.03,20.53,False,False,10-20,False,False,,,False,,,False,,,False,,,False,,,False,,
78049948,buy limit,2026.04.20 11:30:08,2026.04.21 01:14:26,4750.0,4829.25,13.74,33.21,79.25,False,False,>20,False,False,,,False,,,False,,,False,,,False,,,False,,
78049906,buy limit,2026.04.20 11:29:54,2026.04.21 01:14:22,4755.0,4829.4,13.74,28.21,74.4,False,False,>20,False,False,,,False,,,False,,,False,,,False,,,False,,
78049892,buy limit,2026.04.20 11:29:40,2026.04.21 01:14:17,4760.0,4828.27,13.74,23.21,68.27,False,False,>20,False,False,,,False,,,False,,,False,,,False,,,False,,
77922050,buy limit,2026.04.17 16:06:19,2026.04.17 16:09:27,4821.7,4862.74,0.05,18.53,41.04,False,False,10-20,False,False,,,False,,,False,,,False,,,False,,,False,,
77854374,sell limit,2026.04.17 05:03:22,2026.04.17 05:03:34,4815.0,4791.75,0.0,20.52,23.25,False,False,>20,False,False,,,False,,,False,,,False,,,False,,,False,,
77854370,sell limit,2026.04.17 05:03:16,2026.04.17 05:03:30,4810.0,4791.26,0.0,15.52,18.74,False,False,10-20,False,False,,,False,,,False,,,False,,,False,,,False,,
77822473,buy limit,2026.04.16 18:57:12,2026.04.16 19:37:33,4786.0,4794.75,0.67,0.5,8.75,True,True,0-1,False,False,,,True,-5.18,sl,True,-5.18,sl,True,-5.18,sl,True,-5.18,sl,True,-5.18,sl
77822415,buy limit,2026.04.16 18:56:58,2026.04.16 19:37:32,4786.0,4794.89,0.68,0.5,8.89,True,True,0-1,False,False,,,True,-5.18,sl,True,-5.18,sl,True,-5.18,sl,True,-5.18,sl,True,-5.18,sl
77822366,buy limit,2026.04.16 18:56:44,2026.04.16 19:37:30,4786.0,4794.91,0.68,0.5,8.91,True,True,0-1,False,False,,,True,-5.18,sl,True,-5.18,sl,True,-5.18,sl,True,-5.18,sl,True,-5.18,sl
77768685,buy limit,2026.04.16 11:24:54,2026.04.16 13:57:38,4804.5,4815.59,2.55,0.48,11.09,True,True,0-1,False,False,,,True,-5.18,sl,True,-5.18,sl,True,-5.18,sl,True,-5.18,sl,True,-5.18,sl
77768524,buy limit,2026.04.16 11:22:49,2026.04.16 13:57:34,4804.5,4815.32,2.58,0.48,10.82,True,True,0-1,False,False,,,True,-5.18,sl,True,-5.18,sl,True,-5.18,sl,True,-5.18,sl,True,-5.18,sl
77768508,buy limit,2026.04.16 11:22:37,2026.04.16 13:57:29,4804.5,4814.64,2.58,0.48,10.14,True,True,0-1,False,False,,,True,-5.18,sl,True,-5.18,sl,True,-5.18,sl,True,-5.18,sl,True,-5.18,sl
77654656,buy limit,2026.04.15 12:49:36,2026.04.15 16:04:35,4754.8,4812.33,3.25,31.25,57.53,False,False,>20,False,False,,,False,,,False,,,False,,,False,,,False,,
77654545,buy limit,2026.04.15 12:49:00,2026.04.17 04:26:22,4765.0,4776.5,39.62,2.4,11.5,False,True,2-5,False,False,,,False,,,False,,,True,19.82,tp,True,19.82,tp,True,19.82,tp
77654485,buy limit,2026.04.15 12:48:26,2026.04.17 04:26:17,4765.0,4775.67,39.63,2.4,10.67,False,True,2-5,False,False,,,False,,,False,,,True,19.82,tp,True,19.82,tp,True,19.82,tp
77587963,buy limit,2026.04.14 23:56:44,2026.04.15 10:06:59,4803.0,4808.44,10.17,0.84,5.44,True,True,0-1,False,False,,,True,-5.18,sl,True,-5.18,sl,True,-5.18,sl,True,-5.18,sl,True,-5.18,sl
77587957,buy limit,2026.04.14 23:56:27,2026.04.15 10:06:57,4803.0,4808.86,10.18,0.84,5.86,True,True,0-1,False,False,,,True,-5.18,sl,True,-5.18,sl,True,-5.18,sl,True,-5.18,sl,True,-5.18,sl
77565250,buy limit,2026.04.14 17:56:43,2026.04.15 10:13:14,4803.0,4812.95,16.28,-12.05,9.95,False,False,touched,True,True,-5.18,sl,True,-5.18,sl,True,-5.18,sl,True,-5.18,sl,True,-5.18,sl,True,-5.18,sl
77565076,buy limit,2026.04.14 17:55:46,2026.04.15 05:49:52,4820.0,4828.22,11.9,-29.05,8.22,False,False,touched,True,True,-5.18,sl,True,-5.18,sl,True,-5.18,sl,True,-5.18,sl,True,-5.18,sl,True,-5.18,sl
77565031,buy limit,2026.04.14 17:55:31,2026.04.15 05:49:48,4820.0,4828.42,11.9,-29.05,8.42,False,False,touched,True,True,-5.18,sl,True,-5.18,sl,True,-5.18,sl,True,-5.18,sl,True,-5.18,sl,True,-5.18,sl
77543604,buy limit,2026.04.14 15:52:23,2026.04.14 19:58:54,4751.0,4810.39,4.11,11.11,59.39,False,False,10-20,False,False,,,False,,,False,,,False,,,False,,,False,,
77543570,buy limit,2026.04.14 15:52:13,2026.04.14 19:58:50,4751.0,4810.83,4.11,11.11,59.83,False,False,10-20,False,False,,,False,,,False,,,False,,,False,,,False,,
77543429,buy limit,2026.04.14 15:51:53,2026.04.14 19:58:46,4751.0,4811.38,4.11,11.11,60.38,False,False,10-20,False,False,,,False,,,False,,,False,,,False,,,False,,
77517933,buy limit,2026.04.14 11:59:51,2026.04.14 12:50:30,4770.0,4776.48,0.84,1.3,6.48,True,True,1-2,False,False,,,False,,,True,-5.18,sl,True,-5.18,sl,True,-5.18,sl,True,-5.18,sl
77517917,buy limit,2026.04.14 11:59:39,2026.04.14 12:50:26,4770.0,4776.52,0.85,1.3,6.52,True,True,1-2,False,False,,,False,,,True,-5.18,sl,True,-5.18,sl,True,-5.18,sl,True,-5.18,sl
77467092,buy limit,2026.04.14 01:16:27,2026.04.14 23:54:50,4675.0,4841.98,22.64,70.64,166.98,False,False,>20,False,False,,,False,,,False,,,False,,,False,,,False,,
77467083,buy limit,2026.04.14 01:16:06,2026.04.14 23:54:46,4675.0,4842.07,22.64,70.64,167.07,False,False,>20,False,False,,,False,,,False,,,False,,,False,,,False,,
77448567,buy limit,2026.04.13 18:57:23,2026.04.14 23:54:43,4675.0,4842.11,28.96,34.4,167.11,False,False,>20,False,False,,,False,,,False,,,False,,,False,,,False,,
77448535,buy limit,2026.04.13 18:57:11,2026.04.14 23:54:40,4685.0,4841.87,28.96,24.4,156.87,False,False,>20,False,False,,,False,,,False,,,False,,,False,,,False,,
77448492,buy limit,2026.04.13 18:56:57,2026.04.14 23:54:37,4685.0,4841.88,28.96,24.4,156.88,False,False,>20,False,False,,,False,,,False,,,False,,,False,,,False,,
77448476,buy limit,2026.04.13 18:56:44,2026.04.14 23:54:33,4685.0,4841.68,28.96,24.4,156.68,False,False,>20,False,False,,,False,,,False,,,False,,,False,,,False,,
77425506,sell limit,2026.04.13 16:34:01,2026.04.13 18:56:20,4770.0,4714.51,2.37,25.22,55.49,False,False,>20,False,False,,,False,,,False,,,False,,,False,,,False,,
77425435,sell limit,2026.04.13 16:33:43,2026.04.13 18:56:19,4770.0,4714.4,2.38,25.22,55.6,False,False,>20,False,False,,,False,,,False,,,False,,,False,,,False,,
77398166,sell limit,2026.04.13 13:02:36,2026.04.13 18:56:17,4750.0,4714.32,5.89,5.22,35.68,False,False,5-10,False,False,,,False,,,False,,,False,,,False,,,True,19.82,tp
77398156,sell limit,2026.04.13 13:02:19,2026.04.13 18:56:17,4750.0,4714.33,5.9,5.22,35.67,False,False,5-10,False,False,,,False,,,False,,,False,,,False,,,True,19.82,tp
77398074,buy limit,2026.04.13 13:01:40,2026.04.13 18:56:14,4663.0,4714.5,5.91,37.19,51.5,False,False,>20,False,False,,,False,,,False,,,False,,,False,,,False,,
77398058,buy limit,2026.04.13 13:01:21,2026.04.13 18:56:12,4663.0,4714.43,5.91,37.19,51.43,False,False,>20,False,False,,,False,,,False,,,False,,,False,,,False,,
77384274,buy limit,2026.04.13 10:49:43,2026.04.13 18:56:11,4682.0,4714.42,8.11,18.19,32.42,False,False,10-20,False,False,,,False,,,False,,,False,,,False,,,False,,
77384246,buy limit,2026.04.13 10:49:28,2026.04.13 18:56:11,4682.0,4714.4,8.11,18.19,32.4,False,False,10-20,False,False,,,False,,,False,,,False,,,False,,,False,,
77287801,buy limit,2026.04.10 16:01:43,2026.04.10 19:00:48,4745.0,4760.18,2.98,2.36,15.18,False,True,2-5,False,False,,,False,,,False,,,False,,,False,,,True,19.82,tp
77287749,buy limit,2026.04.10 16:01:18,2026.04.10 19:00:47,4745.0,4760.28,2.99,2.36,15.28,False,True,2-5,False,False,,,False,,,False,,,False,,,False,,,True,19.82,tp
77287702,buy limit,2026.04.10 16:01:01,2026.04.10 19:00:46,4745.0,4760.17,3.0,2.36,15.17,False,True,2-5,False,False,,,False,,,False,,,False,,,False,,,True,19.82,tp
77191588,buy limit,2026.04.09 17:00:09,2026.04.09 17:05:29,4759.0,4772.95,0.09,2.74,13.95,False,True,2-5,False,False,,,False,,,False,,,False,,,False,,,True,-5.18,sl
77191520,buy limit,2026.04.09 16:59:55,2026.04.09 17:05:27,4759.0,4772.91,0.09,2.74,13.91,False,True,2-5,False,False,,,False,,,False,,,True,-5.18,sl,True,-5.18,sl,True,-5.18,sl
77191498,buy limit,2026.04.09 16:59:39,2026.04.09 17:05:25,4759.0,4773.26,0.1,2.74,14.26,False,True,2-5,False,False,,,False,,,False,,,True,-5.18,sl,True,-5.18,sl,True,-5.18,sl
77185031,buy limit,2026.04.09 16:15:21,2026.04.09 18:31:07,4713.0,4782.43,2.26,33.98,69.43,False,False,>20,False,False,,,False,,,False,,,False,,,False,,,False,,
77184951,buy limit,2026.04.09 16:15:05,2026.04.09 18:31:02,4713.0,4782.61,2.27,33.98,69.61,False,False,>20,False,False,,,False,,,False,,,False,,,False,,,False,,
77184896,buy limit,2026.04.09 16:14:44,2026.04.09 18:30:59,4713.0,4781.79,2.27,33.98,68.79,False,False,>20,False,False,,,False,,,False,,,False,,,False,,,False,,
77064514,buy limit,2026.04.08 15:58:50,2026.04.08 17:28:49,4760.5,4770.8,1.5,-9.69,10.3,False,False,touched,True,False,,,True,-5.18,sl,True,-5.18,sl,True,-5.18,sl,True,-5.18,sl,True,19.82,tp
77064503,buy limit,2026.04.08 15:58:33,2026.04.08 17:28:46,4760.5,4770.73,1.5,-9.69,10.23,False,False,touched,True,False,,,True,-5.18,sl,True,-5.18,sl,True,-5.18,sl,True,-5.18,sl,True,19.82,tp
77064473,buy limit,2026.04.08 15:57:59,2026.04.08 17:28:44,4760.5,4770.48,1.51,-9.69,9.98,False,False,touched,True,False,,,True,-5.18,sl,True,-5.18,sl,True,-5.18,sl,True,-5.18,sl,True,19.82,tp
77044557,buy limit,2026.04.08 12:58:24,2026.04.08 15:23:57,4768.0,4774.94,2.43,0.35,6.94,True,True,0-1,False,False,,,True,19.82,tp,True,19.82,tp,True,19.82,tp,True,19.82,tp,True,-5.18,sl
77044515,buy limit,2026.04.08 12:58:11,2026.04.08 15:24:03,4768.0,4777.23,2.43,0.35,9.23,True,True,0-1,False,False,,,True,19.82,tp,True,19.82,tp,True,19.82,tp,True,19.82,tp,True,-5.18,sl
77044495,buy limit,2026.04.08 12:57:57,2026.04.08 15:24:06,4768.0,4777.11,2.44,0.35,9.11,True,True,0-1,False,False,,,True,19.82,tp,True,19.82,tp,True,19.82,tp,True,19.82,tp,True,-5.18,sl
77024781,buy limit,2026.04.08 10:02:56,2026.04.08 11:30:13,4797.0,4804.59,1.45,1.45,7.59,True,True,1-2,False,False,,,False,,,True,-5.18,sl,True,-5.18,sl,True,-5.18,sl,True,-5.18,sl
77024741,buy limit,2026.04.08 10:02:43,2026.04.08 11:30:18,4797.0,4804.37,1.46,1.45,7.37,True,True,1-2,False,False,,,False,,,True,-5.18,sl,True,-5.18,sl,True,-5.18,sl,True,-5.18,sl
77024689,buy limit,2026.04.08 10:02:28,2026.04.08 11:30:25,4797.0,4804.75,1.47,1.45,7.75,True,True,1-2,False,False,,,False,,,True,-5.18,sl,True,-5.18,sl,True,-5.18,sl,True,-5.18,sl
76972830,buy limit,2026.04.08 01:25:23,2026.04.10 23:50:46,4671.0,4751.55,70.42,27.05,80.55,False,False,>20,False,False,,,False,,,False,,,False,,,False,,,False,,
76972827,buy limit,2026.04.08 01:25:07,2026.04.10 23:50:41,4671.0,4751.58,70.43,27.05,80.58,False,False,>20,False,False,,,False,,,False,,,False,,,False,,,False,,
76972810,buy limit,2026.04.08 01:24:46,2026.04.10 23:50:51,4671.0,4752.09,70.43,27.05,81.09,False,False,>20,False,False,,,False,,,False,,,False,,,False,,,False,,
76922064,sell limit,2026.04.07 14:28:31,2026.04.07 19:15:36,4672.0,4656.55,4.78,1.17,15.45,True,True,1-2,False,False,,,False,,,True,19.82,tp,True,19.82,tp,True,19.82,tp,True,-5.18,sl
76922044,sell limit,2026.04.07 14:28:06,2026.04.07 19:15:37,4672.0,4656.72,4.79,1.17,15.28,True,True,1-2,False,False,,,False,,,True,19.82,tp,True,19.82,tp,True,19.82,tp,True,-5.18,sl
76921993,sell limit,2026.04.07 14:27:45,2026.04.07 19:15:38,4672.0,4656.83,4.8,1.17,15.17,True,True,1-2,False,False,,,False,,,True,19.82,tp,True,19.82,tp,True,19.82,tp,True,-5.18,sl
76911784,buy limit,2026.04.07 13:00:14,2026.04.07 13:54:36,4648.0,4655.72,0.91,1.08,7.72,True,True,1-2,False,False,,,False,,,True,-5.18,sl,True,-5.18,sl,True,-5.18,sl,True,-5.18,sl
76911764,buy limit,2026.04.07 13:00:03,2026.04.07 13:54:35,4648.0,4655.74,0.91,1.08,7.74,True,True,1-2,False,False,,,False,,,True,-5.18,sl,True,-5.18,sl,True,-5.18,sl,True,-5.18,sl
76911711,buy limit,2026.04.07 12:59:46,2026.04.07 13:54:34,4648.0,4655.71,0.91,1.08,7.71,True,True,1-2,False,False,,,False,,,True,-5.18,sl,True,-5.18,sl,True,-5.18,sl,True,-5.18,sl
76795023,buy limit,2026.04.06 11:22:09,2026.04.06 11:22:29,4632.3,4686.13,0.01,51.93,53.83,False,False,>20,False,False,,,False,,,False,,,False,,,False,,,False,,
76795009,buy limit,2026.04.06 11:21:58,2026.04.06 11:22:28,4632.3,4685.93,0.01,51.93,53.63,False,False,>20,False,False,,,False,,,False,,,False,,,False,,,False,,
76794928,buy limit,2026.04.06 11:21:16,2026.04.06 13:00:02,4632.3,4694.05,1.65,51.93,61.75,False,False,>20,False,False,,,False,,,False,,,False,,,False,,,False,,
76794906,buy limit,2026.04.06 11:21:02,2026.04.06 13:00:01,4632.3,4694.12,1.65,51.93,61.82,False,False,>20,False,False,,,False,,,False,,,False,,,False,,,False,,
76794896,buy limit,2026.04.06 11:20:47,2026.04.06 13:00:00,4632.3,4693.79,1.65,51.93,61.49,False,False,>20,False,False,,,False,,,False,,,False,,,False,,,False,,
76749273,sell limit,2026.04.06 01:19:41,2026.04.07 01:06:23,4764.0,4666.28,23.78,57.27,97.72,False,False,>20,False,False,,,False,,,False,,,False,,,False,,,False,,
76749222,sell limit,2026.04.06 01:18:46,2026.04.07 01:06:19,4764.0,4666.43,23.79,57.27,97.57,False,False,>20,False,False,,,False,,,False,,,False,,,False,,,False,,
76749206,sell limit,2026.04.06 01:18:25,2026.04.07 01:06:16,4764.0,4665.47,23.8,57.27,98.53,False,False,>20,False,False,,,False,,,False,,,False,,,False,,,False,,
76749191,sell limit,2026.04.06 01:18:03,2026.04.07 01:06:12,4753.0,4666.86,23.8,46.27,86.14,False,False,>20,False,False,,,False,,,False,,,False,,,False,,,False,,
76749164,sell limit,2026.04.06 01:17:42,2026.04.07 01:06:08,4753.0,4667.94,23.81,46.27,85.06,False,False,>20,False,False,,,False,,,False,,,False,,,False,,,False,,
76749013,sell limit,2026.04.06 01:15:50,2026.04.07 01:06:05,4753.0,4667.85,23.84,46.27,85.15,False,False,>20,False,False,,,False,,,False,,,False,,,False,,,False,,
76724329,sell limit,2026.04.02 19:03:32,2026.04.02 23:31:20,4707.0,4670.75,4.46,25.2,36.25,False,False,>20,False,False,,,False,,,False,,,False,,,False,,,False,,
76724283,sell limit,2026.04.02 19:02:55,2026.04.02 23:31:14,4707.0,4670.78,4.47,25.2,36.22,False,False,>20,False,False,,,False,,,False,,,False,,,False,,,False,,
76724252,sell limit,2026.04.02 19:02:31,2026.04.02 23:31:11,4707.0,4670.19,4.48,25.2,36.81,False,False,>20,False,False,,,False,,,False,,,False,,,False,,,False,,
76723993,buy limit,2026.04.02 19:00:02,2026.04.02 23:31:06,4634.5,4670.12,4.52,8.2,35.62,False,False,5-10,False,False,,,False,,,False,,,False,,,False,,,True,19.82,tp
76723949,buy limit,2026.04.02 18:59:50,2026.04.02 23:31:03,4634.5,4669.67,4.52,8.2,35.17,False,False,5-10,False,False,,,False,,,False,,,False,,,False,,,True,19.82,tp
76723936,buy limit,2026.04.02 18:59:34,2026.04.02 23:30:59,4634.5,4669.78,4.52,8.2,35.28,False,False,5-10,False,False,,,False,,,False,,,False,,,False,,,True,19.82,tp
76682499,sell limit,2026.04.02 13:08:00,2026.04.02 16:07:06,4649.7,4608.57,2.98,14.45,41.13,False,False,10-20,False,False,,,False,,,False,,,False,,,False,,,False,,
76682492,sell limit,2026.04.02 13:07:45,2026.04.02 16:07:09,4649.7,4609.43,2.99,14.45,40.27,False,False,10-20,False,False,,,False,,,False,,,False,,,False,,,False,,
76682476,sell limit,2026.04.02 13:07:29,2026.04.02 16:07:14,4649.7,4611.52,3.0,14.45,38.18,False,False,10-20,False,False,,,False,,,False,,,False,,,False,,,False,,
76682453,sell limit,2026.04.02 13:07:14,2026.04.02 16:07:02,4643.7,4608.97,3.0,8.45,34.73,False,False,5-10,False,False,,,False,,,False,,,False,,,False,,,False,,
76682427,sell limit,2026.04.02 13:07:00,2026.04.02 16:06:58,4643.7,4607.74,3.0,8.45,35.96,False,False,5-10,False,False,,,False,,,False,,,False,,,False,,,False,,
76682405,sell limit,2026.04.02 13:06:45,2026.04.02 16:06:52,4643.7,4607.13,3.0,8.45,36.57,False,False,5-10,False,False,,,False,,,False,,,False,,,False,,,False,,
76668362,buy limit,2026.04.02 10:22:21,2026.04.02 23:30:46,4372.0,4670.04,13.14,208.3,298.04,False,False,>20,False,False,,,False,,,False,,,False,,,False,,,False,,
76668331,buy limit,2026.04.02 10:22:08,2026.04.02 23:30:42,4372.0,4670.35,13.14,208.3,298.35,False,False,>20,False,False,,,False,,,False,,,False,,,False,,,False,,
76668301,buy limit,2026.04.02 10:21:49,2026.04.02 23:30:37,4372.0,4669.76,13.15,208.3,297.76,False,False,>20,False,False,,,False,,,False,,,False,,,False,,,False,,
76596422,buy limit,2026.04.01 19:07:23,2026.04.02 01:25:51,4722.0,4769.83,6.31,19.81,47.83,False,False,10-20,False,False,,,False,,,False,,,False,,,False,,,False,,
76596408,buy limit,2026.04.01 19:07:03,2026.04.02 01:25:57,4722.0,4770.27,6.32,19.81,48.27,False,False,10-20,False,False,,,False,,,False,,,False,,,False,,,False,,
76596364,buy limit,2026.04.01 19:06:13,2026.04.02 01:26:05,4741.0,4770.29,6.33,0.81,29.29,True,True,0-1,False,False,,,True,19.82,tp,True,19.82,tp,True,19.82,tp,True,19.82,tp,True,-5.18,sl
76596284,buy limit,2026.04.01 19:04:59,2026.04.02 01:26:11,4741.0,4770.27,6.35,0.81,29.27,True,True,0-1,False,False,,,True,19.82,tp,True,19.82,tp,True,19.82,tp,True,19.82,tp,True,-5.18,sl
76542983,buy limit,2026.04.01 10:09:03,2026.04.02 01:27:41,4685.5,4772.02,15.31,24.05,86.52,False,False,>20,False,False,,,False,,,False,,,False,,,False,,,False,,
76542958,buy limit,2026.04.01 10:08:48,2026.04.02 01:27:47,4685.5,4773.61,15.32,24.05,88.11,False,False,>20,False,False,,,False,,,False,,,False,,,False,,,False,,
76542931,buy limit,2026.04.01 10:08:34,2026.04.02 01:27:52,4685.5,4773.8,15.32,24.05,88.3,False,False,>20,False,False,,,False,,,False,,,False,,,False,,,False,,
76542758,buy limit,2026.04.01 10:07:20,2026.04.02 04:24:39,4697.7,4718.55,18.29,-11.56,20.85,False,False,touched,True,False,,,False,,,False,,,False,,,False,,,False,,
76542711,buy limit,2026.04.01 10:07:06,2026.04.02 04:24:35,4697.7,4723.07,18.29,-11.56,25.37,False,False,touched,True,False,,,False,,,False,,,False,,,False,,,False,,
76542670,buy limit,2026.04.01 10:06:52,2026.04.02 04:24:31,4697.7,4722.89,18.29,-11.56,25.19,False,False,touched,True,False,,,False,,,False,,,False,,,False,,,False,,
76504826,buy limit,2026.04.01 01:39:05,2026.04.02 01:29:19,4598.0,4772.43,23.84,63.79,174.43,False,False,>20,False,False,,,False,,,False,,,False,,,False,,,False,,
76504805,buy limit,2026.04.01 01:38:46,2026.04.02 01:29:14,4598.0,4773.32,23.84,63.79,175.32,False,False,>20,False,False,,,False,,,False,,,False,,,False,,,False,,
76504637,buy limit,2026.04.01 01:38:12,2026.04.02 01:29:10,4598.0,4773.13,23.85,63.79,175.13,False,False,>20,False,False,,,False,,,False,,,False,,,False,,,False,,
76504563,buy limit,2026.04.01 01:36:45,2026.04.02 01:29:05,4617.0,4771.83,23.87,44.79,154.83,False,False,>20,False,False,,,False,,,False,,,False,,,False,,,False,,
76504538,buy limit,2026.04.01 01:36:22,2026.04.02 01:29:01,4617.0,4771.85,23.88,44.79,154.85,False,False,>20,False,False,,,False,,,False,,,False,,,False,,,False,,
76504530,buy limit,2026.04.01 01:35:40,2026.04.02 01:28:56,4617.0,4772.4,23.89,44.79,155.4,False,False,>20,False,False,,,False,,,False,,,False,,,False,,,False,,
76480545,buy limit,2026.03.31 18:04:17,2026.03.31 19:41:23,4582.5,4643.53,1.62,16.72,61.03,False,False,10-20,False,False,,,False,,,False,,,False,,,False,,,False,,
76480521,buy limit,2026.03.31 18:04:02,2026.03.31 19:41:26,4582.5,4644.75,1.62,16.72,62.25,False,False,10-20,False,False,,,False,,,False,,,False,,,False,,,False,,
76480489,buy limit,2026.03.31 18:03:41,2026.03.31 19:41:31,4582.5,4644.05,1.63,16.72,61.55,False,False,10-20,False,False,,,False,,,False,,,False,,,False,,,False,,
76465408,buy limit,2026.03.31 16:03:50,2026.03.31 18:48:23,4544.0,4617.58,2.74,23.8,73.58,False,False,>20,False,False,,,False,,,False,,,False,,,False,,,False,,
76465390,buy limit,2026.03.31 16:03:38,2026.03.31 18:48:21,4544.0,4617.76,2.75,23.8,73.76,False,False,>20,False,False,,,False,,,False,,,False,,,False,,,False,,
76465378,buy limit,2026.03.31 16:03:25,2026.03.31 18:48:19,4544.0,4618.18,2.75,23.8,74.18,False,False,>20,False,False,,,False,,,False,,,False,,,False,,,False,,
76449146,buy limit,2026.03.31 12:45:59,2026.04.01 01:34:57,4486.0,4672.91,12.82,43.3,186.91,False,False,>20,False,False,,,False,,,False,,,False,,,False,,,False,,
76449129,buy limit,2026.03.31 12:45:37,2026.04.01 01:35:00,4486.0,4673.03,12.82,43.3,187.03,False,False,>20,False,False,,,False,,,False,,,False,,,False,,,False,,
76449117,buy limit,2026.03.31 12:45:23,2026.04.01 01:35:03,4486.0,4673.02,12.83,43.3,187.02,False,False,>20,False,False,,,False,,,False,,,False,,,False,,,False,,
76331238,buy limit,2026.03.30 09:51:49,2026.04.01 01:35:07,4473.0,4673.39,39.72,9.49,200.39,False,False,5-10,False,False,,,False,,,False,,,False,,,False,,,True,19.82,tp
76331222,buy limit,2026.03.30 09:51:37,2026.04.01 01:35:10,4473.0,4673.38,39.73,9.49,200.38,False,False,5-10,False,False,,,False,,,False,,,False,,,False,,,True,19.82,tp
76331208,buy limit,2026.03.30 09:51:26,2026.04.01 01:35:13,4473.0,4673.37,39.73,9.49,200.37,False,False,5-10,False,False,,,False,,,False,,,False,,,False,,,True,19.82,tp
76331149,buy limit,2026.03.30 09:50:47,2026.03.31 01:20:53,4493.0,4506.85,15.5,-0.06,13.85,False,False,touched,True,True,19.82,tp,True,19.82,tp,True,19.82,tp,True,19.82,tp,True,-5.18,sl,True,-5.18,sl
76331108,buy limit,2026.03.30 09:50:24,2026.03.31 01:20:49,4493.0,4506.86,15.51,-0.06,13.86,False,False,touched,True,True,19.82,tp,True,19.82,tp,True,19.82,tp,True,19.82,tp,True,-5.18,sl,True,-5.18,sl
76331069,buy limit,2026.03.30 09:50:08,2026.03.31 01:20:43,4493.0,4506.74,15.51,-0.06,13.74,False,False,touched,True,True,19.82,tp,True,19.82,tp,True,19.82,tp,True,19.82,tp,True,-5.18,sl,True,-5.18,sl
76287926,sell limit,2026.03.30 01:10:37,2026.03.30 14:54:09,4581.0,4571.83,13.73,0.23,9.17,True,True,0-1,False,False,,,True,19.82,tp,True,19.82,tp,True,19.82,tp,True,19.82,tp,True,-5.18,sl
76287905,sell limit,2026.03.30 01:10:16,2026.03.30 14:54:08,4581.0,4571.73,13.73,0.23,9.27,True,True,0-1,False,False,,,True,19.82,tp,True,19.82,tp,True,19.82,tp,True,19.82,tp,True,-5.18,sl
76287830,sell limit,2026.03.30 01:09:35,2026.03.30 14:54:06,4581.0,4572.21,13.74,0.23,8.79,True,True,0-1,False,False,,,True,19.82,tp,True,19.82,tp,True,19.82,tp,True,19.82,tp,True,-5.18,sl
76221912,buy limit,2026.03.27 13:10:18,2026.03.27 16:00:26,4387.1,4441.74,2.84,17.12,54.64,False,False,10-20,False,False,,,False,,,False,,,False,,,False,,,False,,
76221864,buy limit,2026.03.27 13:09:32,2026.03.27 16:00:24,4387.1,4441.46,2.85,17.12,54.36,False,False,10-20,False,False,,,False,,,False,,,False,,,False,,,False,,
76221810,buy limit,2026.03.27 13:09:11,2026.03.27 16:00:23,4387.1,4441.49,2.85,17.12,54.39,False,False,10-20,False,False,,,False,,,False,,,False,,,False,,,False,,
76221657,sell limit,2026.03.27 13:06:24,2026.03.27 16:00:22,4468.2,4440.89,2.9,22.82,27.31,False,False,>20,False,False,,,False,,,False,,,False,,,False,,,False,,
76221625,sell limit,2026.03.27 13:05:52,2026.03.27 16:00:21,4468.2,4440.83,2.91,22.82,27.37,False,False,>20,False,False,,,False,,,False,,,False,,,False,,,False,,
76221614,sell limit,2026.03.27 13:05:34,2026.03.27 16:00:18,4468.2,4440.24,2.91,22.82,27.96,False,False,>20,False,False,,,False,,,False,,,False,,,False,,,False,,
76141714,sell limit,2026.03.26 16:52:50,2026.03.26 18:58:33,4491.0,4434.89,2.1,11.61,56.11,False,False,10-20,False,False,,,False,,,False,,,False,,,False,,,False,,
76141676,sell limit,2026.03.26 16:52:36,2026.03.26 18:58:30,4491.0,4434.67,2.1,11.61,56.33,False,False,10-20,False,False,,,False,,,False,,,False,,,False,,,False,,
76141635,sell limit,2026.03.26 16:52:22,2026.03.26 18:58:28,4491.0,4435.25,2.1,11.61,55.75,False,False,10-20,False,False,,,False,,,False,,,False,,,False,,,False,,
75991035,buy limit,2026.03.25 09:47:51,2026.03.25 15:32:39,4520.5,4534.05,5.75,1.3,13.55,True,True,1-2,False,False,,,False,,,True,19.82,tp,True,19.82,tp,True,19.82,tp,True,19.82,tp
75990913,buy limit,2026.03.25 09:46:17,2026.03.25 15:32:43,4520.5,4533.98,5.77,1.3,13.48,True,True,1-2,False,False,,,False,,,True,19.82,tp,True,19.82,tp,True,19.82,tp,True,19.82,tp
75990858,buy limit,2026.03.25 09:45:16,2026.03.25 15:35:10,4520.5,4540.44,5.83,1.3,19.94,True,True,1-2,False,False,,,False,,,True,19.82,tp,True,19.82,tp,True,19.82,tp,True,19.82,tp
75979502,sell limit,2026.03.25 07:03:29,2026.03.25 13:13:10,4622.5,4556.74,6.16,47.81,65.76,False,False,>20,False,False,,,False,,,False,,,False,,,False,,,False,,
75976147,sell limit,2026.03.25 06:07:27,2026.03.25 13:13:08,4622.5,4556.5,7.09,40.16,66.0,False,False,>20,False,False,,,False,,,False,,,False,,,False,,,False,,
75976136,sell limit,2026.03.25 06:07:17,2026.03.25 13:13:07,4622.5,4556.35,7.1,40.16,66.15,False,False,>20,False,False,,,False,,,False,,,False,,,False,,,False,,
75972158,sell limit,2026.03.25 05:17:50,2026.03.30 01:05:49,4711.7,4504.89,115.8,109.16,206.81,False,False,>20,False,False,,,False,,,False,,,False,,,False,,,False,,
75972104,sell limit,2026.03.25 05:16:19,2026.03.30 01:05:46,4711.7,4510.21,115.82,109.16,201.49,False,False,>20,False,False,,,False,,,False,,,False,,,False,,,False,,
75972088,sell limit,2026.03.25 05:16:04,2026.03.30 01:05:42,4711.7,4511.04,115.83,109.16,200.66,False,False,>20,False,False,,,False,,,False,,,False,,,False,,,False,,
75971867,sell limit,2026.03.25 05:13:01,2026.03.30 01:05:53,4704.7,4506.7,115.88,102.16,198.0,False,False,>20,False,False,,,False,,,False,,,False,,,False,,,False,,
75971837,sell limit,2026.03.25 05:12:40,2026.03.30 01:05:57,4704.7,4506.94,115.89,102.16,197.76,False,False,>20,False,False,,,False,,,False,,,False,,,False,,,False,,
75971774,sell limit,2026.03.25 05:11:54,2026.03.30 01:05:39,4704.7,4511.71,115.9,102.16,192.99,False,False,>20,False,False,,,False,,,False,,,False,,,False,,,False,,
75966917,buy limit,2026.03.25 04:23:34,2026.03.25 07:05:14,4494.5,4573.24,2.69,71.02,78.74,False,False,>20,False,False,,,False,,,False,,,False,,,False,,,False,,
75966898,buy limit,2026.03.25 04:23:16,2026.03.25 07:05:12,4494.5,4573.62,2.7,71.02,79.12,False,False,>20,False,False,,,False,,,False,,,False,,,False,,,False,,
75966859,buy limit,2026.03.25 04:22:40,2026.03.25 07:05:10,4494.5,4573.52,2.71,71.02,79.02,False,False,>20,False,False,,,False,,,False,,,False,,,False,,,False,,
75933547,buy limit,2026.03.24 18:17:22,2026.03.25 13:17:53,3957.0,4555.84,19.01,415.11,598.84,False,False,>20,False,False,,,False,,,False,,,False,,,False,,,False,,
75933504,buy limit,2026.03.24 18:16:47,2026.03.25 13:17:51,3957.0,4555.72,19.02,415.11,598.72,False,False,>20,False,False,,,False,,,False,,,False,,,False,,,False,,
75933462,buy limit,2026.03.24 18:16:18,2026.03.25 13:17:49,3957.0,4555.68,19.03,415.11,598.68,False,False,>20,False,False,,,False,,,False,,,False,,,False,,,False,,
75893207,sell limit,2026.03.24 13:05:22,2026.03.24 16:53:20,4462.5,4374.02,3.8,20.31,88.48,False,False,>20,False,False,,,False,,,False,,,False,,,False,,,False,,
75880992,sell limit,2026.03.24 10:59:33,2026.03.24 16:53:18,4462.5,4373.94,5.9,20.31,88.56,False,False,>20,False,False,,,False,,,False,,,False,,,False,,,False,,
75880972,sell limit,2026.03.24 10:59:18,2026.03.24 16:53:17,4462.5,4374.73,5.9,20.31,87.77,False,False,>20,False,False,,,False,,,False,,,False,,,False,,,False,,
75874335,buy limit,2026.03.24 10:01:44,2026.03.24 13:04:20,4351.0,4423.7,3.04,40.11,72.7,False,False,>20,False,False,,,False,,,False,,,False,,,False,,,False,,
75874310,buy limit,2026.03.24 10:01:27,2026.03.24 13:04:16,4351.0,4421.13,3.05,40.11,70.13,False,False,>20,False,False,,,False,,,False,,,False,,,False,,,False,,
75874277,buy limit,2026.03.24 10:01:11,2026.03.24 13:04:13,4351.0,4420.16,3.05,40.11,69.16,False,False,>20,False,False,,,False,,,False,,,False,,,False,,,False,,
75842939,sell limit,2026.03.24 05:16:45,2026.03.24 05:17:44,4364.0,4316.1,0.02,14.51,47.9,False,False,10-20,False,False,,,False,,,False,,,False,,,False,,,False,,
75730291,buy limit,2026.03.23 13:32:22,2026.03.24 12:57:20,3957.0,4426.64,23.42,283.84,469.64,False,False,>20,False,False,,,False,,,False,,,False,,,False,,,False,,
75730280,buy limit,2026.03.23 13:32:09,2026.03.24 12:57:16,3957.0,4426.36,23.42,283.84,469.36,False,False,>20,False,False,,,False,,,False,,,False,,,False,,,False,,
75730257,buy limit,2026.03.23 13:31:48,2026.03.24 12:57:12,3957.0,4425.81,23.42,283.84,468.81,False,False,>20,False,False,,,False,,,False,,,False,,,False,,,False,,
75532630,sell limit,2026.03.20 14:15:21,2026.03.20 14:29:25,4671.0,4662.1,0.23,-0.08,8.9,False,False,touched,True,False,,,False,,,False,,,True,-5.18,sl,True,-5.18,sl,True,-5.18,sl
75532592,sell limit,2026.03.20 14:15:00,2026.03.20 14:29:28,4671.0,4661.46,0.24,-0.08,9.54,False,False,touched,True,False,,,False,,,False,,,True,-5.18,sl,True,-5.18,sl,True,-5.18,sl
75532556,sell limit,2026.03.20 14:14:45,2026.03.20 14:29:32,4671.0,4661.82,0.25,-0.08,9.18,False,False,touched,True,False,,,False,,,False,,,True,-5.18,sl,True,-5.18,sl,True,-5.18,sl
75523887,sell limit,2026.03.20 13:03:46,2026.03.20 20:19:46,4704.5,4576.42,7.27,8.87,128.08,False,False,5-10,False,False,,,False,,,False,,,False,,,False,,,True,19.82,tp
75523847,sell limit,2026.03.20 13:03:29,2026.03.20 20:19:50,4704.5,4575.85,7.27,8.87,128.65,False,False,5-10,False,False,,,False,,,False,,,False,,,False,,,True,19.82,tp
75523798,sell limit,2026.03.20 13:03:10,2026.03.20 20:19:53,4704.5,4575.99,7.28,8.87,128.51,False,False,5-10,False,False,,,False,,,False,,,False,,,False,,,True,19.82,tp
75426230,buy limit,2026.03.19 17:19:53,2026.03.20 20:41:14,4523.5,4562.28,27.36,16.92,38.78,False,False,10-20,False,False,,,False,,,False,,,False,,,False,,,False,,
75426145,buy limit,2026.03.19 17:19:36,2026.03.20 20:41:22,4523.5,4561.29,27.36,16.92,37.79,False,False,10-20,False,False,,,False,,,False,,,False,,,False,,,False,,
75426024,buy limit,2026.03.19 17:19:12,2026.03.20 20:41:26,4523.5,4561.83,27.37,16.92,38.33,False,False,10-20,False,False,,,False,,,False,,,False,,,False,,,False,,
75319122,sell limit,2026.03.19 04:47:57,2026.03.19 12:54:20,4794.0,4704.9,8.11,-71.76,89.1,False,False,touched,True,True,-5.18,sl,True,-5.18,sl,True,-5.18,sl,True,-5.18,sl,True,-5.18,sl,True,-5.18,sl
75319100,sell limit,2026.03.19 04:47:43,2026.03.19 12:54:16,4794.0,4703.03,8.11,-71.76,90.97,False,False,touched,True,True,-5.18,sl,True,-5.18,sl,True,-5.18,sl,True,-5.18,sl,True,-5.18,sl,True,-5.18,sl
75319089,sell limit,2026.03.19 04:47:28,2026.03.19 12:54:08,4794.0,4703.76,8.11,-71.76,90.24,False,False,touched,True,True,-5.18,sl,True,-5.18,sl,True,-5.18,sl,True,-5.18,sl,True,-5.18,sl,True,-5.18,sl
75315587,sell limit,2026.03.19 04:15:43,2026.03.19 04:24:20,4851.0,4834.67,0.14,5.22,16.33,False,False,5-10,False,False,,,False,,,False,,,False,,,False,,,False,,
75315560,sell limit,2026.03.19 04:15:29,2026.03.19 04:24:16,4851.0,4835.33,0.15,5.22,15.67,False,False,5-10,False,False,,,False,,,False,,,False,,,False,,,False,,
75315532,sell limit,2026.03.19 04:15:03,2026.03.19 04:24:12,4851.0,4835.04,0.15,5.22,15.96,False,False,5-10,False,False,,,False,,,False,,,False,,,False,,,False,,
75262702,sell limit,2026.03.18 16:40:52,2026.03.19 16:37:13,4931.0,4560.96,23.94,31.66,370.04,False,False,>20,False,False,,,False,,,False,,,False,,,False,,,False,,
75262624,sell limit,2026.03.18 16:40:29,2026.03.19 16:37:09,4931.0,4561.96,23.94,31.66,369.04,False,False,>20,False,False,,,False,,,False,,,False,,,False,,,False,,
75262530,sell limit,2026.03.18 16:40:03,2026.03.19 16:37:06,4931.0,4563.62,23.95,31.66,367.38,False,False,>20,False,False,,,False,,,False,,,False,,,False,,,False,,
75250839,sell limit,2026.03.18 15:57:40,2026.03.18 17:05:47,4911.5,4890.39,1.14,16.82,21.11,False,False,10-20,False,False,,,False,,,False,,,False,,,False,,,False,,
75250797,sell limit,2026.03.18 15:57:24,2026.03.18 17:05:43,4911.5,4889.83,1.14,16.82,21.67,False,False,10-20,False,False,,,False,,,False,,,False,,,False,,,False,,
75250743,sell limit,2026.03.18 15:57:08,2026.03.18 17:05:39,4911.5,4888.51,1.14,16.82,22.99,False,False,10-20,False,False,,,False,,,False,,,False,,,False,,,False,,
75213684,sell limit,2026.03.18 13:07:43,2026.03.18 17:05:35,5031.5,4888.9,3.96,39.94,142.6,False,False,>20,False,False,,,False,,,False,,,False,,,False,,,False,,
75213644,sell limit,2026.03.18 13:07:14,2026.03.18 17:05:32,5031.5,4888.27,3.97,39.94,143.23,False,False,>20,False,False,,,False,,,False,,,False,,,False,,,False,,
75213619,sell limit,2026.03.18 13:06:53,2026.03.18 17:05:28,5031.5,4888.13,3.98,39.94,143.37,False,False,>20,False,False,,,False,,,False,,,False,,,False,,,False,,
75213549,sell limit,2026.03.18 13:06:00,2026.03.18 17:05:25,5024.5,4887.31,3.99,32.94,137.19,False,False,>20,False,False,,,False,,,False,,,False,,,False,,,False,,
75213496,sell limit,2026.03.18 13:05:32,2026.03.18 17:05:22,5024.5,4886.82,4.0,32.94,137.68,False,False,>20,False,False,,,False,,,False,,,False,,,False,,,False,,
75213455,sell limit,2026.03.18 13:05:14,2026.03.18 17:05:19,5024.5,4887.04,4.0,32.94,137.46,False,False,>20,False,False,,,False,,,False,,,False,,,False,,,False,,
75198577,sell limit,2026.03.18 10:02:01,2026.03.18 13:00:40,5034.0,4991.17,2.98,18.93,42.83,False,False,10-20,False,False,,,False,,,False,,,False,,,False,,,False,,
75198566,sell limit,2026.03.18 10:01:45,2026.03.18 13:00:35,5034.0,4991.58,2.98,18.93,42.42,False,False,10-20,False,False,,,False,,,False,,,False,,,False,,,False,,
75198546,sell limit,2026.03.18 10:01:27,2026.03.18 13:00:31,5034.0,4991.56,2.98,18.93,42.44,False,False,10-20,False,False,,,False,,,False,,,False,,,False,,,False,,
75185202,sell limit,2026.03.18 07:07:41,2026.03.18 09:58:41,5034.0,5008.81,2.85,17.63,25.19,False,False,10-20,False,False,,,False,,,False,,,False,,,False,,,False,,
75185190,sell limit,2026.03.18 07:07:22,2026.03.18 09:58:40,5034.0,5008.77,2.85,17.63,25.23,False,False,10-20,False,False,,,False,,,False,,,False,,,False,,,False,,
75185172,sell limit,2026.03.18 07:07:06,2026.03.18 09:58:37,5034.0,5008.86,2.86,17.63,25.14,False,False,10-20,False,False,,,False,,,False,,,False,,,False,,,False,,
75169193,buy limit,2026.03.18 03:23:09,2026.03.18 13:46:03,4957.0,4976.23,10.38,3.2,19.23,False,True,2-5,False,False,,,False,,,False,,,False,,,True,-5.18,sl,True,-5.18,sl
75169182,buy limit,2026.03.18 03:22:48,2026.03.18 13:45:58,4957.0,4976.52,10.39,3.2,19.52,False,True,2-5,False,False,,,False,,,False,,,False,,,True,-5.18,sl,True,-5.18,sl
75169175,buy limit,2026.03.18 03:22:24,2026.03.18 13:45:54,4957.0,4977.91,10.39,3.2,20.91,False,True,2-5,False,False,,,False,,,False,,,False,,,True,-5.18,sl,True,-5.18,sl
75169156,sell limit,2026.03.18 03:21:44,2026.03.18 17:05:16,5040.0,4887.0,13.73,23.63,153.0,False,False,>20,False,False,,,False,,,False,,,False,,,False,,,False,,
75169135,sell limit,2026.03.18 03:21:23,2026.03.18 17:05:13,5040.0,4886.99,13.73,23.63,153.01,False,False,>20,False,False,,,False,,,False,,,False,,,False,,,False,,
75169113,sell limit,2026.03.18 03:21:06,2026.03.18 17:05:10,5040.0,4885.96,13.73,23.63,154.04,False,False,>20,False,False,,,False,,,False,,,False,,,False,,,False,,
75130126,sell limit,2026.03.17 16:12:48,2026.03.17 19:02:52,5046.0,4993.32,2.83,14.45,52.68,False,False,10-20,False,False,,,False,,,False,,,False,,,False,,,False,,
75130113,sell limit,2026.03.17 16:12:37,2026.03.17 19:02:51,5046.0,4993.65,2.84,14.45,52.35,False,False,10-20,False,False,,,False,,,False,,,False,,,False,,,False,,
75130076,sell limit,2026.03.17 16:12:21,2026.03.17 19:02:49,5046.0,4993.32,2.84,14.45,52.68,False,False,10-20,False,False,,,False,,,False,,,False,,,False,,,False,,
75130012,sell limit,2026.03.17 16:11:52,2026.03.17 19:02:48,5039.0,4993.62,2.85,7.45,45.38,False,False,5-10,False,False,,,False,,,False,,,False,,,False,,,True,19.82,tp
75129981,sell limit,2026.03.17 16:11:38,2026.03.17 19:02:46,5039.0,4994.56,2.85,7.45,44.44,False,False,5-10,False,False,,,False,,,False,,,False,,,False,,,True,19.82,tp
75129933,sell limit,2026.03.17 16:11:19,2026.03.17 19:02:43,5039.0,4994.99,2.86,7.45,44.01,False,False,5-10,False,False,,,False,,,False,,,False,,,False,,,True,19.82,tp
75114865,sell limit,2026.03.17 13:17:25,2026.03.17 16:05:10,5063.0,5016.92,2.8,39.18,46.08,False,False,>20,False,False,,,False,,,False,,,False,,,False,,,False,,
75114860,sell limit,2026.03.17 13:17:15,2026.03.17 16:05:08,5063.0,5017.66,2.8,39.18,45.34,False,False,>20,False,False,,,False,,,False,,,False,,,False,,,False,,
75114840,sell limit,2026.03.17 13:16:55,2026.03.17 16:05:07,5063.0,5017.53,2.8,39.18,45.47,False,False,>20,False,False,,,False,,,False,,,False,,,False,,,False,,
75114783,sell limit,2026.03.17 13:16:15,2026.03.17 16:05:05,5056.0,5017.19,2.81,32.18,38.81,False,False,>20,False,False,,,False,,,False,,,False,,,False,,,False,,
75114749,sell limit,2026.03.17 13:15:51,2026.03.17 16:05:03,5056.0,5017.15,2.82,32.18,38.85,False,False,>20,False,False,,,False,,,False,,,False,,,False,,,False,,
75114724,sell limit,2026.03.17 13:15:37,2026.03.17 16:05:01,5056.0,5017.08,2.82,32.18,38.92,False,False,>20,False,False,,,False,,,False,,,False,,,False,,,False,,
75098274,sell limit,2026.03.17 10:13:33,2026.03.17 12:58:31,5059.0,5013.01,2.75,29.39,45.99,False,False,>20,False,False,,,False,,,False,,,False,,,False,,,False,,
75098245,sell limit,2026.03.17 10:13:24,2026.03.17 12:58:23,5059.0,5012.96,2.75,29.39,46.04,False,False,>20,False,False,,,False,,,False,,,False,,,False,,,False,,
75098235,sell limit,2026.03.17 10:13:09,2026.03.17 12:58:19,5059.0,5012.9,2.75,29.39,46.1,False,False,>20,False,False,,,False,,,False,,,False,,,False,,,False,,
75080764,buy limit,2026.03.17 07:17:23,2026.03.17 10:01:28,4950.0,5012.22,2.73,54.93,62.22,False,False,>20,False,False,,,False,,,False,,,False,,,False,,,False,,
75080749,buy limit,2026.03.17 07:17:09,2026.03.17 10:01:27,4950.0,5012.23,2.74,54.93,62.23,False,False,>20,False,False,,,False,,,False,,,False,,,False,,,False,,
75080731,buy limit,2026.03.17 07:16:55,2026.03.17 10:01:25,4950.0,5012.14,2.74,54.93,62.14,False,False,>20,False,False,,,False,,,False,,,False,,,False,,,False,,
75080648,buy limit,2026.03.17 07:15:14,2026.03.17 10:01:24,4980.0,5012.1,2.77,24.93,32.1,False,False,>20,False,False,,,False,,,False,,,False,,,False,,,False,,
75080636,buy limit,2026.03.17 07:15:00,2026.03.17 10:01:22,4980.0,5012.24,2.77,24.93,32.24,False,False,>20,False,False,,,False,,,False,,,False,,,False,,,False,,
75080629,buy limit,2026.03.17 07:14:46,2026.03.17 10:01:20,4980.0,5012.31,2.78,24.93,32.31,False,False,>20,False,False,,,False,,,False,,,False,,,False,,,False,,
75073950,buy limit,2026.03.17 05:14:44,2026.03.17 09:31:45,5003.5,5012.18,4.28,1.43,8.68,True,True,1-2,False,False,,,False,,,True,19.82,tp,True,19.82,tp,True,19.82,tp,True,-5.18,sl
75073932,buy limit,2026.03.17 05:14:32,2026.03.17 09:31:43,5003.5,5012.21,4.29,1.43,8.71,True,True,1-2,False,False,,,False,,,True,19.82,tp,True,19.82,tp,True,19.82,tp,True,-5.18,sl
75073910,buy limit,2026.03.17 05:14:13,2026.03.17 09:31:41,5003.5,5012.31,4.29,1.43,8.81,True,True,1-2,False,False,,,False,,,True,19.82,tp,True,19.82,tp,True,19.82,tp,True,-5.18,sl
75065536,buy limit,2026.03.17 03:36:48,2026.03.17 07:13:26,4941.0,5029.37,3.61,53.42,88.37,False,False,>20,False,False,,,False,,,False,,,False,,,False,,,False,,
75065528,buy limit,2026.03.17 03:36:36,2026.03.17 07:13:23,4941.0,5029.36,3.61,53.42,88.36,False,False,>20,False,False,,,False,,,False,,,False,,,False,,,False,,
75065492,buy limit,2026.03.17 03:36:11,2026.03.17 07:13:21,4941.0,5029.33,3.62,53.42,88.33,False,False,>20,False,False,,,False,,,False,,,False,,,False,,,False,,
74958901,buy limit,2026.03.16 07:26:08,2026.03.18 05:20:01,4962.6,5003.84,45.9,7.39,41.24,False,False,5-10,False,False,,,False,,,False,,,False,,,False,,,True,19.82,tp
74958888,buy limit,2026.03.16 07:25:49,2026.03.18 05:20:05,4962.6,5003.62,45.9,7.39,41.02,False,False,5-10,False,False,,,False,,,False,,,False,,,False,,,True,19.82,tp
74958885,buy limit,2026.03.16 07:25:31,2026.03.18 10:03:09,4962.6,5012.35,50.63,7.39,49.75,False,False,5-10,False,False,,,False,,,False,,,False,,,False,,,True,19.82,tp
74944723,sell limit,2026.03.16 04:44:03,2026.03.16 08:00:21,5028.5,5014.12,3.27,2.34,14.38,False,True,2-5,False,False,,,False,,,False,,,True,19.82,tp,True,19.82,tp,True,19.82,tp
74944709,sell limit,2026.03.16 04:43:48,2026.03.16 08:00:19,5028.55,5014.22,3.28,2.39,14.33,False,True,2-5,False,False,,,False,,,False,,,True,19.82,tp,True,19.82,tp,True,19.82,tp
74944697,sell limit,2026.03.16 04:43:34,2026.03.16 08:00:16,5028.5,5014.0,3.28,2.34,14.5,False,True,2-5,False,False,,,False,,,False,,,True,19.82,tp,True,19.82,tp,True,19.82,tp
74891626,sell limit,2026.03.13 19:04:07,2026.03.18 17:05:06,5070.5,4886.82,118.02,6.52,183.68,False,False,5-10,False,False,,,False,,,False,,,False,,,False,,,True,19.82,tp
74891594,sell limit,2026.03.13 19:03:54,2026.03.18 17:05:03,5070.5,4886.13,118.02,6.52,184.37,False,False,5-10,False,False,,,False,,,False,,,False,,,False,,,True,19.82,tp
74891552,sell limit,2026.03.13 19:03:40,2026.03.18 17:05:00,5070.5,4884.08,118.02,6.52,186.42,False,False,5-10,False,False,,,False,,,False,,,False,,,False,,,True,19.82,tp
74891183,sell limit,2026.03.13 19:02:29,2026.03.18 17:04:56,5051.5,4885.41,118.04,-12.48,166.09,False,False,touched,True,True,-5.18,sl,True,-5.18,sl,True,-5.18,sl,True,-5.18,sl,True,-5.18,sl,True,-5.18,sl
74883935,sell limit,2026.03.13 18:22:28,2026.03.18 17:04:46,5051.5,4884.08,118.7,-17.81,167.42,False,False,touched,True,True,-5.18,sl,True,-5.18,sl,True,-5.18,sl,True,-5.18,sl,True,-5.18,sl,True,-5.18,sl
74883899,sell limit,2026.03.13 18:22:10,2026.03.18 17:04:42,5051.5,4882.96,118.71,-17.81,168.54,False,False,touched,True,True,-5.18,sl,True,-5.18,sl,True,-5.18,sl,True,-5.18,sl,True,-5.18,sl,True,-5.18,sl
74860697,sell limit,2026.03.13 16:12:56,2026.03.13 18:58:39,5134.5,5040.84,2.76,17.63,93.66,False,False,10-20,False,False,,,False,,,False,,,False,,,False,,,False,,
74860680,sell limit,2026.03.13 16:12:42,2026.03.13 18:58:36,5134.5,5040.96,2.77,17.63,93.54,False,False,10-20,False,False,,,False,,,False,,,False,,,False,,,False,,
74860649,sell limit,2026.03.13 16:12:25,2026.03.13 19:06:19,5134.5,5021.9,2.9,17.63,112.6,False,False,10-20,False,False,,,False,,,False,,,False,,,False,,,False,,
74813910,sell limit,2026.03.13 09:51:34,2026.03.13 14:55:31,5142.5,5096.25,5.07,23.71,46.25,False,False,>20,False,False,,,False,,,False,,,False,,,False,,,False,,
74813860,sell limit,2026.03.13 09:51:21,2026.03.13 14:55:37,5142.5,5096.17,5.07,23.71,46.33,False,False,>20,False,False,,,False,,,False,,,False,,,False,,,False,,
74813837,sell limit,2026.03.13 09:51:05,2026.03.13 14:55:42,5142.5,5096.0,5.08,23.71,46.5,False,False,>20,False,False,,,False,,,False,,,False,,,False,,,False,,
74813781,sell limit,2026.03.13 09:50:46,2026.03.13 14:55:45,5135.5,5095.91,5.08,16.71,39.59,False,False,10-20,False,False,,,False,,,False,,,False,,,False,,,False,,
74813755,sell limit,2026.03.13 09:50:31,2026.03.13 14:55:49,5135.5,5096.18,5.09,16.71,39.32,False,False,10-20,False,False,,,False,,,False,,,False,,,False,,,False,,
74813610,sell limit,2026.03.13 09:49:33,2026.03.13 14:55:27,5135.5,5096.08,5.1,16.71,39.42,False,False,10-20,False,False,,,False,,,False,,,False,,,False,,,False,,
74786768,buy limit,2026.03.13 04:06:32,2026.03.13 10:00:34,5081.0,5085.75,5.9,2.69,4.75,False,True,2-5,False,False,,,False,,,False,,,True,-5.18,sl,True,-5.18,sl,True,-5.18,sl
74786743,buy limit,2026.03.13 04:06:20,2026.03.13 10:00:31,5081.0,5086.21,5.9,2.69,5.21,False,True,2-5,False,False,,,False,,,False,,,True,-5.18,sl,True,-5.18,sl,True,-5.18,sl
74786713,buy limit,2026.03.13 04:06:02,2026.03.13 10:03:57,5081.0,5089.35,5.97,2.69,8.35,False,True,2-5,False,False,,,False,,,False,,,True,-5.18,sl,True,-5.18,sl,True,-5.18,sl
74728100,buy limit,2026.03.12 16:44:39,2026.03.12 17:01:18,5144.5,5154.89,0.28,1.36,10.39,True,True,1-2,False,False,,,False,,,True,-5.18,sl,True,-5.18,sl,True,-5.18,sl,True,-5.18,sl
74728024,buy limit,2026.03.12 16:44:25,2026.03.12 17:01:16,5144.5,5155.54,0.28,1.36,11.04,True,True,1-2,False,False,,,False,,,True,-5.18,sl,True,-5.18,sl,True,-5.18,sl,True,-5.18,sl
74592303,sell limit,2026.03.11 16:00:37,2026.03.12 01:07:27,5216.0,5172.48,9.11,19.45,43.52,False,False,10-20,False,False,,,False,,,False,,,False,,,False,,,False,,
74592224,sell limit,2026.03.11 16:00:19,2026.03.12 01:07:21,5216.0,5173.31,9.12,19.45,42.69,False,False,10-20,False,False,,,False,,,False,,,False,,,False,,,False,,
74592096,sell limit,2026.03.11 16:00:05,2026.03.12 01:07:17,5216.0,5173.74,9.12,19.45,42.26,False,False,10-20,False,False,,,False,,,False,,,False,,,False,,,False,,
74509376,buy limit,2026.03.11 03:29:58,2026.03.12 03:19:49,5125.0,5140.85,23.83,0.39,15.85,True,True,0-1,False,False,,,True,19.82,tp,True,19.82,tp,True,19.82,tp,True,19.82,tp,True,-5.18,sl
74509366,buy limit,2026.03.11 03:29:42,2026.03.12 03:19:53,5125.0,5141.08,23.84,0.39,16.08,True,True,0-1,False,False,,,True,19.82,tp,True,19.82,tp,True,19.82,tp,True,19.82,tp,True,-5.18,sl
74509357,buy limit,2026.03.11 03:29:15,2026.03.12 03:19:56,5125.0,5141.19,23.84,0.39,16.19,True,True,0-1,False,False,,,True,19.82,tp,True,19.82,tp,True,19.82,tp,True,19.82,tp,True,-5.18,sl
74480489,buy limit,2026.03.10 19:12:39,2026.03.10 19:12:51,5192.0,5225.5,0.0,30.46,33.5,False,False,>20,False,False,,,False,,,False,,,False,,,False,,,False,,
74479860,buy limit,2026.03.10 19:03:33,2026.03.10 19:12:53,5192.0,5225.48,0.16,30.46,33.48,False,False,>20,False,False,,,False,,,False,,,False,,,False,,,False,,
74452439,buy limit,2026.03.10 16:09:31,2026.03.10 16:29:32,5168.0,5221.12,0.33,24.63,53.12,False,False,>20,False,False,,,False,,,False,,,False,,,False,,,False,,
74452411,buy limit,2026.03.10 16:09:16,2026.03.10 16:29:30,5168.0,5220.98,0.34,24.63,52.98,False,False,>20,False,False,,,False,,,False,,,False,,,False,,,False,,
74452353,buy limit,2026.03.10 16:09:03,2026.03.10 16:29:28,5168.0,5221.03,0.34,24.63,53.03,False,False,>20,False,False,,,False,,,False,,,False,,,False,,,False,,
74447934,buy limit,2026.03.10 15:39:34,2026.03.10 16:11:46,5122.0,5199.78,0.54,56.78,77.78,False,False,>20,False,False,,,False,,,False,,,False,,,False,,,False,,
74447909,buy limit,2026.03.10 15:39:21,2026.03.10 16:11:45,5122.0,5200.01,0.54,56.78,78.01,False,False,>20,False,False,,,False,,,False,,,False,,,False,,,False,,
74447895,buy limit,2026.03.10 15:39:08,2026.03.10 16:11:43,5122.0,5200.03,0.54,56.78,78.03,False,False,>20,False,False,,,False,,,False,,,False,,,False,,,False,,
74447879,buy limit,2026.03.10 15:38:49,2026.03.10 16:11:40,5142.0,5199.88,0.55,36.78,57.88,False,False,>20,False,False,,,False,,,False,,,False,,,False,,,False,,
74447858,buy limit,2026.03.10 15:38:37,2026.03.10 16:11:38,5142.0,5199.97,0.55,36.78,57.97,False,False,>20,False,False,,,False,,,False,,,False,,,False,,,False,,
74447828,buy limit,2026.03.10 15:38:20,2026.03.10 16:11:35,5142.0,5200.13,0.55,36.78,58.13,False,False,>20,False,False,,,False,,,False,,,False,,,False,,,False,,
74396317,buy limit,2026.03.10 07:01:27,2026.03.10 15:08:04,5125.0,5165.38,8.11,29.46,40.38,False,False,>20,False,False,,,False,,,False,,,False,,,False,,,False,,
74396289,buy limit,2026.03.10 07:01:16,2026.03.10 15:08:02,5125.0,5164.61,8.11,29.46,39.61,False,False,>20,False,False,,,False,,,False,,,False,,,False,,,False,,
74396269,buy limit,2026.03.10 07:01:05,2026.03.10 15:08:02,5125.0,5164.48,8.12,29.46,39.48,False,False,>20,False,False,,,False,,,False,,,False,,,False,,,False,,
74396248,buy limit,2026.03.10 07:00:50,2026.03.10 15:08:00,5134.5,5164.43,8.12,19.96,29.93,False,False,10-20,False,False,,,False,,,False,,,False,,,False,,,False,,
74396206,buy limit,2026.03.10 07:00:36,2026.03.10 15:07:58,5134.5,5164.33,8.12,19.96,29.83,False,False,10-20,False,False,,,False,,,False,,,False,,,False,,,False,,
74396184,buy limit,2026.03.10 07:00:23,2026.03.10 15:07:57,5134.5,5164.41,8.13,19.96,29.91,False,False,10-20,False,False,,,False,,,False,,,False,,,False,,,False,,
74369758,buy limit,2026.03.10 03:02:15,2026.03.11 11:14:21,5100.0,5197.57,32.2,24.53,97.57,False,False,>20,False,False,,,False,,,False,,,False,,,False,,,False,,
74369730,buy limit,2026.03.10 03:02:01,2026.03.11 11:14:19,5100.0,5197.58,32.2,24.53,97.58,False,False,>20,False,False,,,False,,,False,,,False,,,False,,,False,,
74369550,buy limit,2026.03.10 03:00:50,2026.03.12 18:17:16,5109.5,5120.68,63.27,-0.01,11.18,False,False,touched,True,True,19.82,tp,True,19.82,tp,True,19.82,tp,True,19.82,tp,True,-5.18,sl,True,-5.18,sl
74369504,buy limit,2026.03.10 03:00:31,2026.03.11 11:14:08,5109.5,5197.88,32.23,15.03,88.38,False,False,10-20,False,False,,,False,,,False,,,False,,,False,,,False,,
74369469,buy limit,2026.03.10 03:00:18,2026.03.11 11:14:05,5109.5,5197.67,32.23,15.03,88.17,False,False,10-20,False,False,,,False,,,False,,,False,,,False,,,False,,
74345457,buy limit,2026.03.09 18:46:34,2026.03.10 02:57:22,5069.5,5141.32,8.18,19.4,71.82,False,False,10-20,False,False,,,False,,,False,,,False,,,False,,,False,,
74345430,buy limit,2026.03.09 18:46:21,2026.03.10 02:57:18,5069.5,5140.93,8.18,19.4,71.43,False,False,10-20,False,False,,,False,,,False,,,False,,,False,,,False,,
74345374,buy limit,2026.03.09 18:46:05,2026.03.10 02:57:14,5069.5,5140.33,8.19,19.4,70.83,False,False,10-20,False,False,,,False,,,False,,,False,,,False,,,False,,
74342888,buy limit,2026.03.09 18:23:51,2026.03.09 18:25:07,5068.5,5098.08,0.02,14.39,29.58,False,False,10-20,False,False,,,False,,,False,,,False,,,False,,,False,,
74342757,buy limit,2026.03.09 18:23:23,2026.03.09 18:25:06,5068.5,5098.08,0.03,14.39,29.58,False,False,10-20,False,False,,,False,,,False,,,False,,,False,,,False,,
74320203,buy limit,2026.03.09 16:35:01,2026.03.09 17:00:09,5065.7,5075.82,0.42,1.44,10.12,True,True,1-2,False,False,,,False,,,True,19.82,tp,True,-5.18,sl,True,-5.18,sl,True,19.82,tp
74320117,buy limit,2026.03.09 16:34:42,2026.03.09 17:00:08,5065.7,5074.35,0.42,1.44,8.65,True,True,1-2,False,False,,,False,,,True,19.82,tp,True,-5.18,sl,True,-5.18,sl,True,19.82,tp
74320062,buy limit,2026.03.09 16:34:28,2026.03.09 17:00:06,5065.7,5074.96,0.43,1.44,9.26,True,True,1-2,False,False,,,False,,,True,19.82,tp,True,-5.18,sl,True,-5.18,sl,True,19.82,tp
74265589,buy limit,2026.03.09 10:13:01,2026.03.09 10:23:53,5089.0,5099.0,0.18,6.13,10.0,False,False,5-10,False,False,,,False,,,False,,,False,,,False,,,True,-5.18,sl
74265551,buy limit,2026.03.09 10:12:43,2026.03.09 10:23:52,5089.0,5098.98,0.19,6.13,9.98,False,False,5-10,False,False,,,False,,,False,,,False,,,False,,,True,-5.18,sl
74265539,buy limit,2026.03.09 10:12:30,2026.03.09 10:23:50,5089.0,5099.11,0.19,6.13,10.11,False,False,5-10,False,False,,,False,,,False,,,False,,,False,,,True,-5.18,sl
74235400,buy limit,2026.03.09 06:58:06,2026.03.09 16:50:10,5055.7,5080.9,9.87,11.44,25.2,False,False,10-20,False,False,,,False,,,False,,,False,,,False,,,False,,
74235371,buy limit,2026.03.09 06:57:44,2026.03.09 16:50:08,5055.7,5080.76,9.87,11.44,25.06,False,False,10-20,False,False,,,False,,,False,,,False,,,False,,,False,,
74235350,buy limit,2026.03.09 06:57:24,2026.03.09 16:50:05,5055.7,5080.79,9.88,11.44,25.09,False,False,10-20,False,False,,,False,,,False,,,False,,,False,,,False,,
74218158,buy limit,2026.03.09 05:03:54,2026.03.09 05:21:55,5041.0,5076.65,0.3,14.36,35.65,False,False,10-20,False,False,,,False,,,False,,,False,,,False,,,False,,
74218097,buy limit,2026.03.09 05:03:39,2026.03.09 05:22:00,5041.0,5078.4,0.31,14.36,37.4,False,False,10-20,False,False,,,False,,,False,,,False,,,False,,,False,,
74218044,buy limit,2026.03.09 05:03:22,2026.03.09 05:22:04,5041.0,5077.8,0.31,14.36,36.8,False,False,10-20,False,False,,,False,,,False,,,False,,,False,,,False,,
74020209,buy limit,2026.03.06 01:18:13,2026.03.09 01:06:01,4883.5,5157.77,71.8,178.85,274.27,False,False,>20,False,False,,,False,,,False,,,False,,,False,,,False,,
74020174,buy limit,2026.03.06 01:17:48,2026.03.09 01:06:06,4883.5,5160.16,71.81,178.85,276.66,False,False,>20,False,False,,,False,,,False,,,False,,,False,,,False,,
74020161,buy limit,2026.03.06 01:17:21,2026.03.09 01:05:58,4883.5,5157.92,71.81,178.85,274.42,False,False,>20,False,False,,,False,,,False,,,False,,,False,,,False,,
74020138,buy limit,2026.03.06 01:16:38,2026.03.09 01:05:55,4921.6,5158.04,71.82,140.75,236.44,False,False,>20,False,False,,,False,,,False,,,False,,,False,,,False,,
74020131,buy limit,2026.03.06 01:16:23,2026.03.09 01:05:52,4921.6,5155.45,71.82,140.75,233.85,False,False,>20,False,False,,,False,,,False,,,False,,,False,,,False,,
74020122,buy limit,2026.03.06 01:15:34,2026.03.09 01:05:48,4921.6,5154.08,71.84,140.75,232.48,False,False,>20,False,False,,,False,,,False,,,False,,,False,,,False,,
74020090,sell limit,2026.03.06 01:14:49,2026.03.06 04:03:12,5144.0,5130.46,2.81,42.17,13.54,False,False,>20,False,False,,,False,,,False,,,False,,,False,,,False,,
74020084,sell limit,2026.03.06 01:14:22,2026.03.06 04:03:10,5144.0,5131.15,2.81,42.17,12.85,False,False,>20,False,False,,,False,,,False,,,False,,,False,,,False,,
74020038,sell limit,2026.03.06 01:13:04,2026.03.06 04:03:08,5144.0,5130.97,2.83,42.17,13.03,False,False,>20,False,False,,,False,,,False,,,False,,,False,,,False,,
73953279,sell limit,2026.03.05 15:37:53,2026.03.05 23:15:01,5144.0,5076.75,7.62,-23.84,67.25,False,False,touched,True,True,-5.18,sl,True,-5.18,sl,True,-5.18,sl,True,-5.18,sl,True,-5.18,sl,True,-5.18,sl
73953225,sell limit,2026.03.05 15:37:32,2026.03.05 23:14:56,5144.0,5076.22,7.62,-23.84,67.78,False,False,touched,True,True,-5.18,sl,True,-5.18,sl,True,-5.18,sl,True,-5.18,sl,True,-5.18,sl,True,-5.18,sl
73953130,sell limit,2026.03.05 15:37:17,2026.03.05 23:14:52,5144.0,5075.77,7.63,-23.84,68.23,False,False,touched,True,True,-5.18,sl,True,-5.18,sl,True,-5.18,sl,True,-5.18,sl,True,-5.18,sl,True,-5.18,sl
73842091,buy limit,2026.03.05 01:15:02,2026.03.05 23:14:26,5051.0,5075.05,21.99,-0.34,24.05,False,False,touched,True,True,19.82,tp,True,19.82,tp,True,19.82,tp,True,19.82,tp,True,19.82,tp,True,19.82,tp
73842056,buy limit,2026.03.05 01:14:42,2026.03.05 23:14:30,5051.0,5075.83,22.0,-0.34,24.83,False,False,touched,True,True,19.82,tp,True,19.82,tp,True,19.82,tp,True,19.82,tp,True,19.82,tp,True,19.82,tp
73842037,buy limit,2026.03.05 01:14:23,2026.03.05 23:14:21,5051.0,5075.95,22.0,-0.34,24.95,False,False,touched,True,True,19.82,tp,True,19.82,tp,True,19.82,tp,True,19.82,tp,True,19.82,tp,True,19.82,tp
73841671,sell limit,2026.03.05 01:11:45,2026.03.09 01:05:42,5244.0,5147.42,95.9,48.96,96.58,False,False,>20,False,False,,,False,,,False,,,False,,,False,,,False,,
73841656,sell limit,2026.03.05 01:11:22,2026.03.09 01:05:39,5244.0,5146.73,95.9,48.96,97.27,False,False,>20,False,False,,,False,,,False,,,False,,,False,,,False,,
73841611,sell limit,2026.03.05 01:10:32,2026.03.09 01:05:35,5244.0,5145.75,95.92,48.96,98.25,False,False,>20,False,False,,,False,,,False,,,False,,,False,,,False,,
73755332,sell limit,2026.03.04 10:36:24,2026.03.04 11:03:28,5184.5,5165.14,0.45,8.56,19.36,False,False,5-10,False,False,,,False,,,False,,,False,,,False,,,True,19.82,tp
73755295,sell limit,2026.03.04 10:36:06,2026.03.04 11:03:21,5184.5,5164.64,0.45,8.56,19.86,False,False,5-10,False,False,,,False,,,False,,,False,,,False,,,True,19.82,tp
73755137,sell limit,2026.03.04 10:35:39,2026.03.04 11:03:16,5184.5,5164.03,0.46,8.56,20.47,False,False,5-10,False,False,,,False,,,False,,,False,,,False,,,True,19.82,tp
73685256,buy limit,2026.03.04 01:08:57,2026.03.05 01:08:35,5046.3,5150.94,23.99,38.22,104.64,False,False,>20,False,False,,,False,,,False,,,False,,,False,,,False,,
73685218,buy limit,2026.03.04 01:08:30,2026.03.05 01:08:40,5046.3,5151.01,24.0,38.22,104.71,False,False,>20,False,False,,,False,,,False,,,False,,,False,,,False,,
73685186,buy limit,2026.03.04 01:08:09,2026.03.05 01:08:31,5046.3,5150.88,24.01,38.22,104.58,False,False,>20,False,False,,,False,,,False,,,False,,,False,,,False,,
73685169,buy limit,2026.03.04 01:07:32,2026.03.05 01:08:25,5056.3,5151.34,24.01,28.22,95.04,False,False,>20,False,False,,,False,,,False,,,False,,,False,,,False,,
73685160,buy limit,2026.03.04 01:07:09,2026.03.05 01:08:21,5056.3,5151.45,24.02,28.22,95.15,False,False,>20,False,False,,,False,,,False,,,False,,,False,,,False,,
73685156,buy limit,2026.03.04 01:06:47,2026.03.05 01:08:18,5056.3,5151.22,24.03,28.22,94.92,False,False,>20,False,False,,,False,,,False,,,False,,,False,,,False,,
73685130,buy limit,2026.03.04 01:06:04,2026.03.05 01:08:14,5080.0,5151.22,24.04,4.52,71.22,False,True,2-5,False,False,,,False,,,False,,,False,,,True,19.82,tp,True,-5.18,sl
73685114,buy limit,2026.03.04 01:05:47,2026.03.05 01:08:10,5080.0,5151.3,24.04,4.52,71.3,False,True,2-5,False,False,,,False,,,False,,,False,,,True,19.82,tp,True,-5.18,sl
73685105,buy limit,2026.03.04 01:05:32,2026.03.05 01:08:07,5080.0,5152.18,24.04,4.52,72.18,False,True,2-5,False,False,,,False,,,False,,,False,,,True,19.82,tp,True,-5.18,sl
73565637,buy limit,2026.03.03 12:25:27,2026.03.03 13:05:43,5237.0,5245.67,0.67,-11.14,8.67,False,False,touched,True,False,,,False,,,False,,,False,,,True,19.82,tp,True,-5.18,sl
73565583,buy limit,2026.03.03 12:24:49,2026.03.03 13:05:42,5237.0,5246.06,0.68,-11.14,9.06,False,False,touched,True,True,-5.18,sl,True,-5.18,sl,True,-5.18,sl,True,-5.18,sl,True,-5.18,sl,True,-5.18,sl
73565564,buy limit,2026.03.03 12:24:34,2026.03.03 13:05:41,5237.0,5247.39,0.69,-11.14,10.39,False,False,touched,True,True,-5.18,sl,True,-5.18,sl,True,-5.18,sl,True,-5.18,sl,True,-5.18,sl,True,-5.18,sl
73565545,sell limit,2026.03.03 12:24:03,2026.03.04 12:21:25,5204.5,5191.75,23.96,-95.25,12.75,False,False,touched,True,True,-5.18,sl,True,-5.18,sl,True,-5.18,sl,True,-5.18,sl,True,-5.18,sl,True,-5.18,sl
73565534,sell limit,2026.03.03 12:23:49,2026.03.04 12:21:22,5204.5,5191.53,23.96,-95.25,12.97,False,False,touched,True,True,-5.18,sl,True,-5.18,sl,True,-5.18,sl,True,-5.18,sl,True,-5.18,sl,True,-5.18,sl
73565481,sell limit,2026.03.03 12:22:53,2026.03.04 12:21:18,5204.5,5191.2,23.97,-95.25,13.3,False,False,touched,True,True,-5.18,sl,True,-5.18,sl,True,-5.18,sl,True,-5.18,sl,True,-5.18,sl,True,-5.18,sl
73168945,buy limit,2026.02.27 16:01:48,2026.03.02 01:14:06,5211.0,5353.25,57.2,-24.26,142.25,False,False,touched,True,True,-5.18,sl,True,-5.18,sl,True,-5.18,sl,True,-5.18,sl,True,-5.18,sl,True,-5.18,sl
73168923,buy limit,2026.02.27 16:01:36,2026.03.02 01:14:48,5211.0,5345.53,57.22,-24.26,134.53,False,False,touched,True,True,-5.18,sl,True,-5.18,sl,True,-5.18,sl,True,-5.18,sl,True,-5.18,sl,True,-5.18,sl
73168887,buy limit,2026.02.27 16:01:23,2026.03.02 01:14:53,5211.0,5345.53,57.23,-24.26,134.53,False,False,touched,True,True,-5.18,sl,True,-5.18,sl,True,-5.18,sl,True,-5.18,sl,True,-5.18,sl,True,-5.18,sl
73145315,buy limit,2026.02.27 13:07:18,2026.03.02 01:14:44,5129.2,5347.86,60.12,39.15,218.66,False,False,>20,False,False,,,False,,,False,,,False,,,False,,,False,,
73145301,buy limit,2026.02.27 13:07:00,2026.03.02 01:14:16,5129.2,5346.5,60.12,39.15,217.3,False,False,>20,False,False,,,False,,,False,,,False,,,False,,,False,,
73145293,buy limit,2026.02.27 13:06:45,2026.03.02 01:14:09,5129.2,5351.32,60.12,39.15,222.12,False,False,>20,False,False,,,False,,,False,,,False,,,False,,,False,,
73132701,buy limit,2026.02.27 10:29:26,2026.03.02 01:14:13,5147.0,5350.36,62.75,21.35,203.36,False,False,>20,False,False,,,False,,,False,,,False,,,False,,,False,,
73132677,buy limit,2026.02.27 10:29:08,2026.03.02 01:14:29,5147.0,5344.77,62.76,21.35,197.77,False,False,>20,False,False,,,False,,,False,,,False,,,False,,,False,,
73132666,buy limit,2026.02.27 10:28:56,2026.03.02 01:14:20,5147.0,5347.05,62.76,21.35,200.05,False,False,>20,False,False,,,False,,,False,,,False,,,False,,,False,,
73101888,buy limit,2026.02.27 04:08:41,2026.02.27 10:23:31,5166.5,5178.42,6.25,0.2,11.92,True,True,0-1,False,False,,,False,,,False,,,False,,,False,,,True,19.82,tp
73101866,buy limit,2026.02.27 04:08:22,2026.02.27 10:23:29,5166.5,5178.44,6.25,0.2,11.94,True,True,0-1,False,False,,,False,,,False,,,False,,,False,,,True,19.82,tp
73101780,buy limit,2026.02.27 04:08:02,2026.02.27 10:23:27,5166.5,5178.36,6.26,0.2,11.86,True,True,0-1,False,False,,,False,,,False,,,False,,,False,,,True,19.82,tp
73087195,buy limit,2026.02.27 01:21:15,2026.03.02 01:14:23,5140.0,5345.52,71.89,26.7,205.52,False,False,>20,False,False,,,False,,,False,,,False,,,False,,,False,,
73087179,buy limit,2026.02.27 01:20:55,2026.03.02 01:14:26,5140.0,5344.68,71.89,26.7,204.68,False,False,>20,False,False,,,False,,,False,,,False,,,False,,,False,,
73087159,buy limit,2026.02.27 01:20:36,2026.03.02 01:14:32,5140.0,5344.29,71.9,26.7,204.29,False,False,>20,False,False,,,False,,,False,,,False,,,False,,,False,,
73041126,sell limit,2026.02.26 15:56:24,2026.02.27 01:08:37,5211.2,5180.87,9.2,10.28,30.33,False,False,10-20,False,False,,,False,,,False,,,False,,,False,,,False,,
73041110,sell limit,2026.02.26 15:56:04,2026.02.27 01:08:32,5211.2,5180.24,9.21,10.28,30.96,False,False,10-20,False,False,,,False,,,False,,,False,,,False,,,False,,
73041098,sell limit,2026.02.26 15:55:47,2026.02.27 01:08:26,5211.2,5181.03,9.21,10.28,30.17,False,False,10-20,False,False,,,False,,,False,,,False,,,False,,,False,,
72999534,buy limit,2026.02.26 09:39:39,2026.02.26 13:06:52,5152.0,5177.36,3.45,15.56,25.36,False,False,10-20,False,False,,,False,,,False,,,False,,,False,,,False,,
72999510,buy limit,2026.02.26 09:39:29,2026.02.26 13:06:47,5152.0,5177.24,3.46,15.56,25.24,False,False,10-20,False,False,,,False,,,False,,,False,,,False,,,False,,
72999482,buy limit,2026.02.26 09:39:12,2026.02.26 13:06:41,5152.0,5177.04,3.46,15.56,25.04,False,False,10-20,False,False,,,False,,,False,,,False,,,False,,,False,,
72971845,buy limit,2026.02.26 04:05:44,2026.02.26 09:36:31,5145.0,5185.74,5.51,28.97,40.74,False,False,>20,False,False,,,False,,,False,,,False,,,False,,,False,,
72971837,buy limit,2026.02.26 04:05:32,2026.02.26 09:36:25,5145.0,5185.02,5.51,28.97,40.02,False,False,>20,False,False,,,False,,,False,,,False,,,False,,,False,,
72971819,buy limit,2026.02.26 04:05:18,2026.02.26 09:36:21,5145.0,5184.89,5.52,28.97,39.89,False,False,>20,False,False,,,False,,,False,,,False,,,False,,,False,,
72956413,buy limit,2026.02.26 01:39:04,2026.03.02 01:14:35,5113.2,5344.64,95.59,17.18,231.44,False,False,10-20,False,False,,,False,,,False,,,False,,,False,,,False,,
72956393,buy limit,2026.02.26 01:38:40,2026.03.02 01:14:41,5113.2,5347.35,95.6,17.18,234.15,False,False,10-20,False,False,,,False,,,False,,,False,,,False,,,False,,
72956383,buy limit,2026.02.26 01:38:24,2026.03.02 01:14:38,5113.2,5344.73,95.6,17.18,231.53,False,False,10-20,False,False,,,False,,,False,,,False,,,False,,,False,,
72956314,buy limit,2026.02.26 01:37:29,2026.03.02 01:14:57,5123.35,5347.05,95.62,7.03,223.7,False,False,5-10,False,False,,,False,,,False,,,False,,,False,,,True,19.82,tp
72956294,buy limit,2026.02.26 01:36:55,2026.03.02 01:15:02,5123.35,5348.41,95.64,7.03,225.06,False,False,5-10,False,False,,,False,,,False,,,False,,,False,,,True,19.82,tp
72956250,buy limit,2026.02.26 01:36:36,2026.03.02 01:15:05,5123.35,5348.22,95.64,7.03,224.87,False,False,5-10,False,False,,,False,,,False,,,False,,,False,,,True,19.82,tp
72918935,buy limit,2026.02.25 16:02:59,2026.02.26 01:09:07,5138.0,5181.0,9.1,7.72,43.0,False,False,5-10,False,False,,,False,,,False,,,False,,,False,,,True,19.82,tp
72918910,buy limit,2026.02.25 16:02:43,2026.02.26 01:09:02,5138.0,5181.74,9.11,7.72,43.74,False,False,5-10,False,False,,,False,,,False,,,False,,,False,,,True,19.82,tp
72918880,buy limit,2026.02.25 16:02:23,2026.02.26 01:08:55,5138.0,5180.66,9.11,7.72,42.66,False,False,5-10,False,False,,,False,,,False,,,False,,,False,,,True,19.82,tp
72905459,buy limit,2026.02.25 13:21:23,2026.03.02 01:15:14,5082.5,5348.23,107.9,47.88,265.73,False,False,>20,False,False,,,False,,,False,,,False,,,False,,,False,,
72905433,buy limit,2026.02.25 13:21:06,2026.03.02 01:15:10,5082.5,5347.36,107.9,47.88,264.86,False,False,>20,False,False,,,False,,,False,,,False,,,False,,,False,,
72905232,buy limit,2026.02.25 13:19:19,2026.03.02 01:15:18,5082.5,5347.34,107.93,47.88,264.84,False,False,>20,False,False,,,False,,,False,,,False,,,False,,,False,,
72904352,buy limit,2026.02.25 13:16:00,2026.03.02 01:15:22,5102.5,5347.39,107.99,27.88,244.89,False,False,>20,False,False,,,False,,,False,,,False,,,False,,,False,,
72904283,buy limit,2026.02.25 13:15:43,2026.03.02 01:15:26,5102.5,5350.63,108.0,27.88,248.13,False,False,>20,False,False,,,False,,,False,,,False,,,False,,,False,,
72904238,buy limit,2026.02.25 13:15:23,2026.03.02 01:15:30,5102.5,5349.83,108.0,27.88,247.33,False,False,>20,False,False,,,False,,,False,,,False,,,False,,,False,,
72904027,buy limit,2026.02.25 13:14:12,2026.02.26 01:37:57,5111.8,5164.81,12.4,33.92,53.01,False,False,>20,False,False,,,False,,,False,,,False,,,False,,,False,,
72903982,buy limit,2026.02.25 13:13:52,2026.02.26 01:37:53,5111.8,5164.69,12.4,33.92,52.89,False,False,>20,False,False,,,False,,,False,,,False,,,False,,,False,,
72903953,buy limit,2026.02.25 13:13:35,2026.02.26 01:37:49,5111.8,5165.38,12.4,33.92,53.58,False,False,>20,False,False,,,False,,,False,,,False,,,False,,,False,,
72898143,buy limit,2026.02.25 12:20:24,2026.02.25 13:20:45,5103.5,5159.8,1.01,68.59,56.3,False,False,>20,False,False,,,False,,,False,,,False,,,False,,,False,,
72898013,buy limit,2026.02.25 12:19:51,2026.02.25 13:20:40,5103.5,5160.0,1.01,68.59,56.5,False,False,>20,False,False,,,False,,,False,,,False,,,False,,,False,,
72897988,buy limit,2026.02.25 12:19:29,2026.02.25 13:20:36,5103.5,5160.16,1.02,68.59,56.66,False,False,>20,False,False,,,False,,,False,,,False,,,False,,,False,,
72887248,sell limit,2026.02.25 10:14:09,2026.02.25 13:10:52,5229.5,5165.91,2.95,32.26,63.59,False,False,>20,False,False,,,False,,,False,,,False,,,False,,,False,,
72887226,sell limit,2026.02.25 10:13:46,2026.02.25 13:10:49,5229.5,5166.99,2.95,32.26,62.51,False,False,>20,False,False,,,False,,,False,,,False,,,False,,,False,,
72887195,sell limit,2026.02.25 10:13:27,2026.02.25 13:10:45,5229.5,5166.62,2.96,32.26,62.88,False,False,>20,False,False,,,False,,,False,,,False,,,False,,,False,,
72886178,buy limit,2026.02.25 09:56:43,2026.02.25 13:10:29,5157.0,5169.37,3.23,19.28,12.37,False,False,10-20,False,False,,,False,,,False,,,False,,,False,,,False,,
72886157,buy limit,2026.02.25 09:56:30,2026.02.25 13:10:26,5157.0,5168.98,3.23,19.28,11.98,False,False,10-20,False,False,,,False,,,False,,,False,,,False,,,False,,
72811608,buy limit,2026.02.24 16:28:44,2026.02.25 02:33:38,5103.5,5147.99,10.08,-10.3,44.49,False,False,touched,True,True,-5.18,sl,True,-5.18,sl,True,-5.18,sl,True,-5.18,sl,True,-5.18,sl,True,19.82,tp
72811582,buy limit,2026.02.24 16:28:33,2026.02.25 02:33:46,5103.5,5148.17,10.09,-10.3,44.67,False,False,touched,True,True,-5.18,sl,True,-5.18,sl,True,-5.18,sl,True,-5.18,sl,True,-5.18,sl,True,19.82,tp
72811555,buy limit,2026.02.24 16:28:21,2026.02.25 13:10:22,5157.0,5169.69,20.7,-63.8,12.69,False,False,touched,True,True,-5.18,sl,True,-5.18,sl,True,-5.18,sl,True,-5.18,sl,True,-5.18,sl,True,-5.18,sl
72735481,sell limit,2026.02.24 03:44:43,2026.02.25 02:34:27,5218.2,5147.39,22.83,-14.16,70.81,False,False,touched,True,True,-5.18,sl,True,-5.18,sl,True,-5.18,sl,True,-5.18,sl,True,-5.18,sl,True,-5.18,sl
72735461,sell limit,2026.02.24 03:44:13,2026.02.25 02:34:30,5218.2,5147.39,22.84,-14.16,70.81,False,False,touched,True,True,-5.18,sl,True,-5.18,sl,True,-5.18,sl,True,-5.18,sl,True,-5.18,sl,True,-5.18,sl
72735445,sell limit,2026.02.24 03:43:53,2026.02.25 02:34:34,5218.2,5147.67,22.84,-14.16,70.53,False,False,touched,True,True,-5.18,sl,True,-5.18,sl,True,-5.18,sl,True,-5.18,sl,True,-5.18,sl,True,-5.18,sl
72685691,buy limit,2026.02.23 17:06:51,2026.02.24 01:07:25,5167.0,5241.86,8.01,-18.55,74.86,False,False,touched,True,True,-5.18,sl,True,-5.18,sl,True,-5.18,sl,True,-5.18,sl,True,-5.18,sl,True,-5.18,sl
72685637,buy limit,2026.02.23 17:06:37,2026.02.24 01:07:28,5167.0,5241.77,8.01,-18.55,74.77,False,False,touched,True,True,-5.18,sl,True,-5.18,sl,True,-5.18,sl,True,-5.18,sl,True,-5.18,sl,True,-5.18,sl
72685605,buy limit,2026.02.23 17:06:20,2026.02.24 01:07:32,5167.0,5241.79,8.02,-18.55,74.79,False,False,touched,True,True,-5.18,sl,True,-5.18,sl,True,-5.18,sl,True,-5.18,sl,True,-5.18,sl,True,-5.18,sl
72670950,buy limit,2026.02.23 15:28:51,2026.02.24 01:07:36,5098.0,5241.6,9.65,43.44,143.6,False,False,>20,False,False,,,False,,,False,,,False,,,False,,,False,,
72670928,buy limit,2026.02.23 15:28:37,2026.02.24 01:07:39,5098.0,5241.58,9.65,43.44,143.58,False,False,>20,False,False,,,False,,,False,,,False,,,False,,,False,,
72670902,buy limit,2026.02.23 15:28:21,2026.02.24 01:07:42,5098.0,5241.54,9.66,43.44,143.54,False,False,>20,False,False,,,False,,,False,,,False,,,False,,,False,,
72643292,buy limit,2026.02.23 10:35:55,2026.02.23 19:02:15,5112.0,5210.96,8.44,10.08,98.96,False,False,10-20,False,False,,,False,,,False,,,False,,,False,,,False,,
72643278,buy limit,2026.02.23 10:35:41,2026.02.23 19:02:13,5112.0,5211.12,8.44,10.08,99.12,False,False,10-20,False,False,,,False,,,False,,,False,,,False,,,False,,
72643237,buy limit,2026.02.23 10:35:10,2026.02.23 19:02:11,5112.0,5210.95,8.45,10.08,98.95,False,False,10-20,False,False,,,False,,,False,,,False,,,False,,,False,,
72590108,buy limit,2026.02.23 01:44:17,2026.02.23 08:30:24,5118.5,5155.56,6.77,-9.8,37.06,False,False,touched,True,True,-5.18,sl,True,-5.18,sl,True,-5.18,sl,True,-5.18,sl,True,-5.18,sl,True,-5.18,sl
72589951,buy limit,2026.02.23 01:43:57,2026.02.23 08:30:19,5118.5,5155.21,6.77,-9.8,36.71,False,False,touched,True,True,-5.18,sl,True,-5.18,sl,True,-5.18,sl,True,-5.18,sl,True,-5.18,sl,True,-5.18,sl
72589915,buy limit,2026.02.23 01:43:37,2026.02.23 08:30:15,5118.5,5155.88,6.78,-9.8,37.38,False,False,touched,True,True,-5.18,sl,True,-5.18,sl,True,-5.18,sl,True,-5.18,sl,True,-5.18,sl,True,-5.18,sl
72587293,buy limit,2026.02.23 01:16:19,2026.02.24 01:07:45,5048.6,5241.51,23.86,60.1,192.91,False,False,>20,False,False,,,False,,,False,,,False,,,False,,,False,,
72587123,buy limit,2026.02.23 01:15:37,2026.02.24 01:07:50,5048.6,5241.32,23.87,60.1,192.72,False,False,>20,False,False,,,False,,,False,,,False,,,False,,,False,,
72586864,buy limit,2026.02.23 01:14:56,2026.02.24 01:07:53,5048.6,5241.03,23.88,60.1,192.43,False,False,>20,False,False,,,False,,,False,,,False,,,False,,,False,,
72586614,buy limit,2026.02.23 01:13:50,2026.02.24 01:07:56,5066.3,5241.08,23.9,42.4,174.78,False,False,>20,False,False,,,False,,,False,,,False,,,False,,,False,,
72586586,buy limit,2026.02.23 01:13:28,2026.02.24 01:07:59,5066.3,5241.18,23.91,42.4,174.88,False,False,>20,False,False,,,False,,,False,,,False,,,False,,,False,,
72586469,buy limit,2026.02.23 01:12:14,2026.02.24 01:07:22,5066.3,5241.9,23.92,42.4,175.6,False,False,>20,False,False,,,False,,,False,,,False,,,False,,,False,,
72525911,buy limit,2026.02.20 13:55:38,2026.02.20 15:40:03,5000.0,5028.9,1.74,7.09,28.9,False,False,5-10,False,False,,,False,,,False,,,False,,,False,,,True,19.82,tp
72525895,buy limit,2026.02.20 13:55:26,2026.02.20 15:39:58,5000.0,5029.15,1.74,7.09,29.15,False,False,5-10,False,False,,,False,,,False,,,False,,,False,,,True,19.82,tp
72525876,buy limit,2026.02.20 13:55:07,2026.02.20 15:39:52,5000.0,5029.25,1.75,7.09,29.25,False,False,5-10,False,False,,,False,,,False,,,False,,,False,,,True,19.82,tp
72517876,buy limit,2026.02.20 11:41:58,2026.02.23 01:07:26,4952.0,5126.32,61.42,36.84,174.32,False,False,>20,False,False,,,False,,,False,,,False,,,False,,,False,,
72517862,buy limit,2026.02.20 11:41:31,2026.02.23 01:07:30,4952.0,5127.05,61.43,36.84,175.05,False,False,>20,False,False,,,False,,,False,,,False,,,False,,,False,,
72517850,buy limit,2026.02.20 11:41:07,2026.02.23 01:07:35,4952.0,5127.3,61.44,36.84,175.3,False,False,>20,False,False,,,False,,,False,,,False,,,False,,,False,,
72517752,buy limit,2026.02.20 11:38:26,2026.02.24 01:07:07,5094.7,5243.03,85.48,-105.86,148.33,False,False,touched,True,True,-5.18,sl,True,-5.18,sl,True,-5.18,sl,True,-5.18,sl,True,-5.18,sl,True,-5.18,sl
72517734,buy limit,2026.02.20 11:38:04,2026.02.24 01:07:04,5094.7,5241.78,85.48,-105.86,147.08,False,False,touched,True,True,-5.18,sl,True,-5.18,sl,True,-5.18,sl,True,-5.18,sl,True,-5.18,sl,True,-5.18,sl
72517720,buy limit,2026.02.20 11:37:45,2026.02.24 01:07:01,5094.7,5242.68,85.49,-105.86,147.98,False,False,touched,True,True,-5.18,sl,True,-5.18,sl,True,-5.18,sl,True,-5.18,sl,True,-5.18,sl,True,-5.18,sl
72501446,buy limit,2026.02.20 08:04:03,2026.02.20 15:15:19,4986.5,5025.97,7.19,11.39,39.47,False,False,10-20,False,False,,,False,,,False,,,False,,,False,,,False,,
72501432,buy limit,2026.02.20 08:03:41,2026.02.20 15:15:14,4986.5,5025.76,7.19,11.39,39.26,False,False,10-20,False,False,,,False,,,False,,,False,,,False,,,False,,
72501412,buy limit,2026.02.20 08:03:19,2026.02.20 15:15:09,4986.5,5025.79,7.2,11.39,39.29,False,False,10-20,False,False,,,False,,,False,,,False,,,False,,,False,,
72426916,buy limit,2026.02.19 10:14:20,2026.02.19 16:00:18,4971.5,4996.12,5.77,2.97,24.62,False,True,2-5,False,False,,,False,,,False,,,True,19.82,tp,True,19.82,tp,True,-5.18,sl
72426908,buy limit,2026.02.19 10:14:06,2026.02.19 16:00:23,4971.5,4996.88,5.77,2.97,25.38,False,True,2-5,False,False,,,False,,,False,,,True,19.82,tp,True,19.82,tp,True,-5.18,sl
72416074,buy limit,2026.02.19 07:11:01,2026.02.19 10:21:58,4932.0,5013.78,3.18,44.95,81.78,False,False,>20,False,False,,,False,,,False,,,False,,,False,,,False,,
72416054,buy limit,2026.02.19 07:10:37,2026.02.19 10:21:56,4932.0,5013.79,3.19,44.95,81.79,False,False,>20,False,False,,,False,,,False,,,False,,,False,,,False,,
72415989,buy limit,2026.02.19 07:09:56,2026.02.19 10:21:54,4932.0,5013.85,3.2,44.95,81.85,False,False,>20,False,False,,,False,,,False,,,False,,,False,,,False,,
72372430,buy limit,2026.02.18 15:49:51,2026.02.18 19:00:28,4925.3,5001.46,3.18,3.01,76.16,False,True,2-5,False,False,,,False,,,False,,,False,,,True,19.82,tp,True,-5.18,sl
72372414,buy limit,2026.02.18 15:49:33,2026.02.18 19:00:32,4925.3,5001.42,3.18,3.01,76.12,False,True,2-5,False,False,,,False,,,False,,,False,,,True,19.82,tp,True,-5.18,sl
72372406,buy limit,2026.02.18 15:49:18,2026.02.18 19:00:35,4925.3,5001.46,3.19,3.01,76.16,False,True,2-5,False,False,,,False,,,False,,,False,,,True,19.82,tp,True,-5.18,sl
72363579,buy limit,2026.02.18 14:20:52,2026.02.20 23:40:01,4949.0,5099.07,57.32,-42.68,150.07,False,False,touched,True,True,-5.18,sl,True,-5.18,sl,True,-5.18,sl,True,-5.18,sl,True,-5.18,sl,True,-5.18,sl
72363549,buy limit,2026.02.18 14:20:39,2026.02.20 23:39:56,4949.0,5099.97,57.32,-42.68,150.97,False,False,touched,True,True,-5.18,sl,True,-5.18,sl,True,-5.18,sl,True,-5.18,sl,True,-5.18,sl,True,-5.18,sl
72363500,buy limit,2026.02.18 14:20:24,2026.02.20 23:39:53,4949.0,5099.85,57.32,-42.68,150.85,False,False,touched,True,True,-5.18,sl,True,-5.18,sl,True,-5.18,sl,True,-5.18,sl,True,-5.18,sl,True,-5.18,sl
72269369,sell limit,2026.02.17 13:45:36,2026.02.18 01:56:31,4953.0,4856.69,12.18,8.59,96.31,False,False,5-10,False,False,,,False,,,False,,,False,,,False,,,True,19.82,tp
72269359,sell limit,2026.02.17 13:45:22,2026.02.18 01:56:27,4953.0,4857.16,12.18,8.59,95.84,False,False,5-10,False,False,,,False,,,False,,,False,,,False,,,True,19.82,tp
72269342,sell limit,2026.02.17 13:45:09,2026.02.18 01:56:22,4953.0,4857.55,12.19,8.59,95.45,False,False,5-10,False,False,,,False,,,False,,,False,,,False,,,True,19.82,tp
72162445,buy limit,2026.02.16 09:59:42,2026.02.17 02:24:32,4956.5,4977.02,16.41,12.32,20.52,False,False,10-20,False,False,,,False,,,False,,,False,,,False,,,False,,
72162438,buy limit,2026.02.16 09:59:28,2026.02.17 02:24:36,4956.5,4976.93,16.42,12.32,20.43,False,False,10-20,False,False,,,False,,,False,,,False,,,False,,,False,,
72162434,buy limit,2026.02.16 09:59:16,2026.02.17 02:24:29,4956.5,4977.07,16.42,12.32,20.57,False,False,10-20,False,False,,,False,,,False,,,False,,,False,,,False,,
72074345,buy limit,2026.02.13 15:50:23,2026.02.13 18:57:18,4956.0,5017.26,3.12,1.52,61.26,True,True,1-2,False,False,,,False,,,True,19.82,tp,True,19.82,tp,True,19.82,tp,True,-5.18,sl
72074270,buy limit,2026.02.13 15:50:02,2026.02.13 18:57:17,4956.0,5016.55,3.12,1.52,60.55,True,True,1-2,False,False,,,False,,,True,19.82,tp,True,19.82,tp,True,19.82,tp,True,-5.18,sl
72074231,buy limit,2026.02.13 15:49:48,2026.02.13 18:57:16,4956.0,5016.48,3.12,1.52,60.48,True,True,1-2,False,False,,,False,,,True,19.82,tp,True,19.82,tp,True,19.82,tp,True,-5.18,sl
72057968,sell limit,2026.02.13 13:14:57,2026.02.13 15:33:20,5000.0,4985.52,2.31,19.25,14.48,False,False,10-20,False,False,,,False,,,False,,,False,,,False,,,False,,
72057954,sell limit,2026.02.13 13:14:41,2026.02.13 15:33:19,5000.0,4985.25,2.31,19.25,14.75,False,False,10-20,False,False,,,False,,,False,,,False,,,False,,,False,,
72057915,sell limit,2026.02.13 13:14:24,2026.02.13 15:33:17,5000.0,4985.23,2.31,19.25,14.77,False,False,10-20,False,False,,,False,,,False,,,False,,,False,,,False,,
72015562,buy limit,2026.02.13 06:55:39,2026.02.13 13:56:22,4933.5,4950.24,7.01,9.96,16.74,False,False,5-10,False,False,,,False,,,False,,,False,,,False,,,False,,
72015545,buy limit,2026.02.13 06:55:22,2026.02.13 13:56:20,4933.5,4950.24,7.02,9.96,16.74,False,False,5-10,False,False,,,False,,,False,,,False,,,False,,,False,,
72015535,buy limit,2026.02.13 06:55:07,2026.02.13 13:56:18,4933.5,4950.19,7.02,9.96,16.69,False,False,5-10,False,False,,,False,,,False,,,False,,,False,,,False,,
72015505,buy limit,2026.02.13 06:54:13,2026.02.13 19:35:29,4899.0,5024.3,12.69,34.49,125.3,False,False,>20,False,False,,,False,,,False,,,False,,,False,,,False,,
72015489,buy limit,2026.02.13 06:53:57,2026.02.13 19:35:27,4899.0,5024.64,12.69,34.49,125.64,False,False,>20,False,False,,,False,,,False,,,False,,,False,,,False,,
72015477,buy limit,2026.02.13 06:53:40,2026.02.13 19:35:26,4899.0,5024.64,12.7,34.49,125.64,False,False,>20,False,False,,,False,,,False,,,False,,,False,,,False,,
71847254,sell limit,2026.02.12 03:44:41,2026.02.12 16:04:21,5086.0,5070.57,12.33,5.1,15.43,False,False,5-10,False,False,,,False,,,False,,,False,,,False,,,True,19.82,tp
71847231,sell limit,2026.02.12 03:44:16,2026.02.12 16:04:20,5086.0,5070.62,12.33,5.1,15.38,False,False,5-10,False,False,,,False,,,False,,,False,,,False,,,True,19.82,tp
71847212,sell limit,2026.02.12 03:44:02,2026.02.12 16:04:19,5086.0,5070.63,12.34,5.1,15.37,False,False,5-10,False,False,,,False,,,False,,,False,,,False,,,True,19.82,tp
71753142,buy limit,2026.02.11 12:09:30,2026.02.11 12:57:38,5026.0,5094.04,0.8,20.94,68.04,False,False,>20,False,False,,,False,,,False,,,False,,,False,,,False,,
71753138,buy limit,2026.02.11 12:09:18,2026.02.11 12:57:37,5026.0,5094.12,0.81,20.94,68.12,False,False,>20,False,False,,,False,,,False,,,False,,,False,,,False,,
71753132,buy limit,2026.02.11 12:09:06,2026.02.11 12:57:35,5026.0,5093.94,0.81,20.94,67.94,False,False,>20,False,False,,,False,,,False,,,False,,,False,,,False,,
71726221,buy limit,2026.02.11 07:01:15,2026.02.11 12:06:16,5017.5,5066.5,5.08,25.97,49.0,False,False,>20,False,False,,,False,,,False,,,False,,,False,,,False,,
71726194,buy limit,2026.02.11 07:00:59,2026.02.11 12:06:14,5017.5,5066.48,5.09,25.97,48.98,False,False,>20,False,False,,,False,,,False,,,False,,,False,,,False,,
71726150,buy limit,2026.02.11 07:00:39,2026.02.11 12:06:12,5017.5,5066.58,5.09,25.97,49.08,False,False,>20,False,False,,,False,,,False,,,False,,,False,,,False,,
71700795,buy limit,2026.02.11 01:11:25,2026.02.11 06:58:52,5011.0,5048.91,5.79,16.3,37.91,False,False,10-20,False,False,,,False,,,False,,,False,,,False,,,False,,
71700791,buy limit,2026.02.11 01:11:09,2026.02.11 06:58:49,5011.0,5048.92,5.79,16.3,37.92,False,False,10-20,False,False,,,False,,,False,,,False,,,False,,,False,,
71700782,buy limit,2026.02.11 01:10:54,2026.02.11 06:58:34,5011.0,5048.51,5.79,16.3,37.51,False,False,10-20,False,False,,,False,,,False,,,False,,,False,,,False,,
71639795,buy limit,2026.02.10 13:15:06,2026.02.10 15:08:55,5019.0,5034.75,1.9,17.99,15.75,False,False,10-20,False,False,,,False,,,False,,,False,,,False,,,False,,
71639768,buy limit,2026.02.10 13:14:41,2026.02.10 15:08:53,5019.0,5034.77,1.9,17.99,15.77,False,False,10-20,False,False,,,False,,,False,,,False,,,False,,,False,,
71639755,buy limit,2026.02.10 13:14:26,2026.02.10 15:08:51,5019.0,5034.96,1.91,17.99,15.96,False,False,10-20,False,False,,,False,,,False,,,False,,,False,,,False,,
71623202,buy limit,2026.02.10 10:16:45,2026.02.10 16:19:17,4965.0,5074.48,6.04,54.22,109.48,False,False,>20,False,False,,,False,,,False,,,False,,,False,,,False,,
71623165,buy limit,2026.02.10 10:16:30,2026.02.10 16:19:16,4965.0,5074.47,6.05,54.22,109.47,False,False,>20,False,False,,,False,,,False,,,False,,,False,,,False,,
71623155,buy limit,2026.02.10 10:16:15,2026.02.10 16:19:14,4965.0,5074.15,6.05,54.22,109.15,False,False,>20,False,False,,,False,,,False,,,False,,,False,,,False,,
71532786,sell limit,2026.02.09 15:47:22,2026.02.09 16:44:51,5042.0,5037.05,0.96,17.31,4.95,False,False,10-20,False,False,,,False,,,False,,,False,,,False,,,False,,
71532764,sell limit,2026.02.09 15:47:05,2026.02.09 16:44:50,5042.0,5036.93,0.96,17.31,5.07,False,False,10-20,False,False,,,False,,,False,,,False,,,False,,,False,,
71532738,sell limit,2026.02.09 15:46:51,2026.02.09 16:44:48,5042.0,5037.0,0.97,17.31,5.0,False,False,10-20,False,False,,,False,,,False,,,False,,,False,,,False,,
71509246,buy limit,2026.02.09 12:24:46,2026.02.09 17:59:47,4978.5,5057.61,5.58,3.66,79.11,False,True,2-5,False,False,,,False,,,False,,,False,,,True,19.82,tp,True,-5.18,sl
71509231,buy limit,2026.02.09 12:24:28,2026.02.09 17:59:46,4978.5,5057.45,5.59,3.66,78.95,False,True,2-5,False,False,,,False,,,False,,,False,,,True,19.82,tp,True,-5.18,sl
71509185,buy limit,2026.02.09 12:23:55,2026.02.09 17:59:44,4978.5,5057.46,5.6,3.66,78.96,False,True,2-5,False,False,,,False,,,False,,,False,,,True,19.82,tp,True,-5.18,sl
71502603,buy limit,2026.02.09 11:25:54,2026.02.09 12:23:21,4996.0,5011.22,0.96,20.43,15.22,False,False,>20,False,False,,,False,,,False,,,False,,,False,,,False,,
71502595,buy limit,2026.02.09 11:25:36,2026.02.09 12:23:20,4996.0,5012.1,0.96,20.43,16.1,False,False,>20,False,False,,,False,,,False,,,False,,,False,,,False,,
71502587,buy limit,2026.02.09 11:25:22,2026.02.09 12:23:18,4996.0,5012.24,0.97,20.43,16.24,False,False,>20,False,False,,,False,,,False,,,False,,,False,,,False,,
71444390,buy limit,2026.02.09 02:25:22,2026.02.09 03:45:23,4974.5,5010.33,1.33,21.99,35.83,False,False,>20,False,False,,,False,,,False,,,False,,,False,,,False,,
71444318,buy limit,2026.02.09 02:25:03,2026.02.09 03:45:21,4974.5,5010.31,1.34,21.99,35.81,False,False,>20,False,False,,,False,,,False,,,False,,,False,,,False,,
71444249,buy limit,2026.02.09 02:24:39,2026.02.09 03:45:19,4974.5,5009.82,1.34,12.7,35.32,False,False,10-20,False,False,,,False,,,False,,,False,,,False,,,False,,
